"Estimator","Version","etahat_0","etahat_1","rdhat","rrhat","cov_00","cov_01","cov_11","var_rd","var_rr","eta_0","eta_1","rd","rr","seed","n_trial","n_aux","mu_correct","pi_correct","run_id","replicate"
"G-Formula","Naive",0.471631282970266,0.346696953069986,-0.12493432990028,0.735101689791522,0.00274729729779335,-6.11177321997364e-05,0.0029550814523594,0.00582461421455222,0.0203631829874148,0.492,0.44,-0.052,0.894308943089431,11000001,500,500,TRUE,TRUE,"parametric_mc20",1
"G-Formula","Proposed",0.540799955324686,0.346185982293969,-0.194613973030717,0.640136854460585,0.00316920635321058,-3.81866749448508e-05,0.00402609159845438,0.00727167130155466,0.0183736537364386,0.492,0.44,-0.052,0.894308943089431,11000001,500,500,TRUE,TRUE,"parametric_mc20",1
"IPW","Naive",0.522946127903654,0.411465270574829,-0.111480857328825,0.786821526386053,0.00454691806441463,-0.000195417540087221,0.00458991286356867,0.00952766600815775,0.0282016251820055,0.492,0.44,-0.052,0.894308943089431,11000001,500,500,TRUE,TRUE,"parametric_mc20",1
"IPW","Proposed",0.538627322699213,0.364115553315057,-0.174511769384156,0.676006466753992,0.00328897090232259,0.000394719695278864,0.00504979232909353,0.00754932384085839,0.0207470988463822,0.492,0.44,-0.052,0.894308943089431,11000001,500,500,TRUE,TRUE,"parametric_mc20",1
"AIPW","Naive",0.471383039669274,0.346946055575214,-0.124436984094061,0.736017264894879,0.00274883675964473,-6.03068310968706e-05,0.00295354491361746,0.00582299533545593,0.0203932592788743,0.492,0.44,-0.052,0.894308943089431,11000001,500,500,TRUE,TRUE,"parametric_mc20",1
"AIPW","Proposed",0.539575922552578,0.353864306857302,-0.185711615695276,0.655819305619257,0.00339928015222888,0.000206312258388403,0.0042384795815007,0.00722513521695277,0.0186503356953142,0.492,0.44,-0.052,0.894308943089431,11000001,500,500,TRUE,TRUE,"parametric_mc20",1
"G-Formula","Naive",0.486293399134156,0.358158661649679,-0.128134737484477,0.736507347801511,0.0029725517331791,-4.75381856310631e-05,0.00294461967262546,0.00601224777706669,0.0195663877132224,0.492,0.44,-0.052,0.894308943089431,11000001,500,500,FALSE,TRUE,"parametric_mc20",1
"G-Formula","Proposed",0.47943843936769,0.375536317920956,-0.103902121446735,0.783283706697013,0.00323393005276097,-2.28140883095979e-05,0.00282354610261008,0.00610310433199024,0.0210710182349711,0.492,0.44,-0.052,0.894308943089431,11000001,500,500,FALSE,TRUE,"parametric_mc20",1
"IPW","Naive",0.522946127903654,0.411465270574829,-0.111480857328825,0.786821526386053,0.00454691806441463,-0.000195417540087221,0.00458991286356867,0.00952766600815775,0.0282016251820055,0.492,0.44,-0.052,0.894308943089431,11000001,500,500,FALSE,TRUE,"parametric_mc20",1
"IPW","Proposed",0.538627322699213,0.364115553315057,-0.174511769384156,0.676006466753992,0.00328897090232259,0.000394719695278864,0.00504979232909353,0.00754932384085839,0.0207470988463822,0.492,0.44,-0.052,0.894308943089431,11000001,500,500,FALSE,TRUE,"parametric_mc20",1
"AIPW","Naive",0.49664588972168,0.356797539262217,-0.139848350459463,0.718414360505764,0.00291311444527359,-4.73890065411421e-05,0.00293839719409927,0.00594628965245515,0.0182844954804392,0.492,0.44,-0.052,0.894308943089431,11000001,500,500,FALSE,TRUE,"parametric_mc20",1
"AIPW","Proposed",0.527278704940896,0.352367667363826,-0.17491103757707,0.668275930853919,0.00318931917350086,0.000178148592145695,0.0045213776997371,0.00735439968894657,0.0205292476736994,0.492,0.44,-0.052,0.894308943089431,11000001,500,500,FALSE,TRUE,"parametric_mc20",1
"G-Formula","Naive",0.471631282970266,0.346696953069986,-0.12493432990028,0.735101689791522,0.00274729729779335,-6.11177321997364e-05,0.0029550814523594,0.00582461421455222,0.0203631829874148,0.492,0.44,-0.052,0.894308943089431,11000001,500,500,TRUE,FALSE,"parametric_mc20",1
"G-Formula","Proposed",0.540799955324686,0.346185982293969,-0.194613973030717,0.640136854460585,0.00316920635321058,-3.81866749448508e-05,0.00402609159845438,0.00727167130155466,0.0183736537364386,0.492,0.44,-0.052,0.894308943089431,11000001,500,500,TRUE,FALSE,"parametric_mc20",1
"IPW","Naive",0.512291232627581,0.411262152363448,-0.101029080264133,0.802789753504179,0.00461647354814197,-0.000220553734946173,0.00457791465793657,0.00963549567597088,0.0301293507944586,0.492,0.44,-0.052,0.894308943089431,11000001,500,500,TRUE,FALSE,"parametric_mc20",1
"IPW","Proposed",0.488291164319401,0.369983821724994,-0.118307342594407,0.757711481920202,0.00358693002549153,0.000438806364764738,0.0033116018941645,0.00602091919012655,0.0197374962673295,0.492,0.44,-0.052,0.894308943089431,11000001,500,500,TRUE,FALSE,"parametric_mc20",1
"AIPW","Naive",0.471513455676915,0.346908832768548,-0.124604622908367,0.735734746467666,0.00274855321969899,-6.05297898123241e-05,0.00295026503939736,0.00581987783872099,0.0203627181823269,0.492,0.44,-0.052,0.894308943089431,11000001,500,500,TRUE,FALSE,"parametric_mc20",1
"AIPW","Proposed",0.53972835137745,0.341616204720369,-0.198112146657081,0.632941004207995,0.00338633391385082,0.000211768504770989,0.00426328773792583,0.00722608464223468,0.0183717977027031,0.492,0.44,-0.052,0.894308943089431,11000001,500,500,TRUE,FALSE,"parametric_mc20",1
"G-Formula","Naive",0.486293399134156,0.358158661649679,-0.128134737484477,0.736507347801511,0.0029725517331791,-4.75381856310631e-05,0.00294461967262546,0.00601224777706669,0.0195663877132224,0.492,0.44,-0.052,0.894308943089431,11000001,500,500,FALSE,FALSE,"parametric_mc20",1
"G-Formula","Proposed",0.47943843936769,0.375536317920956,-0.103902121446735,0.783283706697013,0.00323393005276097,-2.28140883095979e-05,0.00282354610261008,0.00610310433199024,0.0210710182349711,0.492,0.44,-0.052,0.894308943089431,11000001,500,500,FALSE,FALSE,"parametric_mc20",1
"IPW","Naive",0.512291232627581,0.411262152363448,-0.101029080264133,0.802789753504179,0.00461647354814197,-0.000220553734946173,0.00457791465793657,0.00963549567597088,0.0301293507944586,0.492,0.44,-0.052,0.894308943089431,11000001,500,500,FALSE,FALSE,"parametric_mc20",1
"IPW","Proposed",0.488291164319401,0.369983821724994,-0.118307342594407,0.757711481920202,0.00358693002549153,0.000438806364764738,0.0033116018941645,0.00602091919012655,0.0197374962673295,0.492,0.44,-0.052,0.894308943089431,11000001,500,500,FALSE,FALSE,"parametric_mc20",1
"AIPW","Naive",0.486014477789809,0.358384113138156,-0.127630364651653,0.737393903918124,0.00297372524706244,-4.77639786872222e-05,0.00293941603072801,0.00600866923516489,0.0195877344710865,0.492,0.44,-0.052,0.894308943089431,11000001,500,500,FALSE,FALSE,"parametric_mc20",1
"AIPW","Proposed",0.478141026594551,0.371740081399595,-0.106400945194956,0.777469534558094,0.00363319918704298,0.000269655001444822,0.00301622272701991,0.00611011191117324,0.0209652236171177,0.492,0.44,-0.052,0.894308943089431,11000001,500,500,FALSE,FALSE,"parametric_mc20",1
"G-Formula","Naive",0.471816668855152,0.399800789044883,-0.0720158798102683,0.84736469784967,0.000233144824061144,-1.7727878618622e-05,0.000339164599400102,0.000607765180698491,0.0024105407803705,0.4956,0.3832,-0.1124,0.77320419693301,11000002,5000,500,TRUE,TRUE,"parametric_mc20",1
"G-Formula","Proposed",0.536178105011883,0.350041454205344,-0.186136650806538,0.652845483493935,0.000387783939671381,-0.000109796288771106,0.000489022888067128,0.00109639940528072,0.00277459272120948,0.4956,0.3832,-0.1124,0.77320419693301,11000002,5000,500,TRUE,TRUE,"parametric_mc20",1
"IPW","Naive",0.533766482461118,0.460972336107542,-0.0727941463535761,0.863621735823626,0.000447881981800271,-2.05823189258359e-05,0.000590576181080453,0.0010796228007324,0.00337014333980112,0.4956,0.3832,-0.1124,0.77320419693301,11000002,5000,500,TRUE,TRUE,"parametric_mc20",1
"IPW","Proposed",0.537136272996399,0.350673757101918,-0.186462515894481,0.652858082262243,0.000846737223313674,0.000405073303775748,0.000937392468753005,0.000973983084515183,0.00266669032010326,0.4956,0.3832,-0.1124,0.77320419693301,11000002,5000,500,TRUE,TRUE,"parametric_mc20",1
"AIPW","Naive",0.471751082218158,0.399805510932373,-0.0719455712857848,0.847492514595835,0.000233141646073032,-1.77330147092242e-05,0.000339111272886435,0.000607718948377916,0.00241124764532048,0.4956,0.3832,-0.1124,0.77320419693301,11000002,5000,500,TRUE,TRUE,"parametric_mc20",1
"AIPW","Proposed",0.536216633886563,0.35156218852841,-0.184654445358153,0.655634619128178,0.00080254975126897,0.000365388279524896,0.0009360903341235,0.00100786352634268,0.00278911472050911,0.4956,0.3832,-0.1124,0.77320419693301,11000002,5000,500,TRUE,TRUE,"parametric_mc20",1
"G-Formula","Naive",0.511160196551282,0.452250587262202,-0.0589096092890796,0.884753136714217,0.000261995823035392,-4.86599228662963e-06,0.000365020682139068,0.00063674848974772,0.00221489508894871,0.4956,0.3832,-0.1124,0.77320419693301,11000002,5000,500,FALSE,TRUE,"parametric_mc20",1
"G-Formula","Proposed",0.513910311297058,0.449031964983487,-0.0648783463135706,0.873755507746431,0.000296292537646591,-2.65792635067678e-05,0.000386426371250601,0.000735877435910728,0.00249552659156359,0.4956,0.3832,-0.1124,0.77320419693301,11000002,5000,500,FALSE,TRUE,"parametric_mc20",1
"IPW","Naive",0.533766482461118,0.460972336107542,-0.0727941463535761,0.863621735823626,0.000447881981800271,-2.05823189258359e-05,0.000590576181080453,0.0010796228007324,0.00337014333980112,0.4956,0.3832,-0.1124,0.77320419693301,11000002,5000,500,FALSE,TRUE,"parametric_mc20",1
"IPW","Proposed",0.537136272996399,0.350673757101918,-0.186462515894481,0.652858082262243,0.000846737223313674,0.000405073303775748,0.000937392468753005,0.000973983084515183,0.00266669032010326,0.4956,0.3832,-0.1124,0.77320419693301,11000002,5000,500,FALSE,TRUE,"parametric_mc20",1
"AIPW","Naive",0.516520137090969,0.449636922816267,-0.0668832142747018,0.8705118939769,0.000252503795175361,-3.12675781644734e-07,0.000362233452652569,0.00061536259939122,0.00207697658226901,0.4956,0.3832,-0.1124,0.77320419693301,11000002,5000,500,FALSE,TRUE,"parametric_mc20",1
"AIPW","Proposed",0.5326106181991,0.353473305072623,-0.179137313126477,0.663661769019572,0.000727103754596541,0.000448848426626623,0.00118444309137499,0.00101384999271829,0.00320412307742671,0.4956,0.3832,-0.1124,0.77320419693301,11000002,5000,500,FALSE,TRUE,"parametric_mc20",1
"G-Formula","Naive",0.471816668855152,0.399800789044883,-0.0720158798102683,0.84736469784967,0.000233144824061144,-1.7727878618622e-05,0.000339164599400102,0.000607765180698491,0.0024105407803705,0.4956,0.3832,-0.1124,0.77320419693301,11000002,5000,500,TRUE,FALSE,"parametric_mc20",1
"G-Formula","Proposed",0.536178105011883,0.350041454205344,-0.186136650806538,0.652845483493935,0.000387783939671381,-0.000109796288771106,0.000489022888067128,0.00109639940528072,0.00277459272120948,0.4956,0.3832,-0.1124,0.77320419693301,11000002,5000,500,TRUE,FALSE,"parametric_mc20",1
"IPW","Naive",0.528260886539664,0.463388459380393,-0.0648724271592708,0.877196232368796,0.000465318541713683,-3.56969557189374e-05,0.000604813520215641,0.0011415259733672,0.00367480739969317,0.4956,0.3832,-0.1124,0.77320419693301,11000002,5000,500,TRUE,FALSE,"parametric_mc20",1
"IPW","Proposed",0.518134076175144,0.44842514388511,-0.069708932290034,0.865461594796806,0.00106057163725441,0.000596507011939172,0.000904471710076753,0.000772029323452816,0.0024821202735269,0.4956,0.3832,-0.1124,0.77320419693301,11000002,5000,500,TRUE,FALSE,"parametric_mc20",1
"AIPW","Naive",0.471738623569266,0.399789949645392,-0.0719486739238748,0.847481909834948,0.000233158973864285,-1.77276175553904e-05,0.000339138462165101,0.000607752671140168,0.00241149148327352,0.4956,0.3832,-0.1124,0.77320419693301,11000002,5000,500,TRUE,FALSE,"parametric_mc20",1
"AIPW","Proposed",0.536592039324466,0.350037870016975,-0.186554169307491,0.652335190171008,0.00080029989234706,0.000362829356518157,0.000930725109689878,0.00100536628900062,0.00277119492431856,0.4956,0.3832,-0.1124,0.77320419693301,11000002,5000,500,TRUE,FALSE,"parametric_mc20",1
"G-Formula","Naive",0.511160196551282,0.452250587262202,-0.0589096092890796,0.884753136714217,0.000261995823035392,-4.86599228662963e-06,0.000365020682139068,0.00063674848974772,0.00221489508894871,0.4956,0.3832,-0.1124,0.77320419693301,11000002,5000,500,FALSE,FALSE,"parametric_mc20",1
"G-Formula","Proposed",0.513910311297058,0.449031964983487,-0.0648783463135706,0.873755507746431,0.000296292537646591,-2.65792635067678e-05,0.000386426371250601,0.000735877435910728,0.00249552659156359,0.4956,0.3832,-0.1124,0.77320419693301,11000002,5000,500,FALSE,FALSE,"parametric_mc20",1
"IPW","Naive",0.528260886539664,0.463388459380393,-0.0648724271592708,0.877196232368796,0.000465318541713683,-3.56969557189374e-05,0.000604813520215641,0.0011415259733672,0.00367480739969317,0.4956,0.3832,-0.1124,0.77320419693301,11000002,5000,500,FALSE,FALSE,"parametric_mc20",1
"IPW","Proposed",0.518134076175144,0.44842514388511,-0.069708932290034,0.865461594796806,0.00106057163725441,0.000596507011939172,0.000904471710076753,0.000772029323452816,0.0024821202735269,0.4956,0.3832,-0.1124,0.77320419693301,11000002,5000,500,FALSE,FALSE,"parametric_mc20",1
"AIPW","Naive",0.51106923381367,0.452236284608472,-0.0588329492051979,0.884882623893874,0.000262032865506843,-4.85838111397338e-06,0.000365027903588275,0.000636777531323064,0.00221600539633225,0.4956,0.3832,-0.1124,0.77320419693301,11000002,5000,500,FALSE,FALSE,"parametric_mc20",1
"AIPW","Proposed",0.513956616913595,0.449098884017437,-0.0648577328961582,0.873806989224809,0.000981846972089465,0.000548188135776688,0.00087061600978281,0.000756086710318899,0.00250717151826786,0.4956,0.3832,-0.1124,0.77320419693301,11000002,5000,500,FALSE,FALSE,"parametric_mc20",1
"G-Formula","Naive",0.480769968480245,0.400872084314001,-0.0798978841662441,0.833812655938539,0.00282302210844699,-0.000149415263031076,0.00448516820763457,0.0076070208421437,0.028973919095508,0.526,0.408,-0.118,0.775665399239544,11000003,500,5000,TRUE,TRUE,"parametric_mc20",1
"G-Formula","Proposed",0.53747606734833,0.374020180774036,-0.163455886574294,0.695882483883025,0.00241432764052661,-1.53056093523515e-05,0.00483626334611828,0.00728120220534959,0.0208622897974537,0.526,0.408,-0.118,0.775665399239544,11000003,500,5000,TRUE,TRUE,"parametric_mc20",1
"IPW","Naive",0.525419103925757,0.463163449548027,-0.0622556543777302,0.881512389038433,0.00459163575656933,-0.000228364183969706,0.00587623713627525,0.010924601260784,0.0356685409133123,0.526,0.408,-0.118,0.775665399239544,11000003,500,5000,TRUE,TRUE,"parametric_mc20",1
"IPW","Proposed",0.522520792463046,0.378056946553942,-0.144463845909104,0.723525172600054,0.00232799190187614,3.97567375061015e-05,0.00506896976981518,0.00731744819667911,0.022818603423175,0.526,0.408,-0.118,0.775665399239544,11000003,500,5000,TRUE,TRUE,"parametric_mc20",1
"AIPW","Naive",0.479544886932042,0.400769346929141,-0.0787755400029012,0.835728537307781,0.00282146090806876,-0.000147696126321189,0.00448978183317556,0.0076066349938867,0.0291667276471275,0.526,0.408,-0.118,0.775665399239544,11000003,500,5000,TRUE,TRUE,"parametric_mc20",1
"AIPW","Proposed",0.537119729456203,0.374413866158339,-0.162705863297864,0.697077105205961,0.00246625258179146,2.94447644038367e-06,0.00469839206924436,0.00715875569815505,0.0204254029755333,0.526,0.408,-0.118,0.775665399239544,11000003,500,5000,TRUE,TRUE,"parametric_mc20",1
"G-Formula","Naive",0.524038559910984,0.46880884182463,-0.0552297180863544,0.894607530224997,0.00285035028641592,-4.80427376137387e-05,0.0043742301897885,0.0073206659514319,0.0245483828524371,0.526,0.408,-0.118,0.775665399239544,11000003,500,5000,FALSE,TRUE,"parametric_mc20",1
"G-Formula","Proposed",0.52018806373626,0.477422588618543,-0.0427654751177168,0.91778843441629,0.00291599577805032,-4.96814268194556e-06,0.00407817761965506,0.00700410968306927,0.0241820029124304,0.526,0.408,-0.118,0.775665399239544,11000003,500,5000,FALSE,TRUE,"parametric_mc20",1
"IPW","Naive",0.525419103925757,0.463163449548027,-0.0622556543777302,0.881512389038433,0.00459163575656933,-0.000228364183969706,0.00587623713627525,0.010924601260784,0.0356685409133123,0.526,0.408,-0.118,0.775665399239544,11000003,500,5000,FALSE,TRUE,"parametric_mc20",1
"IPW","Proposed",0.522520792463046,0.378056946553942,-0.144463845909104,0.723525172600054,0.00232799190187614,3.97567375061015e-05,0.00506896976981518,0.00731744819667911,0.022818603423175,0.526,0.408,-0.118,0.775665399239544,11000003,500,5000,FALSE,TRUE,"parametric_mc20",1
"AIPW","Naive",0.543963851466833,0.460540157648725,-0.0834236938181084,0.84663743079039,0.00274685041501737,-1.06654836188221e-05,0.00435757806317395,0.00712575944542897,0.0214418300085325,0.526,0.408,-0.118,0.775665399239544,11000003,500,5000,FALSE,TRUE,"parametric_mc20",1
"AIPW","Proposed",0.529487956556147,0.37093295691077,-0.158554999645376,0.700550319073096,0.0024192571670187,1.5964886543705e-05,0.00525887957394144,0.00764620696787273,0.022912930465306,0.526,0.408,-0.118,0.775665399239544,11000003,500,5000,FALSE,TRUE,"parametric_mc20",1
"G-Formula","Naive",0.480769968480245,0.400872084314001,-0.0798978841662441,0.833812655938539,0.00282302210844699,-0.000149415263031076,0.00448516820763457,0.0076070208421437,0.028973919095508,0.526,0.408,-0.118,0.775665399239544,11000003,500,5000,TRUE,FALSE,"parametric_mc20",1
"G-Formula","Proposed",0.53747606734833,0.374020180774036,-0.163455886574294,0.695882483883025,0.00241432764052661,-1.53056093523515e-05,0.00483626334611828,0.00728120220534959,0.0208622897974537,0.526,0.408,-0.118,0.775665399239544,11000003,500,5000,TRUE,FALSE,"parametric_mc20",1
"IPW","Naive",0.505759188494277,0.47079596129917,-0.034963227195107,0.930869813163063,0.00471627774532823,-0.000419377640763033,0.0060850933036315,0.0116401263304858,0.0428183541015985,0.526,0.408,-0.118,0.775665399239544,11000003,500,5000,TRUE,FALSE,"parametric_mc20",1
"IPW","Proposed",0.515596072850851,0.472435296438597,-0.0431607764122539,0.916289555555364,0.00285260810358243,6.050813079734e-05,0.00363580666171354,0.00636739850370129,0.0222688364362379,0.526,0.408,-0.118,0.775665399239544,11000003,500,5000,TRUE,FALSE,"parametric_mc20",1
"AIPW","Naive",0.48068688225589,0.400491130400106,-0.0801957518557838,0.833164259695582,0.00282314959138994,-0.000149669538718013,0.00447703224222771,0.00759952091105368,0.0289368972027779,0.526,0.408,-0.118,0.775665399239544,11000003,500,5000,TRUE,FALSE,"parametric_mc20",1
"AIPW","Proposed",0.537951001443612,0.371332079571886,-0.166618921871726,0.690271193055506,0.00247482553955316,1.87670465395307e-06,0.00499336392024316,0.00746443605048841,0.0213204899155317,0.526,0.408,-0.118,0.775665399239544,11000003,500,5000,TRUE,FALSE,"parametric_mc20",1
"G-Formula","Naive",0.524038559910984,0.46880884182463,-0.0552297180863544,0.894607530224997,0.00285035028641592,-4.80427376137387e-05,0.0043742301897885,0.0073206659514319,0.0245483828524371,0.526,0.408,-0.118,0.775665399239544,11000003,500,5000,FALSE,FALSE,"parametric_mc20",1
"G-Formula","Proposed",0.52018806373626,0.477422588618543,-0.0427654751177168,0.91778843441629,0.00291599577805032,-4.96814268194556e-06,0.00407817761965506,0.00700410968306927,0.0241820029124304,0.526,0.408,-0.118,0.775665399239544,11000003,500,5000,FALSE,FALSE,"parametric_mc20",1
"IPW","Naive",0.505759188494277,0.47079596129917,-0.034963227195107,0.930869813163063,0.00471627774532823,-0.000419377640763033,0.0060850933036315,0.0116401263304858,0.0428183541015985,0.526,0.408,-0.118,0.775665399239544,11000003,500,5000,FALSE,FALSE,"parametric_mc20",1
"IPW","Proposed",0.515596072850851,0.472435296438597,-0.0431607764122539,0.916289555555364,0.00285260810358243,6.050813079734e-05,0.00363580666171354,0.00636739850370129,0.0222688364362379,0.526,0.408,-0.118,0.775665399239544,11000003,500,5000,FALSE,FALSE,"parametric_mc20",1
"AIPW","Naive",0.524317526554173,0.468535911609561,-0.0557816149446121,0.893611004554415,0.00285415187420642,-4.96192021390718e-05,0.00436319167011788,0.00731658194860244,0.0244845808786029,0.526,0.408,-0.118,0.775665399239544,11000003,500,5000,FALSE,FALSE,"parametric_mc20",1
"AIPW","Proposed",0.522410552668289,0.474526045467763,-0.0478845072005256,0.908339318652833,0.002933168516446,1.75129920767632e-05,0.00421162979142615,0.00710977232371862,0.0241832346240111,0.526,0.408,-0.118,0.775665399239544,11000003,500,5000,FALSE,FALSE,"parametric_mc20",1
"G-Formula","Naive",0.461223941744209,0.38641961046798,-0.0748043312762294,0.837813425310616,0.000214027043358115,-1.35808877449965e-05,0.000364273915725682,0.00060546273457379,0.00252559092064433,0.5044,0.3886,-0.1158,0.770420301348136,11000004,5000,5000,TRUE,TRUE,"parametric_mc20",1
"G-Formula","Proposed",0.501275947825451,0.365575977632774,-0.135699970192677,0.729290881037985,0.000238364268310525,-8.58056201384893e-06,0.000449560423745982,0.000705085816084205,0.00234343844502686,0.5044,0.3886,-0.1158,0.770420301348136,11000004,5000,5000,TRUE,TRUE,"parametric_mc20",1
"IPW","Naive",0.533783060399072,0.418987355949991,-0.114795704449081,0.784939401480339,0.000445497054249296,-2.01146862027433e-05,0.000522266433389484,0.00100799286004427,0.00290718598162156,0.5044,0.3886,-0.1158,0.770420301348136,11000004,5000,5000,TRUE,TRUE,"parametric_mc20",1
"IPW","Proposed",0.514738857339694,0.362261829243292,-0.152477028096402,0.703777894514427,0.000255555276885603,3.82540565609486e-05,0.000504100127787521,0.000683147291551227,0.00217708822847482,0.5044,0.3886,-0.1158,0.770420301348136,11000004,5000,5000,TRUE,TRUE,"parametric_mc20",1
"AIPW","Naive",0.461250251789275,0.386354407210842,-0.0748958445784331,0.837624273834218,0.00021407818996101,-1.35801357466762e-05,0.000364135527938232,0.000605373989392594,0.00252447213033696,0.5044,0.3886,-0.1158,0.770420301348136,11000004,5000,5000,TRUE,TRUE,"parametric_mc20",1
"AIPW","Proposed",0.501093421351304,0.362859018052542,-0.138234403298762,0.724134467928188,0.000250771572948938,1.82757479987666e-05,0.000493196630233298,0.000707416707184702,0.00238247124387023,0.5044,0.3886,-0.1158,0.770420301348136,11000004,5000,5000,TRUE,TRUE,"parametric_mc20",1
"G-Formula","Naive",0.492546648207421,0.426869377506835,-0.0656772707005856,0.866657765432752,0.000255584317280224,-3.69825894617843e-06,0.000345106152534722,0.000608086987707303,0.00224022979972314,0.5044,0.3886,-0.1158,0.770420301348136,11000004,5000,5000,FALSE,TRUE,"parametric_mc20",1
"G-Formula","Proposed",0.480366203646352,0.432291424579276,-0.0480747790670759,0.899920563307429,0.000268642386467598,-2.38594508888552e-06,0.000337762220143363,0.000611176496788732,0.00242519769115365,0.5044,0.3886,-0.1158,0.770420301348136,11000004,5000,5000,FALSE,TRUE,"parametric_mc20",1
"IPW","Naive",0.533783060399072,0.418987355949991,-0.114795704449081,0.784939401480339,0.000445497054249296,-2.01146862027433e-05,0.000522266433389484,0.00100799286004427,0.00290718598162156,0.5044,0.3886,-0.1158,0.770420301348136,11000004,5000,5000,FALSE,TRUE,"parametric_mc20",1
"IPW","Proposed",0.514738857339694,0.362261829243292,-0.152477028096402,0.703777894514427,0.000255555276885603,3.82540565609486e-05,0.000504100127787521,0.000683147291551227,0.00217708822847482,0.5044,0.3886,-0.1158,0.770420301348136,11000004,5000,5000,FALSE,TRUE,"parametric_mc20",1
"AIPW","Naive",0.508747748509806,0.422018841790156,-0.0867289067196494,0.829524736033347,0.00024649139865187,-3.4826939965011e-07,0.000343088933805688,0.000590276871256858,0.00198312252749752,0.5044,0.3886,-0.1158,0.770420301348136,11000004,5000,5000,FALSE,TRUE,"parametric_mc20",1
"AIPW","Proposed",0.498494903901218,0.364206400686596,-0.134288503214622,0.730612084168403,0.000239489802106791,2.23635189669869e-05,0.000516806070538181,0.000711568834710999,0.00246266861586917,0.5044,0.3886,-0.1158,0.770420301348136,11000004,5000,5000,FALSE,TRUE,"parametric_mc20",1
"G-Formula","Naive",0.461223941744209,0.38641961046798,-0.0748043312762294,0.837813425310616,0.000214027043358115,-1.35808877449965e-05,0.000364273915725682,0.00060546273457379,0.00252559092064433,0.5044,0.3886,-0.1158,0.770420301348136,11000004,5000,5000,TRUE,FALSE,"parametric_mc20",1
"G-Formula","Proposed",0.501275947825451,0.365575977632774,-0.135699970192677,0.729290881037985,0.000238364268310525,-8.58056201384893e-06,0.000449560423745982,0.000705085816084205,0.00234343844502686,0.5044,0.3886,-0.1158,0.770420301348136,11000004,5000,5000,TRUE,FALSE,"parametric_mc20",1
"IPW","Naive",0.517703457887599,0.423888973748528,-0.0938144841390718,0.81878721745096,0.000454414901282334,-3.17053023462874e-05,0.000535610112835853,0.00105343561881076,0.00332880291370271,0.5044,0.3886,-0.1158,0.770420301348136,11000004,5000,5000,TRUE,FALSE,"parametric_mc20",1
"IPW","Proposed",0.496428352262383,0.43261954173127,-0.063808810531113,0.871464209809299,0.000319650321269632,5.66344721208836e-05,0.000401682015566985,0.00060806339259485,0.00221444620807849,0.5044,0.3886,-0.1158,0.770420301348136,11000004,5000,5000,TRUE,FALSE,"parametric_mc20",1
"AIPW","Naive",0.461224479739765,0.386399228672633,-0.0748252510671315,0.837768257423479,0.000214039558951957,-1.35774271921947e-05,0.000364266037771175,0.000605460451107522,0.00252548011992307,0.5044,0.3886,-0.1158,0.770420301348136,11000004,5000,5000,TRUE,FALSE,"parametric_mc20",1
"AIPW","Proposed",0.501139755156408,0.365008563827333,-0.136131191329076,0.728356830747566,0.00025074152907384,1.83718654283932e-05,0.000483865751782558,0.000697863549999611,0.00234976518845651,0.5044,0.3886,-0.1158,0.770420301348136,11000004,5000,5000,TRUE,FALSE,"parametric_mc20",1
"G-Formula","Naive",0.492546648207421,0.426869377506835,-0.0656772707005856,0.866657765432752,0.000255584317280224,-3.69825894617843e-06,0.000345106152534722,0.000608086987707303,0.00224022979972314,0.5044,0.3886,-0.1158,0.770420301348136,11000004,5000,5000,FALSE,FALSE,"parametric_mc20",1
"G-Formula","Proposed",0.480366203646352,0.432291424579276,-0.0480747790670759,0.899920563307429,0.000268642386467598,-2.38594508888552e-06,0.000337762220143363,0.000611176496788732,0.00242519769115365,0.5044,0.3886,-0.1158,0.770420301348136,11000004,5000,5000,FALSE,FALSE,"parametric_mc20",1
"IPW","Naive",0.517703457887599,0.423888973748528,-0.0938144841390718,0.81878721745096,0.000454414901282334,-3.17053023462874e-05,0.000535610112835853,0.00105343561881076,0.00332880291370271,0.5044,0.3886,-0.1158,0.770420301348136,11000004,5000,5000,FALSE,FALSE,"parametric_mc20",1
"IPW","Proposed",0.496428352262383,0.43261954173127,-0.063808810531113,0.871464209809299,0.000319650321269632,5.66344721208836e-05,0.000401682015566985,0.00060806339259485,0.00221444620807849,0.5044,0.3886,-0.1158,0.770420301348136,11000004,5000,5000,FALSE,FALSE,"parametric_mc20",1
"AIPW","Naive",0.492557982654487,0.426854117034295,-0.0657038656201928,0.866606840343745,0.00025559075789109,-3.69414073492759e-06,0.000345116650254868,0.000608095689615814,0.00224006594700023,0.5044,0.3886,-0.1158,0.770420301348136,11000004,5000,5000,FALSE,FALSE,"parametric_mc20",1
"AIPW","Proposed",0.480295029741423,0.431768711666127,-0.0485263180752953,0.898965604325698,0.000306858887177672,3.23642989856099e-05,0.000370657063103669,0.000612787352310122,0.00242953401767506,0.5044,0.3886,-0.1158,0.770420301348136,11000004,5000,5000,FALSE,FALSE,"parametric_mc20",1
"G-Formula","Naive",0.43308793935587,0.37445927279246,-0.0586286665634095,0.864626415940819,0.0023407602421305,-3.26706021077421e-05,0.00466474545100197,0.00707084689734795,0.0345007777339969,0.512,0.384,-0.128,0.75,11000005,500,500,TRUE,TRUE,"parametric_mc20",2
"G-Formula","Proposed",0.488573352854673,0.363431886256162,-0.12514146659851,0.743863504083216,0.0022054544642399,-2.24157084451117e-05,0.00658083009288062,0.00883111597401075,0.032821116023288,0.512,0.384,-0.128,0.75,11000005,500,500,TRUE,TRUE,"parametric_mc20",2
"IPW","Naive",0.497338736263035,0.384188282940231,-0.113150453322803,0.772488155310388,0.0040034132338065,-0.000186516902699897,0.00480424863522729,0.00918069567443358,0.0302467269536649,0.512,0.384,-0.128,0.75,11000005,500,500,TRUE,TRUE,"parametric_mc20",2
"IPW","Proposed",0.495467882803736,0.37119169604696,-0.124276186756776,0.749174081570078,0.00251726269178802,0.000363445855319021,0.00691899772051437,0.00870936870166435,0.0317215475984763,0.512,0.384,-0.128,0.75,11000005,500,500,TRUE,TRUE,"parametric_mc20",2
"AIPW","Naive",0.433970655968097,0.374535090216906,-0.0594355657511909,0.863042431708654,0.00234003371628987,-3.36911358691766e-05,0.00466586442137263,0.00707328040940086,0.0343384268347314,0.512,0.384,-0.128,0.75,11000005,500,500,TRUE,TRUE,"parametric_mc20",2
"AIPW","Proposed",0.489106384871872,0.372151725893215,-0.116954658978657,0.760880940024336,0.00232857402512427,0.000185015251295064,0.00706702439115584,0.00902556791368998,0.0339996970707257,0.512,0.384,-0.128,0.75,11000005,500,500,TRUE,TRUE,"parametric_mc20",2
"G-Formula","Naive",0.502119997517998,0.390495357681744,-0.111624639836254,0.777693299633515,0.00232201497241648,-1.66570800884454e-05,0.00325500931535371,0.00561033844794708,0.0185832327619588,0.512,0.384,-0.128,0.75,11000005,500,500,FALSE,TRUE,"parametric_mc20",2
"G-Formula","Proposed",0.50573624431213,0.388103677320066,-0.117632566992065,0.767403328681611,0.00234592476825936,-1.12120690509105e-05,0.00320412822429819,0.00557247713065937,0.0179961897661531,0.512,0.384,-0.128,0.75,11000005,500,500,FALSE,TRUE,"parametric_mc20",2
"IPW","Naive",0.497338736263035,0.384188282940231,-0.113150453322803,0.772488155310388,0.0040034132338065,-0.000186516902699897,0.00480424863522729,0.00918069567443358,0.0302467269536649,0.512,0.384,-0.128,0.75,11000005,500,500,FALSE,TRUE,"parametric_mc20",2
"IPW","Proposed",0.495467882803736,0.37119169604696,-0.124276186756776,0.749174081570078,0.00251726269178802,0.000363445855319021,0.00691899772051437,0.00870936870166435,0.0317215475984763,0.512,0.384,-0.128,0.75,11000005,500,500,FALSE,TRUE,"parametric_mc20",2
"AIPW","Naive",0.505257815669205,0.390423368647756,-0.114834447021449,0.772721087214944,0.00226522391222328,-1.58470268241444e-05,0.00325483849854669,0.00555175646441826,0.018143961467268,0.512,0.384,-0.128,0.75,11000005,500,500,FALSE,TRUE,"parametric_mc20",2
"AIPW","Proposed",0.49550615789852,0.373829261906578,-0.121676895991942,0.754439184957895,0.00230964727758307,0.000224739828636979,0.00657554244941321,0.00843571006972232,0.0307544947470333,0.512,0.384,-0.128,0.75,11000005,500,500,FALSE,TRUE,"parametric_mc20",2
"G-Formula","Naive",0.43308793935587,0.37445927279246,-0.0586286665634095,0.864626415940819,0.0023407602421305,-3.26706021077421e-05,0.00466474545100197,0.00707084689734795,0.0345007777339969,0.512,0.384,-0.128,0.75,11000005,500,500,TRUE,FALSE,"parametric_mc20",2
"G-Formula","Proposed",0.488573352854673,0.363431886256162,-0.12514146659851,0.743863504083216,0.0022054544642399,-2.24157084451117e-05,0.00658083009288062,0.00883111597401075,0.032821116023288,0.512,0.384,-0.128,0.75,11000005,500,500,TRUE,FALSE,"parametric_mc20",2
"IPW","Naive",0.495361643382114,0.384253599335833,-0.111108044046281,0.775703174578307,0.0042218129278209,-0.000311427140059931,0.00486865466485182,0.00971332187279258,0.0321624951697753,0.512,0.384,-0.128,0.75,11000005,500,500,TRUE,FALSE,"parametric_mc20",2
"IPW","Proposed",0.506785672420742,0.388152934353578,-0.118632738067164,0.765911420698821,0.00304651122231086,0.000513334400233093,0.00358557823914923,0.00560542066099391,0.0178575538094017,0.512,0.384,-0.128,0.75,11000005,500,500,TRUE,FALSE,"parametric_mc20",2
"AIPW","Naive",0.434067343533733,0.374494544347265,-0.0595727991864685,0.862756781697772,0.00234134658221119,-3.40570785849491e-05,0.00466523987872626,0.00707470061810735,0.0343221294145717,0.512,0.384,-0.128,0.75,11000005,500,500,TRUE,FALSE,"parametric_mc20",2
"AIPW","Proposed",0.488971028906321,0.363849089961138,-0.125121938945183,0.744111753972332,0.00232601919118708,0.000192402945187495,0.00681614970236387,0.00875736300317596,0.0326975034091585,0.512,0.384,-0.128,0.75,11000005,500,500,TRUE,FALSE,"parametric_mc20",2
"G-Formula","Naive",0.502119997517998,0.390495357681744,-0.111624639836254,0.777693299633515,0.00232201497241648,-1.66570800884454e-05,0.00325500931535371,0.00561033844794708,0.0185832327619588,0.512,0.384,-0.128,0.75,11000005,500,500,FALSE,FALSE,"parametric_mc20",2
"G-Formula","Proposed",0.50573624431213,0.388103677320066,-0.117632566992065,0.767403328681611,0.00234592476825936,-1.12120690509105e-05,0.00320412822429819,0.00557247713065937,0.0179961897661531,0.512,0.384,-0.128,0.75,11000005,500,500,FALSE,FALSE,"parametric_mc20",2
"IPW","Naive",0.495361643382114,0.384253599335833,-0.111108044046281,0.775703174578307,0.0042218129278209,-0.000311427140059931,0.00486865466485182,0.00971332187279258,0.0321624951697753,0.512,0.384,-0.128,0.75,11000005,500,500,FALSE,FALSE,"parametric_mc20",2
"IPW","Proposed",0.506785672420742,0.388152934353578,-0.118632738067164,0.765911420698821,0.00304651122231086,0.000513334400233093,0.00358557823914923,0.00560542066099391,0.0178575538094017,0.512,0.384,-0.128,0.75,11000005,500,500,FALSE,FALSE,"parametric_mc20",2
"AIPW","Naive",0.503401059101811,0.390544312256478,-0.112856746845333,0.775811463236298,0.0023211156597521,-1.80060074869599e-05,0.00325516453930094,0.00561229221402696,0.0184684724993569,0.512,0.384,-0.128,0.75,11000005,500,500,FALSE,FALSE,"parametric_mc20",2
"AIPW","Proposed",0.506120452077339,0.388545437829961,-0.117575014247378,0.767693611738472,0.00278328799550764,0.000315201868240495,0.00344956471731889,0.00560244897634554,0.0179808940119328,0.512,0.384,-0.128,0.75,11000005,500,500,FALSE,FALSE,"parametric_mc20",2
"G-Formula","Naive",0.47054334284985,0.390360924376051,-0.080182418473799,0.829596104817521,0.000213096687514462,-1.53371601802501e-05,0.000381943231227322,0.000625714239102283,0.00250235942561211,0.5052,0.391,-0.1142,0.773950910530483,11000006,5000,500,TRUE,TRUE,"parametric_mc20",2
"G-Formula","Proposed",0.544331281998057,0.350704415811798,-0.19362686618626,0.644284882038158,0.000375522467609102,-0.000113218345951235,0.000526119884880818,0.00112807904439239,0.00279412684266189,0.5052,0.391,-0.1142,0.773950910530483,11000006,5000,500,TRUE,TRUE,"parametric_mc20",2
"IPW","Naive",0.524442120590584,0.438816036473533,-0.0856260841170507,0.836729200887553,0.000437887950240982,-2.30415228892798e-05,0.00057503149934206,0.0010590024953616,0.00334556547674652,0.5052,0.391,-0.1142,0.773950910530483,11000006,5000,500,TRUE,TRUE,"parametric_mc20",2
"IPW","Proposed",0.545266033474757,0.354058016548354,-0.191208016926402,0.649330775827146,0.000810587227691287,0.000379989398530711,0.000983625600445784,0.00103423403107565,0.00279809666208882,0.5052,0.391,-0.1142,0.773950910530483,11000006,5000,500,TRUE,TRUE,"parametric_mc20",2
"AIPW","Naive",0.470582451731936,0.390426425723817,-0.0801560260081189,0.829666351320343,0.000213177755505716,-1.53329292248965e-05,0.000382053434546985,0.000625897048502494,0.00250278334292685,0.5052,0.391,-0.1142,0.773950910530483,11000006,5000,500,TRUE,TRUE,"parametric_mc20",2
"AIPW","Proposed",0.54438335249062,0.353031599277597,-0.191351753213022,0.648498154218778,0.000753228064527864,0.000336033307390931,0.000954883744997195,0.0010360451947432,0.00282034964588193,0.5052,0.391,-0.1142,0.773950910530483,11000006,5000,500,TRUE,TRUE,"parametric_mc20",2
"G-Formula","Naive",0.514371347508636,0.44660927585403,-0.0677620716546057,0.868262351737102,0.000242570380470168,-3.1639276306879e-06,0.000352474699405254,0.000601372935136798,0.00204415339408324,0.5052,0.391,-0.1142,0.773950910530483,11000006,5000,500,FALSE,TRUE,"parametric_mc20",2
"G-Formula","Proposed",0.522954874751837,0.440020481900228,-0.0829343928516094,0.841411951861114,0.000268521527501766,-2.28446414300633e-05,0.000366374470712037,0.00068058528107393,0.00217537056064211,0.5052,0.391,-0.1142,0.773950910530483,11000006,5000,500,FALSE,TRUE,"parametric_mc20",2
"IPW","Naive",0.524442120590584,0.438816036473533,-0.0856260841170507,0.836729200887553,0.000437887950240982,-2.30415228892798e-05,0.00057503149934206,0.0010590024953616,0.00334556547674652,0.5052,0.391,-0.1142,0.773950910530483,11000006,5000,500,FALSE,TRUE,"parametric_mc20",2
"IPW","Proposed",0.545266033474757,0.354058016548354,-0.191208016926402,0.649330775827146,0.000810587227691287,0.000379989398530711,0.000983625600445784,0.00103423403107565,0.00279809666208882,0.5052,0.391,-0.1142,0.773950910530483,11000006,5000,500,FALSE,TRUE,"parametric_mc20",2
"AIPW","Naive",0.531270726868379,0.441025305606548,-0.0902454212618308,0.830132893273096,0.000229216776971315,1.12210853704128e-06,0.000350705351355259,0.000577677911252491,0.00179558157965065,0.5052,0.391,-0.1142,0.773950910530483,11000006,5000,500,FALSE,TRUE,"parametric_mc20",2
"AIPW","Proposed",0.545336611381707,0.354385327194408,-0.190951284187298,0.649846938199346,0.000707931036420245,0.000409271218455425,0.00118320336724234,0.00107259196675173,0.0031952306146604,0.5052,0.391,-0.1142,0.773950910530483,11000006,5000,500,FALSE,TRUE,"parametric_mc20",2
"G-Formula","Naive",0.47054334284985,0.390360924376051,-0.080182418473799,0.829596104817521,0.000213096687514462,-1.53371601802501e-05,0.000381943231227322,0.000625714239102283,0.00250235942561211,0.5052,0.391,-0.1142,0.773950910530483,11000006,5000,500,TRUE,FALSE,"parametric_mc20",2
"G-Formula","Proposed",0.544331281998057,0.350704415811798,-0.19362686618626,0.644284882038158,0.000375522467609102,-0.000113218345951235,0.000526119884880818,0.00112807904439239,0.00279412684266189,0.5052,0.391,-0.1142,0.773950910530483,11000006,5000,500,TRUE,FALSE,"parametric_mc20",2
"IPW","Naive",0.507668246913137,0.444557926780834,-0.0631103201323029,0.875685902129898,0.000451568658978456,-4.00927380115625e-05,0.000593832291573064,0.00112558642657465,0.00392013211073728,0.5052,0.391,-0.1142,0.773950910530483,11000006,5000,500,TRUE,FALSE,"parametric_mc20",2
"IPW","Proposed",0.522836342472778,0.439693610594087,-0.0831427318786905,0.840977519876558,0.00100153807314165,0.000594276130646176,0.000877943067843657,0.000690928879692956,0.00214637455951906,0.5052,0.391,-0.1142,0.773950910530483,11000006,5000,500,TRUE,FALSE,"parametric_mc20",2
"AIPW","Naive",0.470549740245392,0.390335662857734,-0.0802140773876588,0.829531140861268,0.000213064248777463,-1.53428129125629e-05,0.000381909151297258,0.000625659025899847,0.00250196627571662,0.5052,0.391,-0.1142,0.773950910530483,11000006,5000,500,TRUE,FALSE,"parametric_mc20",2
"AIPW","Proposed",0.544312341297273,0.350464467252063,-0.193847874045209,0.643866472725555,0.000752963560219862,0.000342344485739439,0.000956908310509577,0.00102518289925056,0.00279540650948226,0.5052,0.391,-0.1142,0.773950910530483,11000006,5000,500,TRUE,FALSE,"parametric_mc20",2
"G-Formula","Naive",0.514371347508636,0.44660927585403,-0.0677620716546057,0.868262351737102,0.000242570380470168,-3.1639276306879e-06,0.000352474699405254,0.000601372935136798,0.00204415339408324,0.5052,0.391,-0.1142,0.773950910530483,11000006,5000,500,FALSE,FALSE,"parametric_mc20",2
"G-Formula","Proposed",0.522954874751837,0.440020481900228,-0.0829343928516094,0.841411951861114,0.000268521527501766,-2.28446414300633e-05,0.000366374470712037,0.00068058528107393,0.00217537056064211,0.5052,0.391,-0.1142,0.773950910530483,11000006,5000,500,FALSE,FALSE,"parametric_mc20",2
"IPW","Naive",0.507668246913137,0.444557926780834,-0.0631103201323029,0.875685902129898,0.000451568658978456,-4.00927380115625e-05,0.000593832291573064,0.00112558642657465,0.00392013211073728,0.5052,0.391,-0.1142,0.773950910530483,11000006,5000,500,FALSE,FALSE,"parametric_mc20",2
"IPW","Proposed",0.522836342472778,0.439693610594087,-0.0831427318786905,0.840977519876558,0.00100153807314165,0.000594276130646176,0.000877943067843657,0.000690928879692956,0.00214637455951906,0.5052,0.391,-0.1142,0.773950910530483,11000006,5000,500,FALSE,FALSE,"parametric_mc20",2
"AIPW","Naive",0.514397560574632,0.446586013317315,-0.0678115472573175,0.868172883282018,0.000242576260363892,-3.16436312351633e-06,0.000352474094068673,0.000601379080679597,0.00204381782438214,0.5052,0.391,-0.1142,0.773950910530483,11000006,5000,500,FALSE,FALSE,"parametric_mc20",2
"AIPW","Proposed",0.522850714160419,0.43979140595563,-0.0830593082047896,0.84114144639132,0.000952617985736481,0.00055033478169946,0.000845927241244449,0.00069787566358201,0.00217323582579184,0.5052,0.391,-0.1142,0.773950910530483,11000006,5000,500,FALSE,FALSE,"parametric_mc20",2
"G-Formula","Naive",0.480653432360528,0.409365345227367,-0.0712880871331618,0.851685055523144,0.00213554844798369,-0.000220008685169977,0.00313182617968733,0.00570739199801097,0.021883259943907,0.48,0.42,-0.06,0.875,11000007,500,5000,TRUE,TRUE,"parametric_mc20",2
"G-Formula","Proposed",0.529242389120945,0.380124327284295,-0.149118061836649,0.718242406689438,0.00160433980039627,-1.629543640127e-05,0.00304330157900761,0.00468023225220642,0.0139035295429685,0.48,0.42,-0.06,0.875,11000007,500,5000,TRUE,TRUE,"parametric_mc20",2
"IPW","Naive",0.540680799498695,0.467958362473596,-0.0727224370250993,0.865498391856109,0.00455433154509023,-0.000212963195078391,0.00556444360897998,0.010544701544227,0.0319655588803392,0.48,0.42,-0.06,0.875,11000007,500,5000,TRUE,TRUE,"parametric_mc20",2
"IPW","Proposed",0.528226826551039,0.386031973671096,-0.142194852879943,0.73080721059099,0.00186322397804601,3.83163682014805e-05,0.00375157335511271,0.00553816459675576,0.0168110477491611,0.48,0.42,-0.06,0.875,11000007,500,5000,TRUE,TRUE,"parametric_mc20",2
"AIPW","Naive",0.480638906316511,0.409367024010382,-0.071271882306129,0.85171428827446,0.00213493245483557,-0.000220235899313971,0.003130720670644,0.00570612492410752,0.0218800543233744,0.48,0.42,-0.06,0.875,11000007,500,5000,TRUE,TRUE,"parametric_mc20",2
"AIPW","Proposed",0.529599993214984,0.383446239987897,-0.146153753227087,0.724029918618678,0.00159026990880584,-1.68612170602331e-06,0.00314180495591115,0.00473544710812903,0.0141826559449101,0.48,0.42,-0.06,0.875,11000007,500,5000,TRUE,TRUE,"parametric_mc20",2
"G-Formula","Naive",0.534751891630053,0.484579824330249,-0.0501720672998046,0.906176924130426,0.00243280700966753,-4.69983827931693e-05,0.00316491539734778,0.00569171917260165,0.0183515746188468,0.48,0.42,-0.06,0.875,11000007,500,5000,FALSE,TRUE,"parametric_mc20",2
"G-Formula","Proposed",0.538182716746711,0.483200171511013,-0.0549825452356977,0.897836657468184,0.00240471488048324,-2.8675466569092e-06,0.00306661455820453,0.00547706453200159,0.0172980908403058,0.48,0.42,-0.06,0.875,11000007,500,5000,FALSE,TRUE,"parametric_mc20",2
"IPW","Naive",0.540680799498695,0.467958362473596,-0.0727224370250993,0.865498391856109,0.00455433154509023,-0.000212963195078391,0.00556444360897998,0.010544701544227,0.0319655588803392,0.48,0.42,-0.06,0.875,11000007,500,5000,FALSE,TRUE,"parametric_mc20",2
"IPW","Proposed",0.528226826551039,0.386031973671096,-0.142194852879943,0.73080721059099,0.00186322397804601,3.83163682014805e-05,0.00375157335511271,0.00553816459675576,0.0168110477491611,0.48,0.42,-0.06,0.875,11000007,500,5000,FALSE,TRUE,"parametric_mc20",2
"AIPW","Naive",0.54741652727424,0.47856346713949,-0.0688530601347501,0.87422180971117,0.0022915129838067,1.12282080344245e-05,0.00313347224798197,0.00540252881571982,0.0162353397365325,0.48,0.42,-0.06,0.875,11000007,500,5000,FALSE,TRUE,"parametric_mc20",2
"AIPW","Proposed",0.525214977699275,0.379271925921373,-0.145943051777902,0.722127018507333,0.00181448797768268,1.45825798797453e-05,0.00349999359082111,0.00528531640874429,0.0160417496028518,0.48,0.42,-0.06,0.875,11000007,500,5000,FALSE,TRUE,"parametric_mc20",2
"G-Formula","Naive",0.480653432360528,0.409365345227367,-0.0712880871331618,0.851685055523144,0.00213554844798369,-0.000220008685169977,0.00313182617968733,0.00570739199801097,0.021883259943907,0.48,0.42,-0.06,0.875,11000007,500,5000,TRUE,FALSE,"parametric_mc20",2
"G-Formula","Proposed",0.529242389120945,0.380124327284295,-0.149118061836649,0.718242406689438,0.00160433980039627,-1.629543640127e-05,0.00304330157900761,0.00468023225220642,0.0139035295429685,0.48,0.42,-0.06,0.875,11000007,500,5000,TRUE,FALSE,"parametric_mc20",2
"IPW","Naive",0.528152099772259,0.474421927950526,-0.0537301718217334,0.898267616762478,0.00475127246032697,-0.000430996200256571,0.00581217524910925,0.0114254401099494,0.0373558143920988,0.48,0.42,-0.06,0.875,11000007,500,5000,TRUE,FALSE,"parametric_mc20",2
"IPW","Proposed",0.540814925062653,0.484386446320012,-0.0564284787426413,0.895660278354736,0.00249479848108821,6.59008118679425e-05,0.00312943512983088,0.00549243198718321,0.0171386688568921,0.48,0.42,-0.06,0.875,11000007,500,5000,TRUE,FALSE,"parametric_mc20",2
"AIPW","Naive",0.480653783728179,0.409387315080485,-0.0712664686476944,0.851730141194525,0.00213527362559102,-0.000220183901016887,0.0031314550040319,0.00570709643165669,0.0218828460785332,0.48,0.42,-0.06,0.875,11000007,500,5000,TRUE,FALSE,"parametric_mc20",2
"AIPW","Proposed",0.529558428182178,0.380285015581048,-0.14927341260113,0.718117199808258,0.00159152140937268,1.16359740983996e-07,0.00307114281851738,0.00466243150840809,0.0138775505885864,0.48,0.42,-0.06,0.875,11000007,500,5000,TRUE,FALSE,"parametric_mc20",2
"G-Formula","Naive",0.534751891630053,0.484579824330249,-0.0501720672998046,0.906176924130426,0.00243280700966753,-4.69983827931693e-05,0.00316491539734778,0.00569171917260165,0.0183515746188468,0.48,0.42,-0.06,0.875,11000007,500,5000,FALSE,FALSE,"parametric_mc20",2
"G-Formula","Proposed",0.538182716746711,0.483200171511013,-0.0549825452356977,0.897836657468184,0.00240471488048324,-2.8675466569092e-06,0.00306661455820453,0.00547706453200159,0.0172980908403058,0.48,0.42,-0.06,0.875,11000007,500,5000,FALSE,FALSE,"parametric_mc20",2
"IPW","Naive",0.528152099772259,0.474421927950526,-0.0537301718217334,0.898267616762478,0.00475127246032697,-0.000430996200256571,0.00581217524910925,0.0114254401099494,0.0373558143920988,0.48,0.42,-0.06,0.875,11000007,500,5000,FALSE,FALSE,"parametric_mc20",2
"IPW","Proposed",0.540814925062653,0.484386446320012,-0.0564284787426413,0.895660278354736,0.00249479848108821,6.59008118679425e-05,0.00312943512983088,0.00549243198718321,0.0171386688568921,0.48,0.42,-0.06,0.875,11000007,500,5000,FALSE,FALSE,"parametric_mc20",2
"AIPW","Naive",0.534774739145994,0.484605789730793,-0.0501689494152012,0.906186762868945,0.00243289296261372,-4.71733618479108e-05,0.00316474750700028,0.00569198719330983,0.0183509301246278,0.48,0.42,-0.06,0.875,11000007,500,5000,FALSE,FALSE,"parametric_mc20",2
"AIPW","Proposed",0.538619795204356,0.483366897681972,-0.0552528975223839,0.897417625541556,0.00242723809573113,1.88693176518424e-05,0.00308744532410217,0.00547694478452961,0.0172636324875963,0.48,0.42,-0.06,0.875,11000007,500,5000,FALSE,FALSE,"parametric_mc20",2
"G-Formula","Naive",0.473287667584984,0.357159509520904,-0.116128158064081,0.754635148943051,0.000246255293529231,-1.48882212464504e-05,0.000334505529525294,0.000610537265547426,0.00221968400946064,0.5042,0.3858,-0.1184,0.765172550575169,11000008,5000,5000,TRUE,TRUE,"parametric_mc20",2
"G-Formula","Proposed",0.518443131051351,0.3259533330151,-0.192489798036251,0.628715694147783,0.000230940045676156,-1.16262438011612e-05,0.00036092132398577,0.000615113857264249,0.00173681673817379,0.5042,0.3858,-0.1184,0.765172550575169,11000008,5000,5000,TRUE,TRUE,"parametric_mc20",2
"IPW","Naive",0.523165294928603,0.414981558588324,-0.108183736340279,0.793213086974658,0.000458967496127931,-1.93798385380157e-05,0.000513161356430764,0.00101088852963473,0.00304229654084995,0.5042,0.3858,-0.1184,0.765172550575169,11000008,5000,5000,TRUE,TRUE,"parametric_mc20",2
"IPW","Proposed",0.516366427257131,0.333262311388199,-0.183104115868932,0.64539887528793,0.000271402450735382,3.6193192501069e-05,0.000431493194297662,0.000630509260030906,0.0018670704570759,0.5042,0.3858,-0.1184,0.765172550575169,11000008,5000,5000,TRUE,TRUE,"parametric_mc20",2
"AIPW","Naive",0.473347811959141,0.357207134414809,-0.116140677544332,0.754639876619189,0.000246304178088249,-1.48844782753937e-05,0.000334635004045546,0.000610708138684583,0.00221980533870795,0.5042,0.3858,-0.1184,0.765172550575169,11000008,5000,5000,TRUE,TRUE,"parametric_mc20",2
"AIPW","Proposed",0.518952968854775,0.3313895104637,-0.187563458391075,0.638573301150989,0.000245976186337767,1.80969757527265e-05,0.000420063907013543,0.000629846141845857,0.00184638719238199,0.5042,0.3858,-0.1184,0.765172550575169,11000008,5000,5000,TRUE,TRUE,"parametric_mc20",2
"G-Formula","Naive",0.518052320569083,0.414406457985243,-0.10364586258384,0.799931670086944,0.000263769614103304,-3.95301631594486e-06,0.000344998547966644,0.000616674194701837,0.0019379611960821,0.5042,0.3858,-0.1184,0.765172550575169,11000008,5000,5000,FALSE,TRUE,"parametric_mc20",2
"G-Formula","Proposed",0.520700219110571,0.412887505566071,-0.1078127135445,0.792946671448191,0.000267559064140169,-2.68031154567572e-06,0.000335750609080276,0.000608670296311797,0.00187450787770382,0.5042,0.3858,-0.1184,0.765172550575169,11000008,5000,5000,FALSE,TRUE,"parametric_mc20",2
"IPW","Naive",0.523165294928603,0.414981558588324,-0.108183736340279,0.793213086974658,0.000458967496127931,-1.93798385380157e-05,0.000513161356430764,0.00101088852963473,0.00304229654084995,0.5042,0.3858,-0.1184,0.765172550575169,11000008,5000,5000,FALSE,TRUE,"parametric_mc20",2
"IPW","Proposed",0.516366427257131,0.333262311388199,-0.183104115868932,0.64539887528793,0.000271402450735382,3.6193192501069e-05,0.000431493194297662,0.000630509260030906,0.0018670704570759,0.5042,0.3858,-0.1184,0.765172550575169,11000008,5000,5000,FALSE,TRUE,"parametric_mc20",2
"AIPW","Naive",0.527222871552931,0.410043464028107,-0.117179407524824,0.777742177269979,0.000254382327150001,-3.06331734136982e-08,0.000342633697130591,0.000597077290627419,0.00178639299673661,0.5042,0.3858,-0.1184,0.765172550575169,11000008,5000,5000,FALSE,TRUE,"parametric_mc20",2
"AIPW","Proposed",0.51804345498704,0.333121398824225,-0.184922056162816,0.643037559141749,0.000250939011668958,2.88654852363462e-05,0.000455998465433074,0.000649206506629339,0.00194745982624368,0.5042,0.3858,-0.1184,0.765172550575169,11000008,5000,5000,FALSE,TRUE,"parametric_mc20",2
"G-Formula","Naive",0.473287667584984,0.357159509520904,-0.116128158064081,0.754635148943051,0.000246255293529231,-1.48882212464504e-05,0.000334505529525294,0.000610537265547426,0.00221968400946064,0.5042,0.3858,-0.1184,0.765172550575169,11000008,5000,5000,TRUE,FALSE,"parametric_mc20",2
"G-Formula","Proposed",0.518443131051351,0.3259533330151,-0.192489798036251,0.628715694147783,0.000230940045676156,-1.16262438011612e-05,0.00036092132398577,0.000615113857264249,0.00173681673817379,0.5042,0.3858,-0.1184,0.765172550575169,11000008,5000,5000,TRUE,FALSE,"parametric_mc20",2
"IPW","Naive",0.514090099860229,0.419339646248092,-0.0947504536121369,0.815692903563213,0.000474029931428826,-3.49537362528334e-05,0.000530109073050698,0.00107404647698519,0.00341494162417932,0.5042,0.3858,-0.1184,0.765172550575169,11000008,5000,5000,TRUE,FALSE,"parametric_mc20",2
"IPW","Proposed",0.519385783427674,0.4122015512683,-0.107184232159374,0.793632718531466,0.000333714481950205,5.43313403960837e-05,0.000388003401857503,0.000613055203015541,0.00189780973186063,0.5042,0.3858,-0.1184,0.765172550575169,11000008,5000,5000,TRUE,FALSE,"parametric_mc20",2
"AIPW","Naive",0.473297153924282,0.357142383411907,-0.116154770512376,0.754583839033695,0.000246266706277636,-1.48961931629124e-05,0.00033447735018226,0.000610536442785721,0.00221946000515396,0.5042,0.3858,-0.1184,0.765172550575169,11000008,5000,5000,TRUE,FALSE,"parametric_mc20",2
"AIPW","Proposed",0.518871811594707,0.324242585701085,-0.194629225893621,0.624899211048977,0.000245906900310833,1.77666850652305e-05,0.000390300258740037,0.000600673788920409,0.00172389930725757,0.5042,0.3858,-0.1184,0.765172550575169,11000008,5000,5000,TRUE,FALSE,"parametric_mc20",2
"G-Formula","Naive",0.518052320569083,0.414406457985243,-0.10364586258384,0.799931670086944,0.000263769614103304,-3.95301631594486e-06,0.000344998547966644,0.000616674194701837,0.0019379611960821,0.5042,0.3858,-0.1184,0.765172550575169,11000008,5000,5000,FALSE,FALSE,"parametric_mc20",2
"G-Formula","Proposed",0.520700219110571,0.412887505566071,-0.1078127135445,0.792946671448191,0.000267559064140169,-2.68031154567572e-06,0.000335750609080276,0.000608670296311797,0.00187450787770382,0.5042,0.3858,-0.1184,0.765172550575169,11000008,5000,5000,FALSE,FALSE,"parametric_mc20",2
"IPW","Naive",0.514090099860229,0.419339646248092,-0.0947504536121369,0.815692903563213,0.000474029931428826,-3.49537362528334e-05,0.000530109073050698,0.00107404647698519,0.00341494162417932,0.5042,0.3858,-0.1184,0.765172550575169,11000008,5000,5000,FALSE,FALSE,"parametric_mc20",2
"IPW","Proposed",0.519385783427674,0.4122015512683,-0.107184232159374,0.793632718531466,0.000333714481950205,5.43313403960837e-05,0.000388003401857503,0.000613055203015541,0.00189780973186063,0.5042,0.3858,-0.1184,0.765172550575169,11000008,5000,5000,FALSE,FALSE,"parametric_mc20",2
"AIPW","Naive",0.518061889248729,0.414386865659199,-0.10367502358953,0.799879076725997,0.000263767391162961,-3.95227524554717e-06,0.000344968141384862,0.000616640083038917,0.00193768235729857,0.5042,0.3858,-0.1184,0.765172550575169,11000008,5000,5000,FALSE,FALSE,"parametric_mc20",2
"AIPW","Proposed",0.52110802385827,0.410926740804265,-0.110181283054005,0.788563449401093,0.000312030235255842,3.31745053887405e-05,0.000363670347737911,0.000609351572216272,0.00186107080592099,0.5042,0.3858,-0.1184,0.765172550575169,11000008,5000,5000,FALSE,FALSE,"parametric_mc20",2
"G-Formula","Naive",0.428535603047994,0.401990144883706,-0.0265454581642878,0.93805541949028,0.00204458036004364,-1.46146341460452e-05,0.00355691989451302,0.00563072952284875,0.0293148655310721,0.496,0.398,-0.098,0.80241935483871,11000009,500,500,TRUE,TRUE,"parametric_mc20",3
"G-Formula","Proposed",0.477897731611187,0.396118967096735,-0.0817787645144524,0.828878106956601,0.00187739872192552,-2.92219468779322e-05,0.00428089523127637,0.00621673784695775,0.0246038641917928,0.496,0.398,-0.098,0.80241935483871,11000009,500,500,TRUE,TRUE,"parametric_mc20",3
"IPW","Naive",0.506546350855831,0.418716847023117,-0.087829503832714,0.826611121204758,0.00412054433547117,-0.000237550567966439,0.00477378430251122,0.00936942977391526,0.0311081606127652,0.496,0.398,-0.098,0.80241935483871,11000009,500,500,TRUE,TRUE,"parametric_mc20",3
"IPW","Proposed",0.476490426228415,0.408175565313835,-0.0683148609145801,0.856629100703417,0.00214115391170063,0.000369624873537955,0.00466601206903434,0.00606791623365906,0.0246823446326417,0.496,0.398,-0.098,0.80241935483871,11000009,500,500,TRUE,TRUE,"parametric_mc20",3
"AIPW","Naive",0.428530906003181,0.401674986187333,-0.026855919815847,0.937330261505928,0.00204430018590055,-1.46894681104255e-05,0.00355696444856061,0.00563064357068201,0.0292999175531318,0.496,0.398,-0.098,0.80241935483871,11000009,500,500,TRUE,TRUE,"parametric_mc20",3
"AIPW","Proposed",0.477467621893184,0.403076509018872,-0.0743911128743113,0.844196528804725,0.00192242708467956,0.00017649024552897,0.00461908848836368,0.00618853508198529,0.0249639091447646,0.496,0.398,-0.098,0.80241935483871,11000009,500,500,TRUE,TRUE,"parametric_mc20",3
"G-Formula","Naive",0.501974548541163,0.412272781254716,-0.0897017672864471,0.821302160543521,0.00241222794574588,-1.62481765090137e-05,0.00306064743302503,0.00550537173178894,0.0187098316744289,0.496,0.398,-0.098,0.80241935483871,11000009,500,500,FALSE,TRUE,"parametric_mc20",3
"G-Formula","Proposed",0.502485220314353,0.411853007963589,-0.0906322123507649,0.819632083319654,0.00243336465734261,-1.0805232028444e-05,0.00307992798672348,0.00553490310812298,0.0187426864944001,0.496,0.398,-0.098,0.80241935483871,11000009,500,500,FALSE,TRUE,"parametric_mc20",3
"IPW","Naive",0.506546350855831,0.418716847023117,-0.087829503832714,0.826611121204758,0.00412054433547117,-0.000237550567966439,0.00477378430251122,0.00936942977391526,0.0311081606127652,0.496,0.398,-0.098,0.80241935483871,11000009,500,500,FALSE,TRUE,"parametric_mc20",3
"IPW","Proposed",0.476490426228415,0.408175565313835,-0.0683148609145801,0.856629100703417,0.00214115391170063,0.000369624873537955,0.00466601206903434,0.00606791623365906,0.0246823446326417,0.496,0.398,-0.098,0.80241935483871,11000009,500,500,FALSE,TRUE,"parametric_mc20",3
"AIPW","Naive",0.4984712977142,0.412219049110544,-0.0862522486036554,0.826966469284841,0.00228384088550088,-1.11650174360143e-05,0.00305954419554112,0.00536571511591403,0.0186734852027732,0.496,0.398,-0.098,0.80241935483871,11000009,500,500,FALSE,TRUE,"parametric_mc20",3
"AIPW","Proposed",0.476561525749459,0.404357896544276,-0.072203629205183,0.848490435538973,0.00200547510832631,0.000222784097300346,0.00448593962192671,0.00604584653565233,0.0244448563857906,0.496,0.398,-0.098,0.80241935483871,11000009,500,500,FALSE,TRUE,"parametric_mc20",3
"G-Formula","Naive",0.428535603047994,0.401990144883706,-0.0265454581642878,0.93805541949028,0.00204458036004364,-1.46146341460452e-05,0.00355691989451302,0.00563072952284875,0.0293148655310721,0.496,0.398,-0.098,0.80241935483871,11000009,500,500,TRUE,FALSE,"parametric_mc20",3
"G-Formula","Proposed",0.477897731611187,0.396118967096735,-0.0817787645144524,0.828878106956601,0.00187739872192552,-2.92219468779322e-05,0.00428089523127637,0.00621673784695775,0.0246038641917928,0.496,0.398,-0.098,0.80241935483871,11000009,500,500,TRUE,FALSE,"parametric_mc20",3
"IPW","Naive",0.510064075716228,0.418652379798735,-0.0914116959174931,0.820783897024833,0.00445477016814531,-0.000356569479629792,0.00482079577604312,0.00998870490344802,0.0323150088790814,0.496,0.398,-0.098,0.80241935483871,11000009,500,500,TRUE,FALSE,"parametric_mc20",3
"IPW","Proposed",0.50217191066674,0.411588562563325,-0.0905833481034146,0.819616855942528,0.00303368414792088,0.000540872037521654,0.00354155423504217,0.00549349430791974,0.0186095040967604,0.496,0.398,-0.098,0.80241935483871,11000009,500,500,TRUE,FALSE,"parametric_mc20",3
"AIPW","Naive",0.42850835806283,0.4017695283135,-0.0267388297493299,0.937600214217037,0.00204452480547136,-1.45936527175574e-05,0.00355718853279895,0.00563090064370542,0.0293099966430462,0.496,0.398,-0.098,0.80241935483871,11000009,500,500,TRUE,FALSE,"parametric_mc20",3
"AIPW","Proposed",0.477686235529203,0.396717070040007,-0.0809691654891966,0.830497176877003,0.00192319207427867,0.000169919588387922,0.00457209123553713,0.00615544413303996,0.0246131501518511,0.496,0.398,-0.098,0.80241935483871,11000009,500,500,TRUE,FALSE,"parametric_mc20",3
"G-Formula","Naive",0.501974548541163,0.412272781254716,-0.0897017672864471,0.821302160543521,0.00241222794574588,-1.62481765090137e-05,0.00306064743302503,0.00550537173178894,0.0187098316744289,0.496,0.398,-0.098,0.80241935483871,11000009,500,500,FALSE,FALSE,"parametric_mc20",3
"G-Formula","Proposed",0.502485220314353,0.411853007963589,-0.0906322123507649,0.819632083319654,0.00243336465734261,-1.0805232028444e-05,0.00307992798672348,0.00553490310812298,0.0187426864944001,0.496,0.398,-0.098,0.80241935483871,11000009,500,500,FALSE,FALSE,"parametric_mc20",3
"IPW","Naive",0.510064075716228,0.418652379798735,-0.0914116959174931,0.820783897024833,0.00445477016814531,-0.000356569479629792,0.00482079577604312,0.00998870490344802,0.0323150088790814,0.496,0.398,-0.098,0.80241935483871,11000009,500,500,FALSE,FALSE,"parametric_mc20",3
"IPW","Proposed",0.50217191066674,0.411588562563325,-0.0905833481034146,0.819616855942528,0.00303368414792088,0.000540872037521654,0.00354155423504217,0.00549349430791974,0.0186095040967604,0.496,0.398,-0.098,0.80241935483871,11000009,500,500,FALSE,FALSE,"parametric_mc20",3
"AIPW","Naive",0.501872294610259,0.412048201036234,-0.0898240935740255,0.82102201189691,0.00241111283013759,-1.6358256113542e-05,0.00305996397802537,0.00550379332039005,0.0187080338934589,0.496,0.398,-0.098,0.80241935483871,11000009,500,500,FALSE,FALSE,"parametric_mc20",3
"AIPW","Proposed",0.501817582430488,0.412499059639848,-0.0893185227906403,0.822009977494137,0.00285046563007191,0.000336021691401896,0.00336707936662588,0.005545501613894,0.0188257370170218,0.496,0.398,-0.098,0.80241935483871,11000009,500,500,FALSE,FALSE,"parametric_mc20",3
"G-Formula","Naive",0.462265909764081,0.429741045723522,-0.0325248640405588,0.929640357738779,0.000219014469707474,-1.45340650419486e-05,0.000363486813640359,0.00061156941343173,0.00271322700053276,0.496,0.3946,-0.1014,0.795564516129032,11000010,5000,500,TRUE,TRUE,"parametric_mc20",3
"G-Formula","Proposed",0.520815682803576,0.397155288134245,-0.123660394669331,0.762563995762069,0.000363798098909138,-8.82136572263771e-05,0.000531267688917568,0.00107149310227946,0.00323449996298183,0.496,0.3946,-0.1014,0.795564516129032,11000010,5000,500,TRUE,TRUE,"parametric_mc20",3
"IPW","Naive",0.52281602581072,0.468217111637717,-0.054598914173003,0.895567634736641,0.000450334833019014,-2.70695639728242e-05,0.000586263376850291,0.00109073733781495,0.00364362406579518,0.496,0.3946,-0.1014,0.795564516129032,11000010,5000,500,TRUE,TRUE,"parametric_mc20",3
"IPW","Proposed",0.519490120268021,0.394104540810554,-0.125385579457467,0.758637220294436,0.000780848392367755,0.000404285840787446,0.00103714313858664,0.0010094198493795,0.00323538231969325,0.496,0.3946,-0.1014,0.795564516129032,11000010,5000,500,TRUE,TRUE,"parametric_mc20",3
"AIPW","Naive",0.462320059974073,0.429794443650006,-0.0325256163240679,0.92964697156794,0.000219039116417641,-1.4521895204551e-05,0.000363518747364258,0.000611601654191,0.00271274815113055,0.496,0.3946,-0.1014,0.795564516129032,11000010,5000,500,TRUE,TRUE,"parametric_mc20",3
"AIPW","Proposed",0.52054497248835,0.395589137977956,-0.124955834510394,0.75995189442889,0.000739871884964953,0.000375806072828951,0.00102658809091654,0.0010148478302236,0.00325757268182169,0.496,0.3946,-0.1014,0.795564516129032,11000010,5000,500,TRUE,TRUE,"parametric_mc20",3
"G-Formula","Naive",0.499147407705591,0.468328059818892,-0.0308193478866986,0.938256019342333,0.000247006057160335,-5.12202125968377e-06,0.000328079388991855,0.000585329488671558,0.00222813778255581,0.496,0.3946,-0.1014,0.795564516129032,11000010,5000,500,FALSE,TRUE,"parametric_mc20",3
"G-Formula","Proposed",0.501004114657231,0.463944584186335,-0.0370595304708953,0.926029488807192,0.000279455798718828,-3.52404198856609e-05,0.000364292811611613,0.000714229450101762,0.00266608921202607,0.496,0.3946,-0.1014,0.795564516129032,11000010,5000,500,FALSE,TRUE,"parametric_mc20",3
"IPW","Naive",0.52281602581072,0.468217111637717,-0.054598914173003,0.895567634736641,0.000450334833019014,-2.70695639728242e-05,0.000586263376850291,0.00109073733781495,0.00364362406579518,0.496,0.3946,-0.1014,0.795564516129032,11000010,5000,500,FALSE,TRUE,"parametric_mc20",3
"IPW","Proposed",0.519490120268021,0.394104540810554,-0.125385579457467,0.758637220294436,0.000780848392367755,0.000404285840787446,0.00103714313858664,0.0010094198493795,0.00323538231969325,0.496,0.3946,-0.1014,0.795564516129032,11000010,5000,500,FALSE,TRUE,"parametric_mc20",3
"AIPW","Naive",0.514252470862007,0.463680036690845,-0.0505724341711621,0.901658354530819,0.000237374027661855,-1.21736619415109e-06,0.00032727757050939,0.000567086330559547,0.00197558700051351,0.496,0.3946,-0.1014,0.795564516129032,11000010,5000,500,FALSE,TRUE,"parametric_mc20",3
"AIPW","Proposed",0.520028939519124,0.396350036807192,-0.123678902711932,0.762169192302454,0.000691817002100342,0.00042232699359877,0.00119155112615615,0.00103871414105895,0.00351166412963409,0.496,0.3946,-0.1014,0.795564516129032,11000010,5000,500,FALSE,TRUE,"parametric_mc20",3
"G-Formula","Naive",0.462265909764081,0.429741045723522,-0.0325248640405588,0.929640357738779,0.000219014469707474,-1.45340650419486e-05,0.000363486813640359,0.00061156941343173,0.00271322700053276,0.496,0.3946,-0.1014,0.795564516129032,11000010,5000,500,TRUE,FALSE,"parametric_mc20",3
"G-Formula","Proposed",0.520815682803576,0.397155288134245,-0.123660394669331,0.762563995762069,0.000363798098909138,-8.82136572263771e-05,0.000531267688917568,0.00107149310227946,0.00323449996298183,0.496,0.3946,-0.1014,0.795564516129032,11000010,5000,500,TRUE,FALSE,"parametric_mc20",3
"IPW","Naive",0.507963648809626,0.472917735740149,-0.0350459130694774,0.931007045186,0.000461603350635176,-4.09212318421602e-05,0.00059971404296863,0.00114315985728813,0.00417016631882018,0.496,0.3946,-0.1014,0.795564516129032,11000010,5000,500,TRUE,FALSE,"parametric_mc20",3
"IPW","Proposed",0.500179723658194,0.463917216789505,-0.0362625068686891,0.927501045817144,0.000955527508467666,0.000579172149171945,0.000927517193382238,0.000724700403506014,0.00269866763434302,0.496,0.3946,-0.1014,0.795564516129032,11000010,5000,500,TRUE,FALSE,"parametric_mc20",3
"AIPW","Naive",0.462261359562613,0.429742665968251,-0.0325186935943628,0.929653013556808,0.000219013100598811,-1.45318340390151e-05,0.000363473874140082,0.000611550642816923,0.00271322075102922,0.496,0.3946,-0.1014,0.795564516129032,11000010,5000,500,TRUE,FALSE,"parametric_mc20",3
"AIPW","Proposed",0.520646836503749,0.397203459591492,-0.123443376912257,0.762903818371,0.000740661848771142,0.000377467545154052,0.00102471432459243,0.00101044108305547,0.00324581463421886,0.496,0.3946,-0.1014,0.795564516129032,11000010,5000,500,TRUE,FALSE,"parametric_mc20",3
"G-Formula","Naive",0.499147407705591,0.468328059818892,-0.0308193478866986,0.938256019342333,0.000247006057160335,-5.12202125968377e-06,0.000328079388991855,0.000585329488671558,0.00222813778255581,0.496,0.3946,-0.1014,0.795564516129032,11000010,5000,500,FALSE,FALSE,"parametric_mc20",3
"G-Formula","Proposed",0.501004114657231,0.463944584186335,-0.0370595304708953,0.926029488807192,0.000279455798718828,-3.52404198856609e-05,0.000364292811611613,0.000714229450101762,0.00266608921202607,0.496,0.3946,-0.1014,0.795564516129032,11000010,5000,500,FALSE,FALSE,"parametric_mc20",3
"IPW","Naive",0.507963648809626,0.472917735740149,-0.0350459130694774,0.931007045186,0.000461603350635176,-4.09212318421602e-05,0.00059971404296863,0.00114315985728813,0.00417016631882018,0.496,0.3946,-0.1014,0.795564516129032,11000010,5000,500,FALSE,FALSE,"parametric_mc20",3
"IPW","Proposed",0.500179723658194,0.463917216789505,-0.0362625068686891,0.927501045817144,0.000955527508467666,0.000579172149171945,0.000927517193382238,0.000724700403506014,0.00269866763434302,0.496,0.3946,-0.1014,0.795564516129032,11000010,5000,500,FALSE,FALSE,"parametric_mc20",3
"AIPW","Naive",0.499146157904354,0.468329825203365,-0.0308163327009893,0.938261905429924,0.000247008621762356,-5.12246309570299e-06,0.000328069324964215,0.000585322872917977,0.00222813212862576,0.496,0.3946,-0.1014,0.795564516129032,11000010,5000,500,FALSE,FALSE,"parametric_mc20",3
"AIPW","Proposed",0.500810812484387,0.46400725663454,-0.0368035558498468,0.926512058181663,0.000913058160439443,0.000538618924805259,0.000886838314434959,0.000722658625263885,0.00268152025957717,0.496,0.3946,-0.1014,0.795564516129032,11000010,5000,500,FALSE,FALSE,"parametric_mc20",3
"G-Formula","Naive",0.456042004517395,0.457150373607337,0.00110836908994194,1.00243041009153,0.0024407286233163,-0.000243121853918537,0.00338948091057011,0.00631645324172349,0.0304341116791677,0.504,0.442,-0.062,0.876984126984127,11000011,500,5000,TRUE,TRUE,"parametric_mc20",3
"G-Formula","Proposed",0.486860358804558,0.432466564365991,-0.0543937944385678,0.888276394956191,0.00212442830391972,-1.29403226707034e-05,0.00361603329510269,0.00576634224436382,0.0224241791180715,0.504,0.442,-0.062,0.876984126984127,11000011,500,5000,TRUE,TRUE,"parametric_mc20",3
"IPW","Naive",0.533235343360255,0.533291275690822,5.59323305675541e-05,1.00010489239182,0.00496868861146537,-0.000216192811163974,0.00691410862830645,0.0123151828620998,0.0433153042029093,0.504,0.442,-0.062,0.876984126984127,11000011,500,5000,TRUE,TRUE,"parametric_mc20",3
"IPW","Proposed",0.496392285210225,0.438536010012634,-0.0578562751975915,0.883446465786451,0.0025339767430578,4.08202965924844e-05,0.00389483280828855,0.00634716895816138,0.0235401589543002,0.504,0.442,-0.062,0.876984126984127,11000011,500,5000,TRUE,TRUE,"parametric_mc20",3
"AIPW","Naive",0.455751050131386,0.456485098897101,0.000734048765715367,1.00161063537978,0.00244102611958598,-0.000242308621546915,0.00338842037130609,0.00631406373398589,0.0304402467613715,0.504,0.442,-0.062,0.876984126984127,11000011,500,5000,TRUE,TRUE,"parametric_mc20",3
"AIPW","Proposed",0.484338580485182,0.429072454045956,-0.0552661264392263,0.885893611068802,0.00211885706594402,3.63827961868453e-06,0.00367595634836182,0.00578753685506847,0.0227313378442811,0.504,0.442,-0.062,0.876984126984127,11000011,500,5000,TRUE,TRUE,"parametric_mc20",3
"G-Formula","Naive",0.521829426905333,0.533315325765044,0.0114858988597103,1.02201083010559,0.00279208230036622,-3.98490299370587e-05,0.00364155190962367,0.00651333226986401,0.0243819544455821,0.504,0.442,-0.062,0.876984126984127,11000011,500,5000,FALSE,TRUE,"parametric_mc20",3
"G-Formula","Proposed",0.514131511778685,0.543393283645505,0.02926177186682,1.05691495501917,0.00286903047220385,-2.18589172325398e-06,0.00351766447685478,0.00639106673250513,0.0254498539250128,0.504,0.442,-0.062,0.876984126984127,11000011,500,5000,FALSE,TRUE,"parametric_mc20",3
"IPW","Naive",0.533235343360255,0.533291275690822,5.59323305675541e-05,1.00010489239182,0.00496868861146537,-0.000216192811163974,0.00691410862830645,0.0123151828620998,0.0433153042029093,0.504,0.442,-0.062,0.876984126984127,11000011,500,5000,FALSE,TRUE,"parametric_mc20",3
"IPW","Proposed",0.496392285210225,0.438536010012634,-0.0578562751975915,0.883446465786451,0.0025339767430578,4.08202965924844e-05,0.00389483280828855,0.00634716895816138,0.0235401589543002,0.504,0.442,-0.062,0.876984126984127,11000011,500,5000,FALSE,TRUE,"parametric_mc20",3
"AIPW","Naive",0.524173174854548,0.530964359500911,0.00679118464636375,1.01295599426325,0.00272438693551247,1.06903756497382e-05,0.00361368144279602,0.00631668762700901,0.0232476340408314,0.504,0.442,-0.062,0.876984126984127,11000011,500,5000,FALSE,TRUE,"parametric_mc20",3
"AIPW","Proposed",0.495158137306526,0.43770453039646,-0.0574536069100669,0.883969175539368,0.00245245000627302,2.1175197737796e-05,0.00438129834350169,0.00679139795429912,0.0255329539722569,0.504,0.442,-0.062,0.876984126984127,11000011,500,5000,FALSE,TRUE,"parametric_mc20",3
"G-Formula","Naive",0.456042004517395,0.457150373607337,0.00110836908994194,1.00243041009153,0.0024407286233163,-0.000243121853918537,0.00338948091057011,0.00631645324172349,0.0304341116791677,0.504,0.442,-0.062,0.876984126984127,11000011,500,5000,TRUE,FALSE,"parametric_mc20",3
"G-Formula","Proposed",0.486860358804558,0.432466564365991,-0.0543937944385678,0.888276394956191,0.00212442830391972,-1.29403226707034e-05,0.00361603329510269,0.00576634224436382,0.0224241791180715,0.504,0.442,-0.062,0.876984126984127,11000011,500,5000,TRUE,FALSE,"parametric_mc20",3
"IPW","Naive",0.531071721241842,0.534669806666682,0.00359808542484041,1.00677514030765,0.00517211466722461,-0.000427232363052776,0.00713066067562796,0.0131572400689581,0.0469205887295845,0.504,0.442,-0.062,0.876984126984127,11000011,500,5000,TRUE,FALSE,"parametric_mc20",3
"IPW","Proposed",0.515397860747087,0.539667222437433,0.0242693616903461,1.04708859608995,0.00304624566857607,7.14671032913689e-05,0.00354091151318739,0.00644422297518072,0.0253397894155967,0.504,0.442,-0.062,0.876984126984127,11000011,500,5000,TRUE,FALSE,"parametric_mc20",3
"AIPW","Naive",0.455774986644007,0.456385086667289,0.000610100023282489,1.00133859917977,0.00244114997382118,-0.00024237138107349,0.00338878881041337,0.00631468154638152,0.0304329886052568,0.504,0.442,-0.062,0.876984126984127,11000011,500,5000,TRUE,FALSE,"parametric_mc20",3
"AIPW","Proposed",0.484292408340565,0.431442888630902,-0.052849519709663,0.890872706655154,0.00212652888765306,4.25730165766758e-06,0.00364288570040678,0.0057608999847445,0.022695695419127,0.504,0.442,-0.062,0.876984126984127,11000011,500,5000,TRUE,FALSE,"parametric_mc20",3
"G-Formula","Naive",0.521829426905333,0.533315325765044,0.0114858988597103,1.02201083010559,0.00279208230036622,-3.98490299370587e-05,0.00364155190962367,0.00651333226986401,0.0243819544455821,0.504,0.442,-0.062,0.876984126984127,11000011,500,5000,FALSE,FALSE,"parametric_mc20",3
"G-Formula","Proposed",0.514131511778685,0.543393283645505,0.02926177186682,1.05691495501917,0.00286903047220385,-2.18589172325398e-06,0.00351766447685478,0.00639106673250513,0.0254498539250128,0.504,0.442,-0.062,0.876984126984127,11000011,500,5000,FALSE,FALSE,"parametric_mc20",3
"IPW","Naive",0.531071721241842,0.534669806666682,0.00359808542484041,1.00677514030765,0.00517211466722461,-0.000427232363052776,0.00713066067562796,0.0131572400689581,0.0469205887295845,0.504,0.442,-0.062,0.876984126984127,11000011,500,5000,FALSE,FALSE,"parametric_mc20",3
"IPW","Proposed",0.515397860747087,0.539667222437433,0.0242693616903461,1.04708859608995,0.00304624566857607,7.14671032913689e-05,0.00354091151318739,0.00644422297518072,0.0253397894155967,0.504,0.442,-0.062,0.876984126984127,11000011,500,5000,FALSE,FALSE,"parametric_mc20",3
"AIPW","Naive",0.521971384509701,0.532458428974085,0.0104870444643839,1.02009122487478,0.00279129465355504,-3.92461114600109e-05,0.00364783066093139,0.00651761753740645,0.0243434827628899,0.504,0.442,-0.062,0.876984126984127,11000011,500,5000,FALSE,FALSE,"parametric_mc20",3
"AIPW","Proposed",0.513953885285372,0.542133366325427,0.0281794810400546,1.05482881216942,0.00290721101133166,2.1344832025771e-05,0.00354712382113537,0.00641164516841549,0.0255039858190229,0.504,0.442,-0.062,0.876984126984127,11000011,500,5000,FALSE,FALSE,"parametric_mc20",3
"G-Formula","Naive",0.46147242093766,0.405736827503042,-0.0557355934346178,0.879222265717701,0.000220731325685058,-1.23685682051206e-05,0.000346825342799613,0.000592293804894912,0.00253200239776313,0.5056,0.3824,-0.1232,0.756329113924051,11000012,5000,5000,TRUE,TRUE,"parametric_mc20",3
"G-Formula","Proposed",0.499602296577337,0.385229814597712,-0.114372481979625,0.771072945894835,0.000211614372587108,-8.34603269243823e-06,0.000390130158616407,0.000618436596588392,0.00211863710432986,0.5056,0.3824,-0.1232,0.756329113924051,11000012,5000,5000,TRUE,TRUE,"parametric_mc20",3
"IPW","Naive",0.506622555186159,0.439702617785577,-0.0669199374005823,0.867909676117771,0.000434934460995506,-2.43802455552041e-05,0.000559329308632246,0.00104302426073816,0.00362053945612925,0.5056,0.3824,-0.1232,0.756329113924051,11000012,5000,5000,TRUE,TRUE,"parametric_mc20",3
"IPW","Proposed",0.499635850604796,0.386511041750107,-0.113124808854689,0.773585484873125,0.000248269351809472,3.90036430093558e-05,0.000453684475133908,0.000623946540924668,0.00217080931202691,0.5056,0.3824,-0.1232,0.756329113924051,11000012,5000,5000,TRUE,TRUE,"parametric_mc20",3
"AIPW","Naive",0.46143285362695,0.405789826830955,-0.0556430267959948,0.879412516125304,0.000220726021904377,-1.23580394783671e-05,0.000346862388827543,0.000592304489688654,0.00253287336062802,0.5056,0.3824,-0.1232,0.756329113924051,11000012,5000,5000,TRUE,TRUE,"parametric_mc20",3
"AIPW","Proposed",0.499751410706753,0.387386107811342,-0.112365302895411,0.775157607386235,0.000226532975313813,1.98713583945571e-05,0.000431271754935448,0.000618062013460146,0.00214846220642225,0.5056,0.3824,-0.1232,0.756329113924051,11000012,5000,5000,TRUE,TRUE,"parametric_mc20",3
"G-Formula","Naive",0.492203608690276,0.439962843473952,-0.0522407652163236,0.893863506292989,0.000241965011731024,-4.17391704007173e-06,0.000336204158965917,0.000586517004777085,0.00221656215654113,0.5056,0.3824,-0.1232,0.756329113924051,11000012,5000,5000,FALSE,TRUE,"parametric_mc20",3
"G-Formula","Proposed",0.492320306540559,0.43983535162817,-0.0524849549123889,0.893392666897714,0.000240861612457707,-2.77701659644357e-06,0.000333365408145884,0.000579781053796479,0.00218901193835089,0.5056,0.3824,-0.1232,0.756329113924051,11000012,5000,5000,FALSE,TRUE,"parametric_mc20",3
"IPW","Naive",0.506622555186159,0.439702617785577,-0.0669199374005823,0.867909676117771,0.000434934460995506,-2.43802455552041e-05,0.000559329308632246,0.00104302426073816,0.00362053945612925,0.5056,0.3824,-0.1232,0.756329113924051,11000012,5000,5000,FALSE,TRUE,"parametric_mc20",3
"IPW","Proposed",0.499635850604796,0.386511041750107,-0.113124808854689,0.773585484873125,0.000248269351809472,3.90036430093558e-05,0.000453684475133908,0.000623946540924668,0.00217080931202691,0.5056,0.3824,-0.1232,0.756329113924051,11000012,5000,5000,FALSE,TRUE,"parametric_mc20",3
"AIPW","Naive",0.501658823492419,0.436246789530048,-0.0654120339623709,0.869608524959276,0.000233739424461143,-7.42467125766744e-07,0.000334136140763197,0.000569360499475874,0.00203521591478052,0.5056,0.3824,-0.1232,0.756329113924051,11000012,5000,5000,FALSE,TRUE,"parametric_mc20",3
"AIPW","Proposed",0.499599390804162,0.387180162849792,-0.11241922795437,0.774981254934241,0.000222564028755472,2.4656214963313e-05,0.000446417906444214,0.00061966950527306,0.00217096844964556,0.5056,0.3824,-0.1232,0.756329113924051,11000012,5000,5000,FALSE,TRUE,"parametric_mc20",3
"G-Formula","Naive",0.46147242093766,0.405736827503042,-0.0557355934346178,0.879222265717701,0.000220731325685058,-1.23685682051206e-05,0.000346825342799613,0.000592293804894912,0.00253200239776313,0.5056,0.3824,-0.1232,0.756329113924051,11000012,5000,5000,TRUE,FALSE,"parametric_mc20",3
"G-Formula","Proposed",0.499602296577337,0.385229814597712,-0.114372481979625,0.771072945894835,0.000211614372587108,-8.34603269243823e-06,0.000390130158616407,0.000618436596588392,0.00211863710432986,0.5056,0.3824,-0.1232,0.756329113924051,11000012,5000,5000,TRUE,FALSE,"parametric_mc20",3
"IPW","Naive",0.497098892086444,0.443465323268122,-0.0536335688183219,0.892106842980058,0.000444005683959319,-3.53482543074093e-05,0.000571888888004015,0.00108659108057815,0.00399956483533419,0.5056,0.3824,-0.1232,0.756329113924051,11000012,5000,5000,TRUE,FALSE,"parametric_mc20",3
"IPW","Proposed",0.492262173615494,0.440037837140971,-0.0522243364745235,0.893909507425781,0.000304873676844536,5.51053130359024e-05,0.000387129977405855,0.000581793028178586,0.00219636780051228,0.5056,0.3824,-0.1232,0.756329113924051,11000012,5000,5000,TRUE,FALSE,"parametric_mc20",3
"AIPW","Naive",0.461471095076908,0.405748309481829,-0.0557227855950793,0.879249673079107,0.000220730592883821,-1.23682429566877e-05,0.000346825084512855,0.000592292163310052,0.00253206352690045,0.5056,0.3824,-0.1232,0.756329113924051,11000012,5000,5000,TRUE,FALSE,"parametric_mc20",3
"AIPW","Proposed",0.499674726902436,0.385447198510516,-0.11422752839192,0.771396225900727,0.00022652538292625,2.04031211728189e-05,0.000425836785899101,0.000611555926479713,0.00211937027091669,0.5056,0.3824,-0.1232,0.756329113924051,11000012,5000,5000,TRUE,FALSE,"parametric_mc20",3
"G-Formula","Naive",0.492203608690276,0.439962843473952,-0.0522407652163236,0.893863506292989,0.000241965011731024,-4.17391704007173e-06,0.000336204158965917,0.000586517004777085,0.00221656215654113,0.5056,0.3824,-0.1232,0.756329113924051,11000012,5000,5000,FALSE,FALSE,"parametric_mc20",3
"G-Formula","Proposed",0.492320306540559,0.43983535162817,-0.0524849549123889,0.893392666897714,0.000240861612457707,-2.77701659644357e-06,0.000333365408145884,0.000579781053796479,0.00218901193835089,0.5056,0.3824,-0.1232,0.756329113924051,11000012,5000,5000,FALSE,FALSE,"parametric_mc20",3
"IPW","Naive",0.497098892086444,0.443465323268122,-0.0536335688183219,0.892106842980058,0.000444005683959319,-3.53482543074093e-05,0.000571888888004015,0.00108659108057815,0.00399956483533419,0.5056,0.3824,-0.1232,0.756329113924051,11000012,5000,5000,FALSE,FALSE,"parametric_mc20",3
"IPW","Proposed",0.492262173615494,0.440037837140971,-0.0522243364745235,0.893909507425781,0.000304873676844536,5.51053130359024e-05,0.000387129977405855,0.000581793028178586,0.00219636780051228,0.5056,0.3824,-0.1232,0.756329113924051,11000012,5000,5000,FALSE,FALSE,"parametric_mc20",3
"AIPW","Naive",0.492202802266635,0.439973351243928,-0.0522294510227066,0.893886319252581,0.000241963868857059,-4.17376770496027e-06,0.000336209274876814,0.000586520679143794,0.00221662718513753,0.5056,0.3824,-0.1232,0.756329113924051,11000012,5000,5000,FALSE,FALSE,"parametric_mc20",3
"AIPW","Proposed",0.492353316138444,0.440022215545631,-0.0523311005928133,0.893712301963864,0.000281693404658284,3.32597251990078e-05,0.000365446248748531,0.000580620203008799,0.00219045299414956,0.5056,0.3824,-0.1232,0.756329113924051,11000012,5000,5000,FALSE,FALSE,"parametric_mc20",3
"G-Formula","Naive",0.488086615867999,0.399035412523848,-0.0890512033441511,0.817550409191645,0.00221550842871385,-0.000103865018057562,0.0046356027916873,0.00705884125651628,0.0263874898537715,0.542,0.366,-0.176,0.675276752767528,11000013,500,500,TRUE,TRUE,"parametric_mc20",4
"G-Formula","Proposed",0.520546639507646,0.375005089593619,-0.145541549914027,0.720406321224769,0.00211155443098042,-7.92247380895956e-05,0.00627208404866757,0.00854208795582719,0.0276123951786373,0.542,0.366,-0.176,0.675276752767528,11000013,500,500,TRUE,TRUE,"parametric_mc20",4
"IPW","Naive",0.535110863607617,0.442426150215828,-0.0926847133917894,0.826793437219857,0.00442305071132175,-0.000226158382312057,0.00650692894918218,0.011382296425128,0.0345893601475821,0.542,0.366,-0.176,0.675276752767528,11000013,500,500,TRUE,TRUE,"parametric_mc20",4
"IPW","Proposed",0.516956533828648,0.374187878593133,-0.142768655235515,0.723828511890251,0.00255192323411539,0.000429011702925488,0.00657204864387731,0.00826594847214173,0.0272709904382554,0.542,0.366,-0.176,0.675276752767528,11000013,500,500,TRUE,TRUE,"parametric_mc20",4
"AIPW","Naive",0.48806468049259,0.399016726400181,-0.0890479540924093,0.817548866673705,0.00221580814381191,-0.000104462416120413,0.00463512495038047,0.00705985792643321,0.0263927726318514,0.542,0.366,-0.176,0.675276752767528,11000013,500,500,TRUE,TRUE,"parametric_mc20",4
"AIPW","Proposed",0.519420263361241,0.375997252655446,-0.143423010705795,0.723878676242462,0.00231068845933417,0.000245404591701237,0.00657648694024294,0.00839636621617463,0.0275466031051142,0.542,0.366,-0.176,0.675276752767528,11000013,500,500,TRUE,TRUE,"parametric_mc20",4
"G-Formula","Naive",0.521764215971031,0.440646916215936,-0.0811172997550956,0.84453265043458,0.00230316554551687,-4.74979948851908e-05,0.0038658146251317,0.00626397616041895,0.0205288870287981,0.542,0.366,-0.176,0.675276752767528,11000013,500,500,FALSE,TRUE,"parametric_mc20",4
"G-Formula","Proposed",0.50630510863977,0.443430025836513,-0.0628750828032565,0.875815823837576,0.0023282462178746,-2.75025239841658e-05,0.00386347262223455,0.00624672388807748,0.0222260587717314,0.542,0.366,-0.176,0.675276752767528,11000013,500,500,FALSE,TRUE,"parametric_mc20",4
"IPW","Naive",0.535110863607617,0.442426150215828,-0.0926847133917894,0.826793437219857,0.00442305071132175,-0.000226158382312057,0.00650692894918218,0.011382296425128,0.0345893601475821,0.542,0.366,-0.176,0.675276752767528,11000013,500,500,FALSE,TRUE,"parametric_mc20",4
"IPW","Proposed",0.516956533828648,0.374187878593133,-0.142768655235515,0.723828511890251,0.00255192323411539,0.000429011702925488,0.00657204864387731,0.00826594847214173,0.0272709904382554,0.542,0.366,-0.176,0.675276752767528,11000013,500,500,FALSE,TRUE,"parametric_mc20",4
"AIPW","Naive",0.529026826069056,0.43808171775553,-0.0909451083135256,0.82808979841477,0.0022341273230078,-2.0663902490462e-05,0.00386103312844573,0.00613648825643445,0.0193921550222097,0.542,0.366,-0.176,0.675276752767528,11000013,500,500,FALSE,TRUE,"parametric_mc20",4
"AIPW","Proposed",0.521630673788288,0.375105147486753,-0.146525526301535,0.719101015978587,0.00230579277722964,0.00030969672196433,0.00694304384395008,0.00862944317725106,0.0282617346409054,0.542,0.366,-0.176,0.675276752767528,11000013,500,500,FALSE,TRUE,"parametric_mc20",4
"G-Formula","Naive",0.488086615867999,0.399035412523848,-0.0890512033441511,0.817550409191645,0.00221550842871385,-0.000103865018057562,0.0046356027916873,0.00705884125651628,0.0263874898537715,0.542,0.366,-0.176,0.675276752767528,11000013,500,500,TRUE,FALSE,"parametric_mc20",4
"G-Formula","Proposed",0.520546639507646,0.375005089593619,-0.145541549914027,0.720406321224769,0.00211155443098042,-7.92247380895956e-05,0.00627208404866757,0.00854208795582719,0.0276123951786373,0.542,0.366,-0.176,0.675276752767528,11000013,500,500,TRUE,FALSE,"parametric_mc20",4
"IPW","Naive",0.527810920401535,0.445343038882995,-0.0824678815185406,0.843754878251093,0.00455527677953114,-0.000363592333754636,0.00664944059110547,0.0119319020381459,0.0377121278768246,0.542,0.366,-0.176,0.675276752767528,11000013,500,500,TRUE,FALSE,"parametric_mc20",4
"IPW","Proposed",0.500399327447196,0.445115178372247,-0.0552841490749492,0.889519937292915,0.0029413944476617,0.000545944796638179,0.00436266929840103,0.00621217415278637,0.0228386150889369,0.542,0.366,-0.176,0.675276752767528,11000013,500,500,TRUE,FALSE,"parametric_mc20",4
"AIPW","Naive",0.488078289109887,0.399034426761385,-0.0890438623485015,0.817562337159287,0.00221494355047735,-0.000103919761803842,0.00463544732196983,0.00705823039605487,0.0263867201765478,0.542,0.366,-0.176,0.675276752767528,11000013,500,500,TRUE,FALSE,"parametric_mc20",4
"AIPW","Proposed",0.519725331243339,0.374902887371864,-0.144822443871475,0.72134811377191,0.00231328166733757,0.00022410698702532,0.006614827882194,0.00847989557548093,0.0277482769563049,0.542,0.366,-0.176,0.675276752767528,11000013,500,500,TRUE,FALSE,"parametric_mc20",4
"G-Formula","Naive",0.521764215971031,0.440646916215936,-0.0811172997550956,0.84453265043458,0.00230316554551687,-4.74979948851908e-05,0.0038658146251317,0.00626397616041895,0.0205288870287981,0.542,0.366,-0.176,0.675276752767528,11000013,500,500,FALSE,FALSE,"parametric_mc20",4
"G-Formula","Proposed",0.50630510863977,0.443430025836513,-0.0628750828032565,0.875815823837576,0.0023282462178746,-2.75025239841658e-05,0.00386347262223455,0.00624672388807748,0.0222260587717314,0.542,0.366,-0.176,0.675276752767528,11000013,500,500,FALSE,FALSE,"parametric_mc20",4
"IPW","Naive",0.527810920401535,0.445343038882995,-0.0824678815185406,0.843754878251093,0.00455527677953114,-0.000363592333754636,0.00664944059110547,0.0119319020381459,0.0377121278768246,0.542,0.366,-0.176,0.675276752767528,11000013,500,500,FALSE,FALSE,"parametric_mc20",4
"IPW","Proposed",0.500399327447196,0.445115178372247,-0.0552841490749492,0.889519937292915,0.0029413944476617,0.000545944796638179,0.00436266929840103,0.00621217415278637,0.0228386150889369,0.542,0.366,-0.176,0.675276752767528,11000013,500,500,FALSE,FALSE,"parametric_mc20",4
"AIPW","Naive",0.521754170161881,0.440648609357431,-0.0811055608044505,0.844552156086675,0.00230263619428109,-4.73648050252218e-05,0.00386564534475779,0.00626301114908932,0.0205271279013758,0.542,0.366,-0.176,0.675276752767528,11000013,500,500,FALSE,FALSE,"parametric_mc20",4
"AIPW","Proposed",0.505440720258277,0.443320998858693,-0.0621197213995834,0.877097908993481,0.00275713651460441,0.000344289776540522,0.00419069983476545,0.00625925679628882,0.0223423812092132,0.542,0.366,-0.176,0.675276752767528,11000013,500,500,FALSE,FALSE,"parametric_mc20",4
"G-Formula","Naive",0.459100760338221,0.421513960009439,-0.0375868003287816,0.918129518450174,0.000222067810326656,-1.39831743248401e-05,0.000367902268800553,0.00061793642777689,0.00275543965681292,0.501,0.3866,-0.1144,0.771656686626746,11000014,5000,500,TRUE,TRUE,"parametric_mc20",4
"G-Formula","Proposed",0.516480606712199,0.390680369146518,-0.125800237565681,0.756427955027204,0.000358161069241562,-0.000106009844448133,0.000538019752977717,0.00110820051111555,0.00338640535960751,0.501,0.3866,-0.1144,0.771656686626746,11000014,5000,500,TRUE,TRUE,"parametric_mc20",4
"IPW","Naive",0.507583591775225,0.459309484641925,-0.0482741071333002,0.904894271770161,0.000420583712350738,-2.35591536248507e-05,0.000582836440754854,0.00105053846035529,0.00376439011691084,0.501,0.3866,-0.1144,0.771656686626746,11000014,5000,500,TRUE,TRUE,"parametric_mc20",4
"IPW","Proposed",0.516434821424187,0.38845704103217,-0.127977780392017,0.752189869693355,0.000744505963399868,0.000403935837174131,0.00106814321198732,0.00100477750103893,0.00330591590890476,0.501,0.3866,-0.1144,0.771656686626746,11000014,5000,500,TRUE,TRUE,"parametric_mc20",4
"AIPW","Naive",0.459048695169382,0.421422075045106,-0.037626620124276,0.918033488559656,0.000222070216471016,-1.40000696875052e-05,0.000367706324586862,0.000617776680432888,0.00275509315218329,0.501,0.3866,-0.1144,0.771656686626746,11000014,5000,500,TRUE,TRUE,"parametric_mc20",4
"AIPW","Proposed",0.516414789662851,0.388526125300858,-0.127888664361994,0.752352823888937,0.000702224163082759,0.00037175990995494,0.00103480708945108,0.000993511432623962,0.00327316366171335,0.501,0.3866,-0.1144,0.771656686626746,11000014,5000,500,TRUE,TRUE,"parametric_mc20",4
"G-Formula","Naive",0.50404771907726,0.467960788044187,-0.0360869310330732,0.92840572495966,0.00023778667762249,-4.23169454619667e-06,0.00033977737312549,0.000586027439840373,0.00217501018843609,0.501,0.3866,-0.1144,0.771656686626746,11000014,5000,500,FALSE,TRUE,"parametric_mc20",4
"G-Formula","Proposed",0.501437985050424,0.47034432266099,-0.031093662389434,0.93799101121885,0.000268255004508032,-3.09611977853145e-05,0.000364221664589515,0.000694399064668176,0.00261820795930743,0.501,0.3866,-0.1144,0.771656686626746,11000014,5000,500,FALSE,TRUE,"parametric_mc20",4
"IPW","Naive",0.507583591775225,0.459309484641925,-0.0482741071333002,0.904894271770161,0.000420583712350738,-2.35591536248507e-05,0.000582836440754854,0.00105053846035529,0.00376439011691084,0.501,0.3866,-0.1144,0.771656686626746,11000014,5000,500,FALSE,TRUE,"parametric_mc20",4
"IPW","Proposed",0.516434821424187,0.38845704103217,-0.127977780392017,0.752189869693355,0.000744505963399868,0.000403935837174131,0.00106814321198732,0.00100477750103893,0.00330591590890476,0.501,0.3866,-0.1144,0.771656686626746,11000014,5000,500,FALSE,TRUE,"parametric_mc20",4
"AIPW","Naive",0.513782262485,0.464296302822995,-0.0494859596620054,0.90368301267806,0.000227739854373204,-4.04063190698301e-08,0.00033889350653546,0.000566714173546804,0.00198865132097881,0.501,0.3866,-0.1144,0.771656686626746,11000014,5000,500,FALSE,TRUE,"parametric_mc20",4
"AIPW","Proposed",0.516645681329073,0.387593417494452,-0.129052263834621,0.75021127922209,0.000665066103805448,0.000438043292261132,0.00127179069424803,0.00106077021353121,0.0037046340367638,0.501,0.3866,-0.1144,0.771656686626746,11000014,5000,500,FALSE,TRUE,"parametric_mc20",4
"G-Formula","Naive",0.459100760338221,0.421513960009439,-0.0375868003287816,0.918129518450174,0.000222067810326656,-1.39831743248401e-05,0.000367902268800553,0.00061793642777689,0.00275543965681292,0.501,0.3866,-0.1144,0.771656686626746,11000014,5000,500,TRUE,FALSE,"parametric_mc20",4
"G-Formula","Proposed",0.516480606712199,0.390680369146518,-0.125800237565681,0.756427955027204,0.000358161069241562,-0.000106009844448133,0.000538019752977717,0.00110820051111555,0.00338640535960751,0.501,0.3866,-0.1144,0.771656686626746,11000014,5000,500,TRUE,FALSE,"parametric_mc20",4
"IPW","Naive",0.497542058018837,0.462963198337763,-0.0345788596810736,0.930500629798487,0.000435074818777825,-3.82413883200774e-05,0.000597569354366438,0.00110912694978442,0.00422317148612076,0.501,0.3866,-0.1144,0.771656686626746,11000014,5000,500,TRUE,FALSE,"parametric_mc20",4
"IPW","Proposed",0.501054537673599,0.469622863331382,-0.0314316743422173,0.937268955814361,0.000934796909801411,0.000598311356728468,0.000950513877881692,0.000688688074226167,0.00258966684279347,0.501,0.3866,-0.1144,0.771656686626746,11000014,5000,500,TRUE,FALSE,"parametric_mc20",4
"AIPW","Naive",0.459053461521467,0.421543619957407,-0.0375098415640596,0.918288729509329,0.000222036679934143,-1.39904777434673e-05,0.000367990824088317,0.000618008459509395,0.00275669605180142,0.501,0.3866,-0.1144,0.771656686626746,11000014,5000,500,TRUE,FALSE,"parametric_mc20",4
"AIPW","Proposed",0.516430754178802,0.390218520493663,-0.126212233685139,0.755606666210586,0.000702065691063296,0.000364484838556389,0.00104853988514565,0.00102163589909616,0.00336918444418281,0.501,0.3866,-0.1144,0.771656686626746,11000014,5000,500,TRUE,FALSE,"parametric_mc20",4
"G-Formula","Naive",0.50404771907726,0.467960788044187,-0.0360869310330732,0.92840572495966,0.00023778667762249,-4.23169454619667e-06,0.00033977737312549,0.000586027439840373,0.00217501018843609,0.501,0.3866,-0.1144,0.771656686626746,11000014,5000,500,FALSE,FALSE,"parametric_mc20",4
"G-Formula","Proposed",0.501437985050424,0.47034432266099,-0.031093662389434,0.93799101121885,0.000268255004508032,-3.09611977853145e-05,0.000364221664589515,0.000694399064668176,0.00261820795930743,0.501,0.3866,-0.1144,0.771656686626746,11000014,5000,500,FALSE,FALSE,"parametric_mc20",4
"IPW","Naive",0.497542058018837,0.462963198337763,-0.0345788596810736,0.930500629798487,0.000435074818777825,-3.82413883200774e-05,0.000597569354366438,0.00110912694978442,0.00422317148612076,0.501,0.3866,-0.1144,0.771656686626746,11000014,5000,500,FALSE,FALSE,"parametric_mc20",4
"IPW","Proposed",0.501054537673599,0.469622863331382,-0.0314316743422173,0.937268955814361,0.000934796909801411,0.000598311356728468,0.000950513877881692,0.000688688074226167,0.00258966684279347,0.501,0.3866,-0.1144,0.771656686626746,11000014,5000,500,FALSE,FALSE,"parametric_mc20",4
"AIPW","Naive",0.503988835375942,0.467989852070633,-0.035998983305308,0.928571863544447,0.000237791460611045,-4.23188265633219e-06,0.000339784278168807,0.000586039504092517,0.00217585760337763,0.501,0.3866,-0.1144,0.771656686626746,11000014,5000,500,FALSE,FALSE,"parametric_mc20",4
"AIPW","Proposed",0.501349046521672,0.469829698771253,-0.0315193477504186,0.937130931096612,0.000891045500879137,0.000555853843642708,0.000912711679442462,0.000692049493036183,0.00259965283783337,0.501,0.3866,-0.1144,0.771656686626746,11000014,5000,500,FALSE,FALSE,"parametric_mc20",4
"G-Formula","Naive",0.44513282761989,0.445519961047528,0.000387133427637854,1.00086970316188,0.00252429860934482,-9.32060870073285e-05,0.00357712209402747,0.00628783287738695,0.0317567628062681,0.474,0.396,-0.078,0.835443037974684,11000015,500,5000,TRUE,TRUE,"parametric_mc20",4
"G-Formula","Proposed",0.479473306383354,0.43326393823298,-0.0462093681503734,0.903624732523842,0.00238751377745997,-7.39322819793678e-06,0.0038546148824115,0.00625691511626734,0.0253049436241484,0.474,0.396,-0.078,0.835443037974684,11000015,500,5000,TRUE,TRUE,"parametric_mc20",4
"IPW","Naive",0.467992235702291,0.456306395549561,-0.0116858401527306,0.975029841819503,0.00432538840788619,-0.000293514609087072,0.00601965999828058,0.0109320776243409,0.0488734579011446,0.474,0.396,-0.078,0.835443037974684,11000015,500,5000,TRUE,TRUE,"parametric_mc20",4
"IPW","Proposed",0.478531764506233,0.43457999602345,-0.0439517684827829,0.908152871464794,0.00220956298291044,4.1204247616074e-05,0.00403197930113087,0.00615913378880915,0.0252386196337774,0.474,0.396,-0.078,0.835443037974684,11000015,500,5000,TRUE,TRUE,"parametric_mc20",4
"AIPW","Naive",0.443489261349208,0.442379711515125,-0.00110954983408273,0.997498135962284,0.00250878818527129,-0.000102013437674712,0.00355350261565254,0.00626631767627326,0.0317936902713254,0.474,0.396,-0.078,0.835443037974684,11000015,500,5000,TRUE,TRUE,"parametric_mc20",4
"AIPW","Proposed",0.477429240289434,0.426295496138337,-0.0511337441510973,0.892897753560091,0.00237173324396078,7.34840615447918e-06,0.00393025647269774,0.00628729290434957,0.0254806992667427,0.474,0.396,-0.078,0.835443037974684,11000015,500,5000,TRUE,TRUE,"parametric_mc20",4
"G-Formula","Naive",0.470255446491932,0.460813109205901,-0.00944233728603111,0.979920833758609,0.00260919666875694,-3.25578959947092e-05,0.00359536794578746,0.00626968040653382,0.0278766335800154,0.474,0.396,-0.078,0.835443037974684,11000015,500,5000,FALSE,TRUE,"parametric_mc20",4
"G-Formula","Proposed",0.468064119677875,0.463876416286158,-0.00418770339171709,0.991053141619573,0.00261453570365855,-2.08078981856825e-06,0.00363858955022842,0.00625728683352411,0.0283483711832628,0.474,0.396,-0.078,0.835443037974684,11000015,500,5000,FALSE,TRUE,"parametric_mc20",4
"IPW","Naive",0.467992235702291,0.456306395549561,-0.0116858401527306,0.975029841819503,0.00432538840788619,-0.000293514609087072,0.00601965999828058,0.0109320776243409,0.0488734579011446,0.474,0.396,-0.078,0.835443037974684,11000015,500,5000,FALSE,TRUE,"parametric_mc20",4
"IPW","Proposed",0.478531764506233,0.43457999602345,-0.0439517684827829,0.908152871464794,0.00220956298291044,4.1204247616074e-05,0.00403197930113087,0.00615913378880915,0.0252386196337774,0.474,0.396,-0.078,0.835443037974684,11000015,500,5000,FALSE,TRUE,"parametric_mc20",4
"AIPW","Naive",0.471443573581299,0.456262499499973,-0.0151810740813257,0.967798746378059,0.00253108452755854,6.64679600114139e-06,0.00356891586791889,0.00608670680347514,0.0266659620968219,0.474,0.396,-0.078,0.835443037974684,11000015,500,5000,FALSE,TRUE,"parametric_mc20",4
"AIPW","Proposed",0.478223584638087,0.424729671173742,-0.0534939134643446,0.888140369520194,0.00224241631330367,9.04310512673435e-06,0.00415643581147584,0.00638076591452603,0.0258383587317864,0.474,0.396,-0.078,0.835443037974684,11000015,500,5000,FALSE,TRUE,"parametric_mc20",4
"G-Formula","Naive",0.44513282761989,0.445519961047528,0.000387133427637854,1.00086970316188,0.00252429860934482,-9.32060870073285e-05,0.00357712209402747,0.00628783287738695,0.0317567628062681,0.474,0.396,-0.078,0.835443037974684,11000015,500,5000,TRUE,FALSE,"parametric_mc20",4
"G-Formula","Proposed",0.479473306383354,0.43326393823298,-0.0462093681503734,0.903624732523842,0.00238751377745997,-7.39322819793678e-06,0.0038546148824115,0.00625691511626734,0.0253049436241484,0.474,0.396,-0.078,0.835443037974684,11000015,500,5000,TRUE,FALSE,"parametric_mc20",4
"IPW","Naive",0.465042467733175,0.457848340090791,-0.00719412764238392,0.984530170593986,0.00443637711560201,-0.000389739009842406,0.00611866493094406,0.0113345200662309,0.0517249180518775,0.474,0.396,-0.078,0.835443037974684,11000015,500,5000,TRUE,FALSE,"parametric_mc20",4
"IPW","Proposed",0.466425398895987,0.465010952415012,-0.00141444648097461,0.996967475432679,0.00264200222905346,5.55207166408286e-05,0.00363529363105265,0.00616625442682446,0.0282717379375957,0.474,0.396,-0.078,0.835443037974684,11000015,500,5000,TRUE,FALSE,"parametric_mc20",4
"AIPW","Naive",0.4436562489108,0.442901817365062,-0.000754431545737511,0.998299513311061,0.00250786634166561,-0.000100304112191938,0.00355525542660775,0.00626372999265724,0.0317778761802819,0.474,0.396,-0.078,0.835443037974684,11000015,500,5000,TRUE,FALSE,"parametric_mc20",4
"AIPW","Proposed",0.478274861285928,0.430458749875955,-0.0478161114099731,0.900023782806793,0.00237281679111215,4.46878326315746e-06,0.00386884966361282,0.00623272888819865,0.0252807371987431,0.474,0.396,-0.078,0.835443037974684,11000015,500,5000,TRUE,FALSE,"parametric_mc20",4
"G-Formula","Naive",0.470255446491932,0.460813109205901,-0.00944233728603111,0.979920833758609,0.00260919666875694,-3.25578959947092e-05,0.00359536794578746,0.00626968040653382,0.0278766335800154,0.474,0.396,-0.078,0.835443037974684,11000015,500,5000,FALSE,FALSE,"parametric_mc20",4
"G-Formula","Proposed",0.468064119677875,0.463876416286158,-0.00418770339171709,0.991053141619573,0.00261453570365855,-2.08078981856825e-06,0.00363858955022842,0.00625728683352411,0.0283483711832628,0.474,0.396,-0.078,0.835443037974684,11000015,500,5000,FALSE,FALSE,"parametric_mc20",4
"IPW","Naive",0.465042467733175,0.457848340090791,-0.00719412764238392,0.984530170593986,0.00443637711560201,-0.000389739009842406,0.00611866493094406,0.0113345200662309,0.0517249180518775,0.474,0.396,-0.078,0.835443037974684,11000015,500,5000,FALSE,FALSE,"parametric_mc20",4
"IPW","Proposed",0.466425398895987,0.465010952415012,-0.00141444648097461,0.996967475432679,0.00264200222905346,5.55207166408286e-05,0.00363529363105265,0.00616625442682446,0.0282717379375957,0.474,0.396,-0.078,0.835443037974684,11000015,500,5000,FALSE,FALSE,"parametric_mc20",4
"AIPW","Naive",0.468617651238235,0.457928481957129,-0.0106891692811066,0.977189998599365,0.00260104817450318,-3.78249433274038e-05,0.00358785599942692,0.00626455406058491,0.0279847537780034,0.474,0.396,-0.078,0.835443037974684,11000015,500,5000,FALSE,FALSE,"parametric_mc20",4
"AIPW","Proposed",0.466585201750499,0.461052703020359,-0.00553249873014044,0.988142575655241,0.00262675096680709,1.73822233122477e-05,0.00366531143868846,0.00625729795887105,0.0284599755270843,0.474,0.396,-0.078,0.835443037974684,11000015,500,5000,FALSE,FALSE,"parametric_mc20",4
"G-Formula","Naive",0.468426742240033,0.39819965776862,-0.0702270844714124,0.850078831674759,0.000240853433858307,-1.26380106548065e-05,0.000398263122083532,0.000664392577251453,0.00270617464639164,0.5024,0.3844,-0.118,0.765127388535032,11000016,5000,5000,TRUE,TRUE,"parametric_mc20",4
"G-Formula","Proposed",0.505340699129727,0.3787988538325,-0.126541845297227,0.749591027369949,0.0002341924252827,-7.98334934829422e-06,0.000457423778936673,0.000707582902915962,0.00235338416587643,0.5024,0.3844,-0.118,0.765127388535032,11000016,5000,5000,TRUE,TRUE,"parametric_mc20",4
"IPW","Naive",0.528648332283987,0.43665140426934,-0.091996928014647,0.825977077016055,0.000456268036806793,-1.9954907460567e-05,0.000531106618333549,0.00102728447006148,0.00313220599818713,0.5024,0.3844,-0.118,0.765127388535032,11000016,5000,5000,TRUE,TRUE,"parametric_mc20",4
"IPW","Proposed",0.505563575452891,0.369556424284443,-0.136007151168448,0.730979133442098,0.000287640798775185,3.98219869459875e-05,0.000468199601946092,0.000676196426829302,0.00220535537864149,0.5024,0.3844,-0.118,0.765127388535032,11000016,5000,5000,TRUE,TRUE,"parametric_mc20",4
"AIPW","Naive",0.468426467535917,0.398070529028806,-0.0703559385071111,0.849803665285595,0.000240841828098166,-1.26384644692522e-05,0.000398043025091261,0.000664161782127931,0.00270459493783222,0.5024,0.3844,-0.118,0.765127388535032,11000016,5000,5000,TRUE,TRUE,"parametric_mc20",4
"AIPW","Proposed",0.506046801661267,0.371197025406069,-0.134849776255198,0.733523113252551,0.000251737525948909,2.1711485538849e-05,0.000491310938617163,0.000699625493488374,0.0023231033009304,0.5024,0.3844,-0.118,0.765127388535032,11000016,5000,5000,TRUE,TRUE,"parametric_mc20",4
"G-Formula","Naive",0.511521432839288,0.437692513457928,-0.0738289193813601,0.855667984483935,0.000263482001078457,-4.33593578549278e-06,0.000372031268341666,0.000644185140991109,0.00218748475579177,0.5024,0.3844,-0.118,0.765127388535032,11000016,5000,5000,FALSE,TRUE,"parametric_mc20",4
"G-Formula","Proposed",0.510753689438583,0.437609643958386,-0.0731440454801978,0.85679193906441,0.000269103438278912,-2.96014819843749e-06,0.000358619114595434,0.000633642849271221,0.00215141569214184,0.5024,0.3844,-0.118,0.765127388535032,11000016,5000,5000,FALSE,TRUE,"parametric_mc20",4
"IPW","Naive",0.528648332283987,0.43665140426934,-0.091996928014647,0.825977077016055,0.000456268036806793,-1.9954907460567e-05,0.000531106618333549,0.00102728447006148,0.00313220599818713,0.5024,0.3844,-0.118,0.765127388535032,11000016,5000,5000,FALSE,TRUE,"parametric_mc20",4
"IPW","Proposed",0.505563575452891,0.369556424284443,-0.136007151168448,0.730979133442098,0.000287640798775185,3.98219869459875e-05,0.000468199601946092,0.000676196426829302,0.00220535537864149,0.5024,0.3844,-0.118,0.765127388535032,11000016,5000,5000,FALSE,TRUE,"parametric_mc20",4
"AIPW","Naive",0.521673200090938,0.434207865519517,-0.087465334571421,0.832336921743011,0.000256285810127472,-1.41045656459413e-06,0.00037052399403155,0.00062963071728821,0.00202255061367128,0.5024,0.3844,-0.118,0.765127388535032,11000016,5000,5000,FALSE,TRUE,"parametric_mc20",4
"AIPW","Proposed",0.507287965178294,0.372990060610746,-0.134297904567548,0.735262979242278,0.000257557845862796,2.93865777589045e-05,0.000516081419550646,0.000714866109895633,0.00237858046882635,0.5024,0.3844,-0.118,0.765127388535032,11000016,5000,5000,FALSE,TRUE,"parametric_mc20",4
"G-Formula","Naive",0.468426742240033,0.39819965776862,-0.0702270844714124,0.850078831674759,0.000240853433858307,-1.26380106548065e-05,0.000398263122083532,0.000664392577251453,0.00270617464639164,0.5024,0.3844,-0.118,0.765127388535032,11000016,5000,5000,TRUE,FALSE,"parametric_mc20",4
"G-Formula","Proposed",0.505340699129727,0.3787988538325,-0.126541845297227,0.749591027369949,0.0002341924252827,-7.98334934829422e-06,0.000457423778936673,0.000707582902915962,0.00235338416587643,0.5024,0.3844,-0.118,0.765127388535032,11000016,5000,5000,TRUE,FALSE,"parametric_mc20",4
"IPW","Naive",0.518882714007774,0.440294447470153,-0.0785882665376209,0.848543294243478,0.000467316272001047,-3.20067135209559e-05,0.000543216322756909,0.00107454602179987,0.00346908614093435,0.5024,0.3844,-0.118,0.765127388535032,11000016,5000,5000,TRUE,FALSE,"parametric_mc20",4
"IPW","Proposed",0.509519130874721,0.437783626600007,-0.0717355042747136,0.859209399749993,0.000344471028327888,5.65284458252238e-05,0.0003950540761087,0.000626468212786141,0.00212710465727351,0.5024,0.3844,-0.118,0.765127388535032,11000016,5000,5000,TRUE,FALSE,"parametric_mc20",4
"AIPW","Naive",0.468443028759557,0.39815646088509,-0.0702865678744671,0.849957062952593,0.000240857109240818,-1.26290868163597e-05,0.000398220379734496,0.000664335662608034,0.0027054934277338,0.5024,0.3844,-0.118,0.765127388535032,11000016,5000,5000,TRUE,FALSE,"parametric_mc20",4
"AIPW","Proposed",0.506041393394725,0.377597126105357,-0.128444267289368,0.746178338440433,0.000251741357193951,2.08046508171679e-05,0.00049072924622093,0.000700861301780545,0.00234243716670219,0.5024,0.3844,-0.118,0.765127388535032,11000016,5000,5000,TRUE,FALSE,"parametric_mc20",4
"G-Formula","Naive",0.511521432839288,0.437692513457928,-0.0738289193813601,0.855667984483935,0.000263482001078457,-4.33593578549278e-06,0.000372031268341666,0.000644185140991109,0.00218748475579177,0.5024,0.3844,-0.118,0.765127388535032,11000016,5000,5000,FALSE,FALSE,"parametric_mc20",4
"G-Formula","Proposed",0.510753689438583,0.437609643958386,-0.0731440454801978,0.85679193906441,0.000269103438278912,-2.96014819843749e-06,0.000358619114595434,0.000633642849271221,0.00215141569214184,0.5024,0.3844,-0.118,0.765127388535032,11000016,5000,5000,FALSE,FALSE,"parametric_mc20",4
"IPW","Naive",0.518882714007774,0.440294447470153,-0.0785882665376209,0.848543294243478,0.000467316272001047,-3.20067135209559e-05,0.000543216322756909,0.00107454602179987,0.00346908614093435,0.5024,0.3844,-0.118,0.765127388535032,11000016,5000,5000,FALSE,FALSE,"parametric_mc20",4
"IPW","Proposed",0.509519130874721,0.437783626600007,-0.0717355042747136,0.859209399749993,0.000344471028327888,5.65284458252238e-05,0.0003950540761087,0.000626468212786141,0.00212710465727351,0.5024,0.3844,-0.118,0.765127388535032,11000016,5000,5000,FALSE,FALSE,"parametric_mc20",4
"AIPW","Naive",0.511531874902682,0.437652207959594,-0.073879666943088,0.855571723742253,0.000263468778201492,-4.33823799763638e-06,0.000372015589603816,0.000644160843800581,0.00218714453498393,0.5024,0.3844,-0.118,0.765127388535032,11000016,5000,5000,FALSE,FALSE,"parametric_mc20",4
"AIPW","Proposed",0.511298292131316,0.436500164450115,-0.0747981276812005,0.853709412230952,0.000313370998538629,3.43619273901876e-05,0.000390614089508819,0.000635261233267073,0.00214337894843443,0.5024,0.3844,-0.118,0.765127388535032,11000016,5000,5000,FALSE,FALSE,"parametric_mc20",4
"G-Formula","Naive",0.429522850302715,0.433420864213451,0.00389801391073596,1.00907521895049,0.00225841847513923,-7.19342844390481e-05,0.00560478272325544,0.00800706976727276,0.043631405361388,0.502,0.392,-0.11,0.780876494023904,11000017,500,500,TRUE,TRUE,"parametric_mc20",5
"G-Formula","Proposed",0.477653005134754,0.444628975292733,-0.0330240298420218,0.930861881979147,0.00226421602460326,-5.1612708277279e-05,0.00766913903331331,0.0100365804744711,0.0426345715026815,0.502,0.392,-0.11,0.780876494023904,11000017,500,500,TRUE,TRUE,"parametric_mc20",5
"IPW","Naive",0.467136986428973,0.413998896573621,-0.0531380898553523,0.88624730775106,0.00403111473789469,-0.000396568008028597,0.00765960098348361,0.0124838517374355,0.0528313251654863,0.502,0.392,-0.11,0.780876494023904,11000017,500,500,TRUE,TRUE,"parametric_mc20",5
"IPW","Proposed",0.477609698927262,0.426184437012389,-0.0514252619148737,0.89232785257423,0.00259470203116838,0.00037299823034022,0.00838452342564167,0.0102332289961296,0.0428952476776661,0.502,0.392,-0.11,0.780876494023904,11000017,500,500,TRUE,TRUE,"parametric_mc20",5
"AIPW","Naive",0.429651694139012,0.434028154232012,0.00437646009299991,1.01018606502127,0.00225276275628576,-7.33812377656136e-05,0.00557863829170115,0.00797816352351813,0.043476493106723,0.502,0.392,-0.11,0.780876494023904,11000017,500,500,TRUE,TRUE,"parametric_mc20",5
"AIPW","Proposed",0.477851067755918,0.438053256970692,-0.0397978107852255,0.916715032212602,0.00241649074979051,0.000184351821888153,0.00804477662887976,0.010092563734894,0.0426445132114789,0.502,0.392,-0.11,0.780876494023904,11000017,500,500,TRUE,TRUE,"parametric_mc20",5
"G-Formula","Naive",0.462377455237104,0.4225676665591,-0.0398097886780044,0.913901968560318,0.00248874344214964,-9.30572027890223e-05,0.00438619136499624,0.00706104921272393,0.0310343406905457,0.502,0.392,-0.11,0.780876494023904,11000017,500,500,FALSE,TRUE,"parametric_mc20",5
"G-Formula","Proposed",0.461328932994072,0.42621038817275,-0.035118544821322,0.9238752605578,0.00237719206612909,-7.47875632010482e-05,0.00426396139125958,0.00679072858379077,0.0302183029987742,0.502,0.392,-0.11,0.780876494023904,11000017,500,500,FALSE,TRUE,"parametric_mc20",5
"IPW","Naive",0.467136986428973,0.413998896573621,-0.0531380898553523,0.88624730775106,0.00403111473789469,-0.000396568008028597,0.00765960098348361,0.0124838517374355,0.0528313251654863,0.502,0.392,-0.11,0.780876494023904,11000017,500,500,FALSE,TRUE,"parametric_mc20",5
"IPW","Proposed",0.477609698927262,0.426184437012389,-0.0514252619148737,0.89232785257423,0.00259470203116838,0.00037299823034022,0.00838452342564167,0.0102332289961296,0.0428952476776661,0.502,0.392,-0.11,0.780876494023904,11000017,500,500,FALSE,TRUE,"parametric_mc20",5
"AIPW","Naive",0.469688691975105,0.423753157767285,-0.0459355342078197,0.902200042298965,0.00240025976287621,-0.000111642666657253,0.00437438075342779,0.00699792584961851,0.0295980734718502,0.502,0.392,-0.11,0.780876494023904,11000017,500,500,FALSE,TRUE,"parametric_mc20",5
"AIPW","Proposed",0.476241719065475,0.438233879971384,-0.0380078390940914,0.920192126030719,0.00227211990900446,0.000139448053752799,0.0080814248119253,0.0100746486134242,0.0429825705010622,0.502,0.392,-0.11,0.780876494023904,11000017,500,500,FALSE,TRUE,"parametric_mc20",5
"G-Formula","Naive",0.429522850302715,0.433420864213451,0.00389801391073596,1.00907521895049,0.00225841847513923,-7.19342844390481e-05,0.00560478272325544,0.00800706976727276,0.043631405361388,0.502,0.392,-0.11,0.780876494023904,11000017,500,500,TRUE,FALSE,"parametric_mc20",5
"G-Formula","Proposed",0.477653005134754,0.444628975292733,-0.0330240298420218,0.930861881979147,0.00226421602460326,-5.1612708277279e-05,0.00766913903331331,0.0100365804744711,0.0426345715026815,0.502,0.392,-0.11,0.780876494023904,11000017,500,500,TRUE,FALSE,"parametric_mc20",5
"IPW","Naive",0.46004531380599,0.412841871141363,-0.047203442664627,0.897393927841348,0.00420288323511465,-0.000471907637843905,0.00762434820151571,0.0127710467123182,0.0560190706795909,0.502,0.392,-0.11,0.780876494023904,11000017,500,500,TRUE,FALSE,"parametric_mc20",5
"IPW","Proposed",0.461721916619665,0.416907255602694,-0.0448146610169711,0.902940147729902,0.00304467658084778,0.000465528660851009,0.00488429815687498,0.00699791741602074,0.0306113073612695,0.502,0.392,-0.11,0.780876494023904,11000017,500,500,TRUE,FALSE,"parametric_mc20",5
"AIPW","Naive",0.429202267468002,0.43356690284306,0.00436463537505749,1.01016918060756,0.00225208856464341,-7.27040364814613e-05,0.00558622611728333,0.00798372275488966,0.0435971888927789,0.502,0.392,-0.11,0.780876494023904,11000017,500,500,TRUE,FALSE,"parametric_mc20",5
"AIPW","Proposed",0.477539944873658,0.444509198470499,-0.0330307464031592,0.930831448221786,0.00242130935600276,0.000177495330943721,0.00794639868243419,0.0100127173765495,0.0425965247590946,0.502,0.392,-0.11,0.780876494023904,11000017,500,500,TRUE,FALSE,"parametric_mc20",5
"G-Formula","Naive",0.462377455237104,0.4225676665591,-0.0398097886780044,0.913901968560318,0.00248874344214964,-9.30572027890223e-05,0.00438619136499624,0.00706104921272393,0.0310343406905457,0.502,0.392,-0.11,0.780876494023904,11000017,500,500,FALSE,FALSE,"parametric_mc20",5
"G-Formula","Proposed",0.461328932994072,0.42621038817275,-0.035118544821322,0.9238752605578,0.00237719206612909,-7.47875632010482e-05,0.00426396139125958,0.00679072858379077,0.0302183029987742,0.502,0.392,-0.11,0.780876494023904,11000017,500,500,FALSE,FALSE,"parametric_mc20",5
"IPW","Naive",0.46004531380599,0.412841871141363,-0.047203442664627,0.897393927841348,0.00420288323511465,-0.000471907637843905,0.00762434820151571,0.0127710467123182,0.0560190706795909,0.502,0.392,-0.11,0.780876494023904,11000017,500,500,FALSE,FALSE,"parametric_mc20",5
"IPW","Proposed",0.461721916619665,0.416907255602694,-0.0448146610169711,0.902940147729902,0.00304467658084778,0.000465528660851009,0.00488429815687498,0.00699791741602074,0.0306113073612695,0.502,0.392,-0.11,0.780876494023904,11000017,500,500,FALSE,FALSE,"parametric_mc20",5
"AIPW","Naive",0.462608638957997,0.422697924040836,-0.0399107149171616,0.913726827481954,0.00248890991244785,-9.53509601914577e-05,0.00436976211493684,0.00704937394776761,0.0309429221194692,0.502,0.392,-0.11,0.780876494023904,11000017,500,500,FALSE,FALSE,"parametric_mc20",5
"AIPW","Proposed",0.461394496073367,0.426097402795056,-0.0352970932783115,0.923499102007713,0.00274113517968513,0.000253068435196298,0.00455453861207136,0.00678953692136389,0.0301801630792762,0.502,0.392,-0.11,0.780876494023904,11000017,500,500,FALSE,FALSE,"parametric_mc20",5
"G-Formula","Naive",0.413155820504418,0.393592929875953,-0.0195628906284649,0.952650090698031,0.000215520252745978,-1.2243384068921e-05,0.000341915279560851,0.000581922300444671,0.00328555229253817,0.4798,0.3772,-0.1026,0.786160900375156,11000018,5000,500,TRUE,TRUE,"parametric_mc20",5
"G-Formula","Proposed",0.438336792798491,0.378874129925603,-0.0594626628728884,0.864344805524404,0.000315363419937669,-7.32089064180605e-05,0.000452741945841516,0.000914523178615307,0.00424121225521459,0.4798,0.3772,-0.1026,0.786160900375156,11000018,5000,500,TRUE,TRUE,"parametric_mc20",5
"IPW","Naive",0.461966935467554,0.429588915892955,-0.0323780195745982,0.929912690522259,0.000403448319743276,-2.09167995747389e-05,0.000551260105115463,0.000996542024008216,0.0044000911788152,0.4798,0.3772,-0.1026,0.786160900375156,11000018,5000,500,TRUE,TRUE,"parametric_mc20",5
"IPW","Proposed",0.438906785415784,0.379323542787364,-0.0595832426284207,0.864246248615235,0.000611433077371796,0.000331176881234719,0.000919616318249921,0.000868695633152278,0.00417294228597513,0.4798,0.3772,-0.1026,0.786160900375156,11000018,5000,500,TRUE,TRUE,"parametric_mc20",5
"AIPW","Naive",0.413221395635914,0.393824097442704,-0.0193972981932103,0.953058340158405,0.000215529925808952,-1.22565232692165e-05,0.000341913075057722,0.000581956047405107,0.00328573533939974,0.4798,0.3772,-0.1026,0.786160900375156,11000018,5000,500,TRUE,TRUE,"parametric_mc20",5
"AIPW","Proposed",0.438644284604092,0.37864098728737,-0.0600032973167219,0.863207388257939,0.000574390788775078,0.000302216542832577,0.000901395886144964,0.000871353589254889,0.00419751502032915,0.4798,0.3772,-0.1026,0.786160900375156,11000018,5000,500,TRUE,TRUE,"parametric_mc20",5
"G-Formula","Naive",0.449415302588369,0.432184517286728,-0.0172307853016408,0.961659549191134,0.000244930453140308,-3.23567372664263e-06,0.000327588329250836,0.000578990129844429,0.00277421973138009,0.4798,0.3772,-0.1026,0.786160900375156,11000018,5000,500,FALSE,TRUE,"parametric_mc20",5
"G-Formula","Proposed",0.44596855440027,0.435848118468881,-0.0101204359313893,0.977306839615634,0.000263282201719084,-2.37010339075187e-05,0.00036225747257033,0.000672941742104451,0.00331871392327688,0.4798,0.3772,-0.1026,0.786160900375156,11000018,5000,500,FALSE,TRUE,"parametric_mc20",5
"IPW","Naive",0.461966935467554,0.429588915892955,-0.0323780195745982,0.929912690522259,0.000403448319743276,-2.09167995747389e-05,0.000551260105115463,0.000996542024008216,0.0044000911788152,0.4798,0.3772,-0.1026,0.786160900375156,11000018,5000,500,FALSE,TRUE,"parametric_mc20",5
"IPW","Proposed",0.438906785415784,0.379323542787364,-0.0595832426284207,0.864246248615235,0.000611433077371796,0.000331176881234719,0.000919616318249921,0.000868695633152278,0.00417294228597513,0.4798,0.3772,-0.1026,0.786160900375156,11000018,5000,500,FALSE,TRUE,"parametric_mc20",5
"AIPW","Naive",0.45859633018133,0.428911688350746,-0.0296846418305839,0.93527065116538,0.000238773913087545,3.15066297535813e-09,0.000326229415385462,0.000564997027147056,0.00254426798469651,0.4798,0.3772,-0.1026,0.786160900375156,11000018,5000,500,FALSE,TRUE,"parametric_mc20",5
"AIPW","Proposed",0.438635438505583,0.379815185169642,-0.0588202533359409,0.86590173029261,0.000588471763776188,0.000364279909584308,0.00103424792976921,0.000894159874376779,0.00438986433239589,0.4798,0.3772,-0.1026,0.786160900375156,11000018,5000,500,FALSE,TRUE,"parametric_mc20",5
"G-Formula","Naive",0.413155820504418,0.393592929875953,-0.0195628906284649,0.952650090698031,0.000215520252745978,-1.2243384068921e-05,0.000341915279560851,0.000581922300444671,0.00328555229253817,0.4798,0.3772,-0.1026,0.786160900375156,11000018,5000,500,TRUE,FALSE,"parametric_mc20",5
"G-Formula","Proposed",0.438336792798491,0.378874129925603,-0.0594626628728884,0.864344805524404,0.000315363419937669,-7.32089064180605e-05,0.000452741945841516,0.000914523178615307,0.00424121225521459,0.4798,0.3772,-0.1026,0.786160900375156,11000018,5000,500,TRUE,FALSE,"parametric_mc20",5
"IPW","Naive",0.45299273070029,0.432947440825466,-0.0200452898748238,0.955749201882698,0.000411902026383008,-3.20043617177735e-05,0.000563355345229575,0.00103926609504813,0.00487706850173825,0.4798,0.3772,-0.1026,0.786160900375156,11000018,5000,500,TRUE,FALSE,"parametric_mc20",5
"IPW","Proposed",0.446635303642109,0.435951419086157,-0.0106838845559522,0.9760791758537,0.000800060608213639,0.000491804153626591,0.000854642033291902,0.00067109433425236,0.00329253282585379,0.4798,0.3772,-0.1026,0.786160900375156,11000018,5000,500,TRUE,FALSE,"parametric_mc20",5
"AIPW","Naive",0.413207991773344,0.393723103816972,-0.0194848879563714,0.952844842441819,0.00021554647846455,-1.22661797860116e-05,0.00034179050503766,0.000581869343074233,0.00328488213999326,0.4798,0.3772,-0.1026,0.786160900375156,11000018,5000,500,TRUE,FALSE,"parametric_mc20",5
"AIPW","Proposed",0.438661458812124,0.378844793397754,-0.0598166654143698,0.863638201595484,0.000574230573522079,0.000302479378034735,0.000906117730781284,0.000875389548233894,0.00421961222993715,0.4798,0.3772,-0.1026,0.786160900375156,11000018,5000,500,TRUE,FALSE,"parametric_mc20",5
"G-Formula","Naive",0.449415302588369,0.432184517286728,-0.0172307853016408,0.961659549191134,0.000244930453140308,-3.23567372664263e-06,0.000327588329250836,0.000578990129844429,0.00277421973138009,0.4798,0.3772,-0.1026,0.786160900375156,11000018,5000,500,FALSE,FALSE,"parametric_mc20",5
"G-Formula","Proposed",0.44596855440027,0.435848118468881,-0.0101204359313893,0.977306839615634,0.000263282201719084,-2.37010339075187e-05,0.00036225747257033,0.000672941742104451,0.00331871392327688,0.4798,0.3772,-0.1026,0.786160900375156,11000018,5000,500,FALSE,FALSE,"parametric_mc20",5
"IPW","Naive",0.45299273070029,0.432947440825466,-0.0200452898748238,0.955749201882698,0.000411902026383008,-3.20043617177735e-05,0.000563355345229575,0.00103926609504813,0.00487706850173825,0.4798,0.3772,-0.1026,0.786160900375156,11000018,5000,500,FALSE,FALSE,"parametric_mc20",5
"IPW","Proposed",0.446635303642109,0.435951419086157,-0.0106838845559522,0.9760791758537,0.000800060608213639,0.000491804153626591,0.000854642033291902,0.00067109433425236,0.00329253282585379,0.4798,0.3772,-0.1026,0.786160900375156,11000018,5000,500,FALSE,FALSE,"parametric_mc20",5
"AIPW","Naive",0.449475254419417,0.432290495945943,-0.0171847584734743,0.961767064361148,0.000244930883441279,-3.23948852798759e-06,0.000327594747285461,0.000579004607782715,0.00277380393590314,0.4798,0.3772,-0.1026,0.786160900375156,11000018,5000,500,FALSE,FALSE,"parametric_mc20",5
"AIPW","Proposed",0.446350397484183,0.435815678277433,-0.0105347192067503,0.976398096056084,0.000760646386825872,0.000455377948013298,0.000819901154060813,0.000669791644860088,0.00329172255152056,0.4798,0.3772,-0.1026,0.786160900375156,11000018,5000,500,FALSE,FALSE,"parametric_mc20",5
"G-Formula","Naive",0.3935888839068,0.42248445021207,0.0288955663052708,1.07341560569102,0.00181999397294233,-0.000182809561040377,0.00297008155590738,0.00515569465093047,0.0352430465810138,0.518,0.41,-0.108,0.791505791505791,11000019,500,5000,TRUE,TRUE,"parametric_mc20",5
"G-Formula","Proposed",0.480313022821848,0.382497197636912,-0.0978158251849359,0.796349837424216,0.00149062573989565,-1.33290502566568e-05,0.00304366558424613,0.0045609494246551,0.0173827439210304,0.518,0.41,-0.108,0.791505791505791,11000019,500,5000,TRUE,TRUE,"parametric_mc20",5
"IPW","Naive",0.422988362887147,0.479160257974059,0.0561718950869116,1.13279773160544,0.00339448280260192,-0.00013541143564069,0.00580570768048598,0.00947101335436929,0.0585091057023458,0.518,0.41,-0.108,0.791505791505791,11000019,500,5000,TRUE,TRUE,"parametric_mc20",5
"IPW","Proposed",0.479824949367871,0.358724908324921,-0.12110004104295,0.747616206280043,0.00138149687705508,2.44745044818683e-05,0.00280682351891357,0.00413937138700491,0.015386170303094,0.518,0.41,-0.108,0.791505791505791,11000019,500,5000,TRUE,TRUE,"parametric_mc20",5
"AIPW","Naive",0.392826127082671,0.419775646140066,0.0269495190573949,1.06860419203156,0.00181530214132735,-0.000182195057229458,0.00291105944901855,0.00509075170480481,0.0348213755391169,0.518,0.41,-0.108,0.791505791505791,11000019,500,5000,TRUE,TRUE,"parametric_mc20",5
"AIPW","Proposed",0.479744255870083,0.376831612757248,-0.102912643112834,0.785484366193842,0.00149234084999121,7.18472144600195e-07,0.00294253453782486,0.00443343844352687,0.0167807187450604,0.518,0.41,-0.108,0.791505791505791,11000019,500,5000,TRUE,TRUE,"parametric_mc20",5
"G-Formula","Naive",0.427633879528432,0.455409422583173,0.0277755430547409,1.06495168971497,0.00201979531778595,-1.8595214874367e-05,0.00335630197358903,0.00541328772112371,0.0310962959563843,0.518,0.41,-0.108,0.791505791505791,11000019,500,5000,FALSE,TRUE,"parametric_mc20",5
"G-Formula","Proposed",0.455147832617549,0.454874480285182,-0.000273352332367138,0.999399420775454,0.00196195181833468,-2.48350444981424e-06,0.00316363740795304,0.00513055623518735,0.0247548199262054,0.518,0.41,-0.108,0.791505791505791,11000019,500,5000,FALSE,TRUE,"parametric_mc20",5
"IPW","Naive",0.422988362887147,0.479160257974059,0.0561718950869116,1.13279773160544,0.00339448280260192,-0.00013541143564069,0.00580570768048598,0.00947101335436929,0.0585091057023458,0.518,0.41,-0.108,0.791505791505791,11000019,500,5000,FALSE,TRUE,"parametric_mc20",5
"IPW","Proposed",0.479824949367871,0.358724908324921,-0.12110004104295,0.747616206280043,0.00138149687705508,2.44745044818683e-05,0.00280682351891357,0.00413937138700491,0.015386170303094,0.518,0.41,-0.108,0.791505791505791,11000019,500,5000,FALSE,TRUE,"parametric_mc20",5
"AIPW","Naive",0.437501318477307,0.449384830978506,0.011883512501199,1.02716223243066,0.00188110027921489,5.36817086828508e-05,0.00323969836065052,0.00501343522249971,0.0267183845110996,0.518,0.41,-0.108,0.791505791505791,11000019,500,5000,FALSE,TRUE,"parametric_mc20",5
"AIPW","Proposed",0.483628209866909,0.379324135038095,-0.104304074828814,0.784330043821228,0.00132478792715959,5.5779041930994e-06,0.00310751986890791,0.0044211519876813,0.0167328236015159,0.518,0.41,-0.108,0.791505791505791,11000019,500,5000,FALSE,TRUE,"parametric_mc20",5
"G-Formula","Naive",0.3935888839068,0.42248445021207,0.0288955663052708,1.07341560569102,0.00181999397294233,-0.000182809561040377,0.00297008155590738,0.00515569465093047,0.0352430465810138,0.518,0.41,-0.108,0.791505791505791,11000019,500,5000,TRUE,FALSE,"parametric_mc20",5
"G-Formula","Proposed",0.480313022821848,0.382497197636912,-0.0978158251849359,0.796349837424216,0.00149062573989565,-1.33290502566568e-05,0.00304366558424613,0.0045609494246551,0.0173827439210304,0.518,0.41,-0.108,0.791505791505791,11000019,500,5000,TRUE,FALSE,"parametric_mc20",5
"IPW","Naive",0.410998924339039,0.481538835272926,0.0705399109338877,1.17163040279808,0.00359411536151234,-0.000274653353351471,0.0059076349319432,0.0100510570001585,0.0679902772371861,0.518,0.41,-0.108,0.791505791505791,11000019,500,5000,TRUE,FALSE,"parametric_mc20",5
"IPW","Proposed",0.447376293710796,0.443279287196367,-0.00409700651442829,0.990842146595553,0.00206802857822276,5.15298322938252e-05,0.00297954664741597,0.00494451556105108,0.0245209321109914,0.518,0.41,-0.108,0.791505791505791,11000019,500,5000,TRUE,FALSE,"parametric_mc20",5
"AIPW","Naive",0.392708036274123,0.419653044553715,0.0269450082795925,1.06861333558446,0.00181269984028933,-0.000181818435697583,0.00291058006302954,0.00508691677471404,0.0348149757040808,0.518,0.41,-0.108,0.791505791505791,11000019,500,5000,TRUE,FALSE,"parametric_mc20",5
"AIPW","Proposed",0.480203693901527,0.380406814164991,-0.0997968797365357,0.792178025692154,0.00147733896444937,-9.76882301919357e-08,0.00300353452001118,0.00448106886092094,0.0170462389460771,0.518,0.41,-0.108,0.791505791505791,11000019,500,5000,TRUE,FALSE,"parametric_mc20",5
"G-Formula","Naive",0.427633879528432,0.455409422583173,0.0277755430547409,1.06495168971497,0.00201979531778595,-1.8595214874367e-05,0.00335630197358903,0.00541328772112371,0.0310962959563843,0.518,0.41,-0.108,0.791505791505791,11000019,500,5000,FALSE,FALSE,"parametric_mc20",5
"G-Formula","Proposed",0.455147832617549,0.454874480285182,-0.000273352332367138,0.999399420775454,0.00196195181833468,-2.48350444981424e-06,0.00316363740795304,0.00513055623518735,0.0247548199262054,0.518,0.41,-0.108,0.791505791505791,11000019,500,5000,FALSE,FALSE,"parametric_mc20",5
"IPW","Naive",0.410998924339039,0.481538835272926,0.0705399109338877,1.17163040279808,0.00359411536151234,-0.000274653353351471,0.0059076349319432,0.0100510570001585,0.0679902772371861,0.518,0.41,-0.108,0.791505791505791,11000019,500,5000,FALSE,FALSE,"parametric_mc20",5
"IPW","Proposed",0.447376293710796,0.443279287196367,-0.00409700651442829,0.990842146595553,0.00206802857822276,5.15298322938252e-05,0.00297954664741597,0.00494451556105108,0.0245209321109914,0.518,0.41,-0.108,0.791505791505791,11000019,500,5000,FALSE,FALSE,"parametric_mc20",5
"AIPW","Naive",0.427465283140222,0.452865312078947,0.0254000289387247,1.05942009781972,0.00201983840604382,-1.75630103983275e-05,0.00327450453484512,0.00532946896168559,0.0305304572688958,0.518,0.41,-0.108,0.791505791505791,11000019,500,5000,FALSE,FALSE,"parametric_mc20",5
"AIPW","Proposed",0.455234860311996,0.453006134497093,-0.00222872581490297,0.995104228587908,0.00197642865777198,1.71713955353068e-05,0.00309879055827452,0.00504087642497589,0.0242316601805295,0.518,0.41,-0.108,0.791505791505791,11000019,500,5000,FALSE,FALSE,"parametric_mc20",5
"G-Formula","Naive",0.448766840540551,0.442893734072517,-0.00587310646803352,0.986912788696778,0.000210564342133011,-1.0108304600427e-05,0.000389468110336606,0.00062024906167047,0.00305131351813995,0.4948,0.3962,-0.0986,0.800727566693614,11000020,5000,5000,TRUE,TRUE,"parametric_mc20",5
"G-Formula","Proposed",0.49977352711022,0.426481132558174,-0.073292394552046,0.85334878584739,0.000200614258493427,-7.29802466451746e-06,0.000506951693543405,0.000722162001365867,0.00266439450651565,0.4948,0.3962,-0.0986,0.800727566693614,11000020,5000,5000,TRUE,TRUE,"parametric_mc20",5
"IPW","Naive",0.497592424060117,0.470730759126065,-0.0268616649340528,0.946016732499915,0.00042077945649784,-2.57548908894285e-05,0.000588045121535919,0.00106033435981262,0.00409271853493962,0.4948,0.3962,-0.0986,0.800727566693614,11000020,5000,5000,TRUE,TRUE,"parametric_mc20",5
"IPW","Proposed",0.500844619749163,0.423746229611397,-0.0770983901377664,0.846063255753093,0.000241696988516071,4.26218673226389e-05,0.00054951833776381,0.000705971591634604,0.00259286871834467,0.4948,0.3962,-0.0986,0.800727566693614,11000020,5000,5000,TRUE,TRUE,"parametric_mc20",5
"AIPW","Naive",0.448698504147595,0.442864118395456,-0.00583438575213929,0.986997091146486,0.000210571618635649,-1.01096546020059e-05,0.000389405970102391,0.000620196897942051,0.00305216531318225,0.4948,0.3962,-0.0986,0.800727566693614,11000020,5000,5000,TRUE,TRUE,"parametric_mc20",5
"AIPW","Proposed",0.499873856681638,0.424616790957084,-0.0752570657245537,0.849447886264467,0.000214452463308938,2.20956639951432e-05,0.000542776503558087,0.000713037638876739,0.00264124837467334,0.4948,0.3962,-0.0986,0.800727566693614,11000020,5000,5000,TRUE,TRUE,"parametric_mc20",5
"G-Formula","Naive",0.481836576525143,0.468761226219805,-0.013075350305338,0.97286351650671,0.000233609155285597,-5.01666516674049e-06,0.00033124123028181,0.000574883715900889,0.00242112813224897,0.4948,0.3962,-0.0986,0.800727566693614,11000020,5000,5000,FALSE,TRUE,"parametric_mc20",5
"G-Formula","Proposed",0.481177052988484,0.46941735935844,-0.0117596936300434,0.975560568491356,0.000230835090102023,-3.57758609822408e-06,0.000328785111438204,0.000566775373736675,0.00239905053031942,0.4948,0.3962,-0.0986,0.800727566693614,11000020,5000,5000,FALSE,TRUE,"parametric_mc20",5
"IPW","Naive",0.497592424060117,0.470730759126065,-0.0268616649340528,0.946016732499915,0.00042077945649784,-2.57548908894285e-05,0.000588045121535919,0.00106033435981262,0.00409271853493962,0.4948,0.3962,-0.0986,0.800727566693614,11000020,5000,5000,FALSE,TRUE,"parametric_mc20",5
"IPW","Proposed",0.500844619749163,0.423746229611397,-0.0770983901377664,0.846063255753093,0.000241696988516071,4.26218673226389e-05,0.00054951833776381,0.000705971591634604,0.00259286871834467,0.4948,0.3962,-0.0986,0.800727566693614,11000020,5000,5000,FALSE,TRUE,"parametric_mc20",5
"AIPW","Naive",0.496756596375188,0.465622747362683,-0.0311338490125051,0.937325746170886,0.000226357984786623,-2.8801408297072e-06,0.000331718168635765,0.000563836435081802,0.00217205166941745,0.4948,0.3962,-0.0986,0.800727566693614,11000020,5000,5000,FALSE,TRUE,"parametric_mc20",5
"AIPW","Proposed",0.500388100743356,0.424942786265216,-0.0754453144781398,0.849226401734851,0.000211627955443863,2.41169638963802e-05,0.000559388247031524,0.000722782274682627,0.00268003681225481,0.4948,0.3962,-0.0986,0.800727566693614,11000020,5000,5000,FALSE,TRUE,"parametric_mc20",5
"G-Formula","Naive",0.448766840540551,0.442893734072517,-0.00587310646803352,0.986912788696778,0.000210564342133011,-1.0108304600427e-05,0.000389468110336606,0.00062024906167047,0.00305131351813995,0.4948,0.3962,-0.0986,0.800727566693614,11000020,5000,5000,TRUE,FALSE,"parametric_mc20",5
"G-Formula","Proposed",0.49977352711022,0.426481132558174,-0.073292394552046,0.85334878584739,0.000200614258493427,-7.29802466451746e-06,0.000506951693543405,0.000722162001365867,0.00266439450651565,0.4948,0.3962,-0.0986,0.800727566693614,11000020,5000,5000,TRUE,FALSE,"parametric_mc20",5
"IPW","Naive",0.482792210452559,0.473785449985581,-0.00900676046697807,0.98134443706427,0.000426651823357614,-3.49504683761634e-05,0.000594904817561998,0.00109145757767194,0.00460933937463751,0.4948,0.3962,-0.0986,0.800727566693614,11000020,5000,5000,TRUE,FALSE,"parametric_mc20",5
"IPW","Proposed",0.48158109832072,0.469734029518395,-0.0118470688023249,0.975399639139419,0.000293924871616701,5.69606489438663e-05,0.000385635270988313,0.000565638844717281,0.00238943197763797,0.4948,0.3962,-0.0986,0.800727566693614,11000020,5000,5000,TRUE,FALSE,"parametric_mc20",5
"AIPW","Naive",0.448770733173441,0.442910617681161,-0.00586011549228033,0.986941850127255,0.000210569684329311,-1.01102589582453e-05,0.000389450596477008,0.00062024079872281,0.00305128150598856,0.4948,0.3962,-0.0986,0.800727566693614,11000020,5000,5000,TRUE,FALSE,"parametric_mc20",5
"AIPW","Proposed",0.499783019948797,0.42655257987122,-0.0732304400775772,0.853475534072607,0.000214477258025867,2.11511616988639e-05,0.000544655672348338,0.000716830606976477,0.00266143462404479,0.4948,0.3962,-0.0986,0.800727566693614,11000020,5000,5000,TRUE,FALSE,"parametric_mc20",5
"G-Formula","Naive",0.481836576525143,0.468761226219805,-0.013075350305338,0.97286351650671,0.000233609155285597,-5.01666516674049e-06,0.00033124123028181,0.000574883715900889,0.00242112813224897,0.4948,0.3962,-0.0986,0.800727566693614,11000020,5000,5000,FALSE,FALSE,"parametric_mc20",5
"G-Formula","Proposed",0.481177052988484,0.46941735935844,-0.0117596936300434,0.975560568491356,0.000230835090102023,-3.57758609822408e-06,0.000328785111438204,0.000566775373736675,0.00239905053031942,0.4948,0.3962,-0.0986,0.800727566693614,11000020,5000,5000,FALSE,FALSE,"parametric_mc20",5
"IPW","Naive",0.482792210452559,0.473785449985581,-0.00900676046697807,0.98134443706427,0.000426651823357614,-3.49504683761634e-05,0.000594904817561998,0.00109145757767194,0.00460933937463751,0.4948,0.3962,-0.0986,0.800727566693614,11000020,5000,5000,FALSE,FALSE,"parametric_mc20",5
"IPW","Proposed",0.48158109832072,0.469734029518395,-0.0118470688023249,0.975399639139419,0.000293924871616701,5.69606489438663e-05,0.000385635270988313,0.000565638844717281,0.00238943197763797,0.4948,0.3962,-0.0986,0.800727566693614,11000020,5000,5000,FALSE,FALSE,"parametric_mc20",5
"AIPW","Naive",0.481835816123656,0.468780108895639,-0.0130557072280166,0.972904240840689,0.000233613060884523,-5.01669924975743e-06,0.000331241466788215,0.000574887926172253,0.00242123449420314,0.4948,0.3962,-0.0986,0.800727566693614,11000020,5000,5000,FALSE,FALSE,"parametric_mc20",5
"AIPW","Proposed",0.48118126510764,0.469515261109417,-0.0116660039982227,0.975755489990632,0.000269353085517813,3.41967475478776e-05,0.000365463418736338,0.000566423009158396,0.002397813940335,0.4948,0.3962,-0.0986,0.800727566693614,11000020,5000,5000,FALSE,FALSE,"parametric_mc20",5
"G-Formula","Naive",0.419216207250888,0.388318739270398,-0.0308974679804895,0.926297057589669,0.00220248753616565,-9.890999167478e-05,0.00510809031044961,0.00750839782996482,0.040861678723006,0.482,0.4,-0.082,0.829875518672199,11000021,500,500,TRUE,TRUE,"parametric_mc20",6
"G-Formula","Proposed",0.49501341340934,0.346324477644294,-0.148688935765046,0.699626451047113,0.00215810625615015,-8.14950375191089e-05,0.00831581255291853,0.0106369088841069,0.0387130879581497,0.482,0.4,-0.082,0.829875518672199,11000021,500,500,TRUE,TRUE,"parametric_mc20",6
"IPW","Naive",0.479133827783509,0.441767275983156,-0.0373665518003534,0.922012286268301,0.0041103817624645,-0.000218475961002864,0.00667960006868317,0.0112269337531534,0.0460721074776574,0.482,0.4,-0.082,0.829875518672199,11000021,500,500,TRUE,TRUE,"parametric_mc20",6
"IPW","Proposed",0.495117442632476,0.333414500803439,-0.161702941829036,0.673404877498796,0.00257192599138951,0.000361479347963617,0.00708586627063963,0.00893483356610191,0.0316769341913809,0.482,0.4,-0.082,0.829875518672199,11000021,500,500,TRUE,TRUE,"parametric_mc20",6
"AIPW","Naive",0.419233140007016,0.387934508433759,-0.0312986315732564,0.925343135867712,0.00220058819473149,-9.91139053602888e-05,0.0050867845427976,0.00748560054824966,0.0407068403256792,0.482,0.4,-0.082,0.829875518672199,11000021,500,500,TRUE,TRUE,"parametric_mc20",6
"AIPW","Proposed",0.494779976293082,0.339985833727019,-0.154794142566063,0.687145499044264,0.00227646698707604,0.000188553825203251,0.00803408557598797,0.00993344491265751,0.036150218812297,0.482,0.4,-0.082,0.829875518672199,11000021,500,500,TRUE,TRUE,"parametric_mc20",6
"G-Formula","Naive",0.468933348852238,0.440928332356125,-0.0280050164961128,0.940279324205331,0.00241621909447936,-1.91759942856157e-05,0.00400880014679254,0.00646337122984313,0.0281088881458815,0.482,0.4,-0.082,0.829875518672199,11000021,500,500,FALSE,TRUE,"parametric_mc20",6
"G-Formula","Proposed",0.46632726790951,0.445232223636488,-0.0210950442730223,0.954763433912864,0.00239844621952283,-9.29113843931414e-06,0.00398975422088248,0.00640678271728394,0.028482586714346,0.482,0.4,-0.082,0.829875518672199,11000021,500,500,FALSE,TRUE,"parametric_mc20",6
"IPW","Naive",0.479133827783509,0.441767275983156,-0.0373665518003534,0.922012286268301,0.0041103817624645,-0.000218475961002864,0.00667960006868317,0.0112269337531534,0.0460721074776574,0.482,0.4,-0.082,0.829875518672199,11000021,500,500,FALSE,TRUE,"parametric_mc20",6
"IPW","Proposed",0.495117442632476,0.333414500803439,-0.161702941829036,0.673404877498796,0.00257192599138951,0.000361479347963617,0.00708586627063963,0.00893483356610191,0.0316769341913809,0.482,0.4,-0.082,0.829875518672199,11000021,500,500,FALSE,TRUE,"parametric_mc20",6
"AIPW","Naive",0.473109093249627,0.439238907782177,-0.0338701854674507,0.928409354310213,0.00233425996904403,9.51615239154712e-06,0.00399365105474929,0.00630887871901023,0.0267521032128505,0.482,0.4,-0.082,0.829875518672199,11000021,500,500,FALSE,TRUE,"parametric_mc20",6
"AIPW","Proposed",0.495793505791233,0.347912685401474,-0.147880820389759,0.701729008826452,0.00228308528814647,0.000241378703122277,0.00814476502795249,0.00994509290985441,0.0363296921322441,0.482,0.4,-0.082,0.829875518672199,11000021,500,500,FALSE,TRUE,"parametric_mc20",6
"G-Formula","Naive",0.419216207250888,0.388318739270398,-0.0308974679804895,0.926297057589669,0.00220248753616565,-9.890999167478e-05,0.00510809031044961,0.00750839782996482,0.040861678723006,0.482,0.4,-0.082,0.829875518672199,11000021,500,500,TRUE,FALSE,"parametric_mc20",6
"G-Formula","Proposed",0.49501341340934,0.346324477644294,-0.148688935765046,0.699626451047113,0.00215810625615015,-8.14950375191089e-05,0.00831581255291853,0.0106369088841069,0.0387130879581497,0.482,0.4,-0.082,0.829875518672199,11000021,500,500,TRUE,FALSE,"parametric_mc20",6
"IPW","Naive",0.475077058968778,0.443437312782344,-0.0316397461864339,0.933400812375339,0.00429052696592372,-0.000400691607922132,0.00685840688091722,0.0119503170626852,0.0502639551186167,0.482,0.4,-0.082,0.829875518672199,11000021,500,500,TRUE,FALSE,"parametric_mc20",6
"IPW","Proposed",0.466073183042243,0.447271859003488,-0.018801324038756,0.959660146254216,0.00296880700999055,0.000536533325323435,0.00457196759890309,0.00646770795824677,0.0288932063483326,0.482,0.4,-0.082,0.829875518672199,11000021,500,500,TRUE,FALSE,"parametric_mc20",6
"AIPW","Naive",0.4193305809933,0.388044495844951,-0.031286085148349,0.925390404214643,0.00220092987507215,-9.85441547667715e-05,0.00509284439390465,0.00749086257851035,0.0407192020878712,0.482,0.4,-0.082,0.829875518672199,11000021,500,500,TRUE,FALSE,"parametric_mc20",6
"AIPW","Proposed",0.4949844731197,0.346037583874069,-0.148946889245631,0.699087754597887,0.00227800115601189,0.000178286466917863,0.00861467330347836,0.0105361015256545,0.0386870945133736,0.482,0.4,-0.082,0.829875518672199,11000021,500,500,TRUE,FALSE,"parametric_mc20",6
"G-Formula","Naive",0.468933348852238,0.440928332356125,-0.0280050164961128,0.940279324205331,0.00241621909447936,-1.91759942856157e-05,0.00400880014679254,0.00646337122984313,0.0281088881458815,0.482,0.4,-0.082,0.829875518672199,11000021,500,500,FALSE,FALSE,"parametric_mc20",6
"G-Formula","Proposed",0.46632726790951,0.445232223636488,-0.0210950442730223,0.954763433912864,0.00239844621952283,-9.29113843931414e-06,0.00398975422088248,0.00640678271728394,0.028482586714346,0.482,0.4,-0.082,0.829875518672199,11000021,500,500,FALSE,FALSE,"parametric_mc20",6
"IPW","Naive",0.475077058968778,0.443437312782344,-0.0316397461864339,0.933400812375339,0.00429052696592372,-0.000400691607922132,0.00685840688091722,0.0119503170626852,0.0502639551186167,0.482,0.4,-0.082,0.829875518672199,11000021,500,500,FALSE,FALSE,"parametric_mc20",6
"IPW","Proposed",0.466073183042243,0.447271859003488,-0.018801324038756,0.959660146254216,0.00296880700999055,0.000536533325323435,0.00457196759890309,0.00646770795824677,0.0288932063483326,0.482,0.4,-0.082,0.829875518672199,11000021,500,500,FALSE,FALSE,"parametric_mc20",6
"AIPW","Naive",0.468930227606517,0.440545312520195,-0.0283849150863221,0.939468787859545,0.00241524817084943,-2.00165086874396e-05,0.00400494621044758,0.00646022739867189,0.0280781382526584,0.482,0.4,-0.082,0.829875518672199,11000021,500,500,FALSE,FALSE,"parametric_mc20",6
"AIPW","Proposed",0.466314326783007,0.444789498299504,-0.0215248284835035,0.953840516477377,0.00275360572368923,0.000326391487640174,0.00431713939599534,0.00641796214440423,0.028511282511727,0.482,0.4,-0.082,0.829875518672199,11000021,500,500,FALSE,FALSE,"parametric_mc20",6
"G-Formula","Naive",0.456533265806085,0.422259056573173,-0.034274209232912,0.924925056288297,0.000207217134108324,-1.30572772210199e-05,0.000348953099969016,0.00058228478851938,0.00264068521008569,0.5044,0.3988,-0.1056,0.790642347343378,11000022,5000,500,TRUE,TRUE,"parametric_mc20",6
"G-Formula","Proposed",0.497528476463358,0.399035976753994,-0.0984924997093646,0.80203645747176,0.000340015417634577,-8.83114548484962e-05,0.000469084514743534,0.000985722842075104,0.00335089211227544,0.5044,0.3988,-0.1056,0.790642347343378,11000022,5000,500,TRUE,TRUE,"parametric_mc20",6
"IPW","Naive",0.51219891504871,0.464871317683815,-0.0473275973648948,0.90759918466365,0.000419022422613981,-2.49533535469635e-05,0.00057336909232643,0.00104229822203434,0.00367385818761712,0.5044,0.3988,-0.1056,0.790642347343378,11000022,5000,500,TRUE,TRUE,"parametric_mc20",6
"IPW","Proposed",0.498386466584586,0.398342977242294,-0.100043489342292,0.799265236819362,0.000713051075019161,0.000394391131734342,0.000993288449338056,0.000917557260888533,0.00329465785902973,0.5044,0.3988,-0.1056,0.790642347343378,11000022,5000,500,TRUE,TRUE,"parametric_mc20",6
"AIPW","Naive",0.456535070057432,0.422257525277749,-0.0342775447796826,0.92491804676611,0.000207216786357824,-1.30557983276444e-05,0.000348948101635349,0.000582276484648461,0.00264061203363837,0.5044,0.3988,-0.1056,0.790642347343378,11000022,5000,500,TRUE,TRUE,"parametric_mc20",6
"AIPW","Proposed",0.497526443392569,0.399071958524516,-0.0984544848680527,0.80211205620207,0.000671071681705639,0.000360380335245801,0.000979965534220651,0.000930276545434688,0.00336760271067678,0.5044,0.3988,-0.1056,0.790642347343378,11000022,5000,500,TRUE,TRUE,"parametric_mc20",6
"G-Formula","Naive",0.502355067544718,0.46526172799814,-0.0370933395465787,0.926161112043969,0.000231337958112847,-3.76336309642819e-06,0.000322727507467464,0.000561592191773168,0.00209277604739121,0.5044,0.3988,-0.1056,0.790642347343378,11000022,5000,500,FALSE,TRUE,"parametric_mc20",6
"G-Formula","Proposed",0.504205845106814,0.46402678409653,-0.0401790610102842,0.920312187174719,0.000256855198070971,-2.73157480489762e-05,0.000351071698919931,0.000662558393088855,0.00243446988889905,0.5044,0.3988,-0.1056,0.790642347343378,11000022,5000,500,FALSE,TRUE,"parametric_mc20",6
"IPW","Naive",0.51219891504871,0.464871317683815,-0.0473275973648948,0.90759918466365,0.000419022422613981,-2.49533535469635e-05,0.00057336909232643,0.00104229822203434,0.00367385818761712,0.5044,0.3988,-0.1056,0.790642347343378,11000022,5000,500,FALSE,TRUE,"parametric_mc20",6
"IPW","Proposed",0.498386466584586,0.398342977242294,-0.100043489342292,0.799265236819362,0.000713051075019161,0.000394391131734342,0.000993288449338056,0.000917557260888533,0.00329465785902973,0.5044,0.3988,-0.1056,0.790642347343378,11000022,5000,500,FALSE,TRUE,"parametric_mc20",6
"AIPW","Naive",0.509895523569609,0.462416879214283,-0.0474786443553261,0.906885543879766,0.000222814694224265,-4.2935840123731e-07,0.00032116104223313,0.000544834453259869,0.00194309447661423,0.5044,0.3988,-0.1056,0.790642347343378,11000022,5000,500,FALSE,TRUE,"parametric_mc20",6
"AIPW","Proposed",0.498423833548479,0.400742681712144,-0.0976811518363352,0.804019901815481,0.000679370026960688,0.000436289135772512,0.00113638085391009,0.000943172609325753,0.00351809728599026,0.5044,0.3988,-0.1056,0.790642347343378,11000022,5000,500,FALSE,TRUE,"parametric_mc20",6
"G-Formula","Naive",0.456533265806085,0.422259056573173,-0.034274209232912,0.924925056288297,0.000207217134108324,-1.30572772210199e-05,0.000348953099969016,0.00058228478851938,0.00264068521008569,0.5044,0.3988,-0.1056,0.790642347343378,11000022,5000,500,TRUE,FALSE,"parametric_mc20",6
"G-Formula","Proposed",0.497528476463358,0.399035976753994,-0.0984924997093646,0.80203645747176,0.000340015417634577,-8.83114548484962e-05,0.000469084514743534,0.000985722842075104,0.00335089211227544,0.5044,0.3988,-0.1056,0.790642347343378,11000022,5000,500,TRUE,FALSE,"parametric_mc20",6
"IPW","Naive",0.504758881934827,0.467727462222094,-0.0370314197127329,0.926635427254325,0.000434125816329508,-3.94917395929906e-05,0.00058714586888838,0.00110025516440387,0.00405483981231568,0.5044,0.3988,-0.1056,0.790642347343378,11000022,5000,500,TRUE,FALSE,"parametric_mc20",6
"IPW","Proposed",0.504194204400272,0.463636979215691,-0.0405572251845813,0.91956031062907,0.00094487138470541,0.000593236971998679,0.000913678813881296,0.000672076254589349,0.00244528133876966,0.5044,0.3988,-0.1056,0.790642347343378,11000022,5000,500,TRUE,FALSE,"parametric_mc20",6
"AIPW","Naive",0.456533256243698,0.42225909666573,-0.0342741595779671,0.924925163481033,0.000207217173756867,-1.30574093870933e-05,0.000348953473467916,0.00058228546599897,0.00264068865908622,0.5044,0.3988,-0.1056,0.790642347343378,11000022,5000,500,TRUE,FALSE,"parametric_mc20",6
"AIPW","Proposed",0.497528623053023,0.399030042948745,-0.0984985801042789,0.802024294602681,0.000670895571883281,0.000361161859592314,0.000977588089964058,0.000926159942662711,0.00335232060450154,0.5044,0.3988,-0.1056,0.790642347343378,11000022,5000,500,TRUE,FALSE,"parametric_mc20",6
"G-Formula","Naive",0.502355067544718,0.46526172799814,-0.0370933395465787,0.926161112043969,0.000231337958112847,-3.76336309642819e-06,0.000322727507467464,0.000561592191773168,0.00209277604739121,0.5044,0.3988,-0.1056,0.790642347343378,11000022,5000,500,FALSE,FALSE,"parametric_mc20",6
"G-Formula","Proposed",0.504205845106814,0.46402678409653,-0.0401790610102842,0.920312187174719,0.000256855198070971,-2.73157480489762e-05,0.000351071698919931,0.000662558393088855,0.00243446988889905,0.5044,0.3988,-0.1056,0.790642347343378,11000022,5000,500,FALSE,FALSE,"parametric_mc20",6
"IPW","Naive",0.504758881934827,0.467727462222094,-0.0370314197127329,0.926635427254325,0.000434125816329508,-3.94917395929906e-05,0.00058714586888838,0.00110025516440387,0.00405483981231568,0.5044,0.3988,-0.1056,0.790642347343378,11000022,5000,500,FALSE,FALSE,"parametric_mc20",6
"IPW","Proposed",0.504194204400272,0.463636979215691,-0.0405572251845813,0.91956031062907,0.00094487138470541,0.000593236971998679,0.000913678813881296,0.000672076254589349,0.00244528133876966,0.5044,0.3988,-0.1056,0.790642347343378,11000022,5000,500,FALSE,FALSE,"parametric_mc20",6
"AIPW","Naive",0.502355055004781,0.465261764705557,-0.0370932902992239,0.926161208233744,0.000231337931769793,-3.76331322330139e-06,0.000322727427342484,0.00056159198555888,0.00209277554496297,0.5044,0.3988,-0.1056,0.790642347343378,11000022,5000,500,FALSE,FALSE,"parametric_mc20",6
"AIPW","Proposed",0.504205785163258,0.464010477184614,-0.0401953079786437,0.920279954809267,0.000896646026482332,0.000551181881493926,0.000874822782417454,0.000669105045911933,0.00243770822478536,0.5044,0.3988,-0.1056,0.790642347343378,11000022,5000,500,FALSE,FALSE,"parametric_mc20",6
"G-Formula","Naive",0.47085186031894,0.399254221190464,-0.0715976391284763,0.847940201234464,0.00286762330089769,-9.08581754455662e-05,0.00359637655201223,0.00664571620380105,0.0262167391243496,0.5,0.38,-0.12,0.76,11000023,500,5000,TRUE,TRUE,"parametric_mc20",6
"G-Formula","Proposed",0.509372474975882,0.3650734546896,-0.144299020286281,0.716712175519272,0.00270350569267498,-7.93581687291694e-06,0.00360690831164211,0.00632628563806293,0.0192977895600958,0.5,0.38,-0.12,0.76,11000023,500,5000,TRUE,TRUE,"parametric_mc20",6
"IPW","Naive",0.489008535442715,0.419355641430898,-0.0696528940118166,0.857563030165194,0.00448548619464331,-0.000267288613489759,0.00510723135474568,0.0101272947763685,0.037069293345788,0.5,0.38,-0.12,0.76,11000023,500,5000,TRUE,TRUE,"parametric_mc20",6
"IPW","Proposed",0.503578117161955,0.393342006067693,-0.110236111094262,0.781094318165519,0.00255677329581622,4.22270035596287e-05,0.0073005969500712,0.00977291623876816,0.0346800236287351,0.5,0.38,-0.12,0.76,11000023,500,5000,TRUE,TRUE,"parametric_mc20",6
"AIPW","Naive",0.471595875177419,0.39976852163312,-0.0718273535442994,0.847692998762389,0.00286358293206447,-9.11298048991862e-05,0.00360574021634322,0.00665158275820606,0.0261595944069546,0.5,0.38,-0.12,0.76,11000023,500,5000,TRUE,TRUE,"parametric_mc20",6
"AIPW","Proposed",0.507311672015795,0.385359059510147,-0.121952612505648,0.759610079497932,0.00270384250756432,5.47703504226613e-06,0.00422958209425695,0.00692247053173673,0.0224637989884854,0.5,0.38,-0.12,0.76,11000023,500,5000,TRUE,TRUE,"parametric_mc20",6
"G-Formula","Naive",0.496444057692969,0.441483180801469,-0.0549608768915001,0.889290895842506,0.00289284711950594,-1.24931893869133e-05,0.00369226543503973,0.00661009893331949,0.0243542164851246,0.5,0.38,-0.12,0.76,11000023,500,5000,FALSE,TRUE,"parametric_mc20",6
"G-Formula","Proposed",0.501951647985447,0.434908601778212,-0.0670430462072353,0.866435250334751,0.00289384667166927,-2.36024187786154e-06,0.00359509223564433,0.00649365939106932,0.0229073109160672,0.5,0.38,-0.12,0.76,11000023,500,5000,FALSE,TRUE,"parametric_mc20",6
"IPW","Naive",0.489008535442715,0.419355641430898,-0.0696528940118166,0.857563030165194,0.00448548619464331,-0.000267288613489759,0.00510723135474568,0.0101272947763685,0.037069293345788,0.5,0.38,-0.12,0.76,11000023,500,5000,FALSE,TRUE,"parametric_mc20",6
"IPW","Proposed",0.503578117161955,0.393342006067693,-0.110236111094262,0.781094318165519,0.00255677329581622,4.22270035596287e-05,0.0073005969500712,0.00977291623876816,0.0346800236287351,0.5,0.38,-0.12,0.76,11000023,500,5000,FALSE,TRUE,"parametric_mc20",6
"AIPW","Naive",0.50928494129772,0.434836812078182,-0.0744481292195379,0.853818318229015,0.00288036005008665,1.00516546485458e-05,0.00365575287761911,0.00651600961840867,0.0221242309560122,0.5,0.38,-0.12,0.76,11000023,500,5000,FALSE,TRUE,"parametric_mc20",6
"AIPW","Proposed",0.509396943395495,0.380654354602322,-0.128742588793173,0.747264701010941,0.00272618380043494,1.33661854940229e-05,0.00422656117786876,0.00692601260731565,0.0220779350782302,0.5,0.38,-0.12,0.76,11000023,500,5000,FALSE,TRUE,"parametric_mc20",6
"G-Formula","Naive",0.47085186031894,0.399254221190464,-0.0715976391284763,0.847940201234464,0.00286762330089769,-9.08581754455662e-05,0.00359637655201223,0.00664571620380105,0.0262167391243496,0.5,0.38,-0.12,0.76,11000023,500,5000,TRUE,FALSE,"parametric_mc20",6
"G-Formula","Proposed",0.509372474975882,0.3650734546896,-0.144299020286281,0.716712175519272,0.00270350569267498,-7.93581687291694e-06,0.00360690831164211,0.00632628563806293,0.0192977895600958,0.5,0.38,-0.12,0.76,11000023,500,5000,TRUE,FALSE,"parametric_mc20",6
"IPW","Naive",0.475821362084102,0.425572304434873,-0.0502490576492297,0.894395120410025,0.00448780377708236,-0.000359475875173228,0.00524061036018955,0.0104473658876184,0.0418435208141584,0.5,0.38,-0.12,0.76,11000023,500,5000,TRUE,FALSE,"parametric_mc20",6
"IPW","Proposed",0.494477070251823,0.431958965960948,-0.0625181042908749,0.873567232836426,0.00275414358027589,5.62600226425834e-05,0.00389824589152343,0.00653986942651415,0.0241370573739788,0.5,0.38,-0.12,0.76,11000023,500,5000,TRUE,FALSE,"parametric_mc20",6
"AIPW","Naive",0.471055171005284,0.399103191348449,-0.0719519796568348,0.847253604066629,0.00286391102458717,-9.00651312124916e-05,0.00360026709888955,0.0066443083859017,0.0261779770875468,0.5,0.38,-0.12,0.76,11000023,500,5000,TRUE,FALSE,"parametric_mc20",6
"AIPW","Proposed",0.508244771682494,0.364329054683776,-0.143915716998718,0.716837781680864,0.00270463020048824,9.69467104767295e-06,0.00370220052462231,0.0063874413830152,0.019658700952364,0.5,0.38,-0.12,0.76,11000023,500,5000,TRUE,FALSE,"parametric_mc20",6
"G-Formula","Naive",0.496444057692969,0.441483180801469,-0.0549608768915001,0.889290895842506,0.00289284711950594,-1.24931893869133e-05,0.00369226543503973,0.00661009893331949,0.0243542164851246,0.5,0.38,-0.12,0.76,11000023,500,5000,FALSE,FALSE,"parametric_mc20",6
"G-Formula","Proposed",0.501951647985447,0.434908601778212,-0.0670430462072353,0.866435250334751,0.00289384667166927,-2.36024187786154e-06,0.00359509223564433,0.00649365939106932,0.0229073109160672,0.5,0.38,-0.12,0.76,11000023,500,5000,FALSE,FALSE,"parametric_mc20",6
"IPW","Naive",0.475821362084102,0.425572304434873,-0.0502490576492297,0.894395120410025,0.00448780377708236,-0.000359475875173228,0.00524061036018955,0.0104473658876184,0.0418435208141584,0.5,0.38,-0.12,0.76,11000023,500,5000,FALSE,FALSE,"parametric_mc20",6
"IPW","Proposed",0.494477070251823,0.431958965960948,-0.0625181042908749,0.873567232836426,0.00275414358027589,5.62600226425834e-05,0.00389824589152343,0.00653986942651415,0.0241370573739788,0.5,0.38,-0.12,0.76,11000023,500,5000,FALSE,FALSE,"parametric_mc20",6
"AIPW","Naive",0.496704922424439,0.441335784905861,-0.0553691375185779,0.888527101265036,0.00289095667171122,-1.14913024288705e-05,0.00369285706085877,0.00660679633742773,0.0243017750491888,0.5,0.38,-0.12,0.76,11000023,500,5000,FALSE,FALSE,"parametric_mc20",6
"AIPW","Proposed",0.500259498845183,0.433672549523658,-0.0665869493215241,0.866895182449837,0.00290996603298629,1.70982954014347e-05,0.0035569098021982,0.00643267924438162,0.0228327956526533,0.5,0.38,-0.12,0.76,11000023,500,5000,FALSE,FALSE,"parametric_mc20",6
"G-Formula","Naive",0.465481086725877,0.390762327381232,-0.0747187593446455,0.839480568651659,0.000221992841500688,-1.34974903479015e-05,0.000422875602359055,0.000671863424555547,0.00277830115634784,0.5036,0.393,-0.1106,0.780381254964257,11000024,5000,5000,TRUE,TRUE,"parametric_mc20",6
"G-Formula","Proposed",0.514919540464086,0.369827314565923,-0.145092225898163,0.718223499991096,0.000209136753812225,-9.36991127228699e-06,0.000459486777086596,0.000687363353443395,0.00219062998038268,0.5036,0.393,-0.1106,0.780381254964257,11000024,5000,5000,TRUE,TRUE,"parametric_mc20",6
"IPW","Naive",0.51744754824312,0.4254982709295,-0.0919492773136206,0.822302226330351,0.000432059771571768,-2.09111344961027e-05,0.000543232121144859,0.00101711416170883,0.00324842901850811,0.5036,0.393,-0.1106,0.780381254964257,11000024,5000,5000,TRUE,TRUE,"parametric_mc20",6
"IPW","Proposed",0.518817145214917,0.368752596878835,-0.150064548336082,0.710756381665223,0.000247212627809365,3.63506902124459e-05,0.000514914781011953,0.000689426028396426,0.00218495624269706,0.5036,0.393,-0.1106,0.780381254964257,11000024,5000,5000,TRUE,TRUE,"parametric_mc20",6
"AIPW","Naive",0.465548901554441,0.390737303268781,-0.0748115982856598,0.839304532701359,0.000222002640122494,-1.35060113691221e-05,0.000422873655614231,0.000671888318474969,0.00277725604485388,0.5036,0.393,-0.1106,0.780381254964257,11000024,5000,5000,TRUE,TRUE,"parametric_mc20",6
"AIPW","Proposed",0.515091757734072,0.368654712055984,-0.146437045678088,0.715706874592062,0.000219297828695732,1.82841330756375e-05,0.000513736822298542,0.000696466384843,0.00226103597791894,0.5036,0.393,-0.1106,0.780381254964257,11000024,5000,5000,TRUE,TRUE,"parametric_mc20",6
"G-Formula","Naive",0.511937255245032,0.433265209929422,-0.0786720453156097,0.846324828854359,0.00024990452116352,-3.29520844029044e-06,0.000405055601251558,0.000661550539295659,0.00224981620294886,0.5036,0.393,-0.1106,0.780381254964257,11000024,5000,5000,FALSE,TRUE,"parametric_mc20",6
"G-Formula","Proposed",0.514047458462955,0.433304039384125,-0.0807434190788294,0.842926138920599,0.000255849859558796,-1.74141637596584e-06,0.000378202408416144,0.000637535100726872,0.00213031926740667,0.5036,0.393,-0.1106,0.780381254964257,11000024,5000,5000,FALSE,TRUE,"parametric_mc20",6
"IPW","Naive",0.51744754824312,0.4254982709295,-0.0919492773136206,0.822302226330351,0.000432059771571768,-2.09111344961027e-05,0.000543232121144859,0.00101711416170883,0.00324842901850811,0.5036,0.393,-0.1106,0.780381254964257,11000024,5000,5000,FALSE,TRUE,"parametric_mc20",6
"IPW","Proposed",0.518817145214917,0.368752596878835,-0.150064548336082,0.710756381665223,0.000247212627809365,3.63506902124459e-05,0.000514914781011953,0.000689426028396426,0.00218495624269706,0.5036,0.393,-0.1106,0.780381254964257,11000024,5000,5000,FALSE,TRUE,"parametric_mc20",6
"AIPW","Naive",0.527315522521508,0.428888474439185,-0.0984270480823231,0.813343161961806,0.000236238868707496,1.50416068532114e-06,0.000403552513585273,0.000636783060922127,0.00200453427810578,0.5036,0.393,-0.1106,0.780381254964257,11000024,5000,5000,FALSE,TRUE,"parametric_mc20",6
"AIPW","Proposed",0.519250768747217,0.368954181523419,-0.150296587223798,0.71055105496249,0.000217755776740163,2.54787915554289e-05,0.000550152891856512,0.000716951085485817,0.0023139341486639,0.5036,0.393,-0.1106,0.780381254964257,11000024,5000,5000,FALSE,TRUE,"parametric_mc20",6
"G-Formula","Naive",0.465481086725877,0.390762327381232,-0.0747187593446455,0.839480568651659,0.000221992841500688,-1.34974903479015e-05,0.000422875602359055,0.000671863424555547,0.00277830115634784,0.5036,0.393,-0.1106,0.780381254964257,11000024,5000,5000,TRUE,FALSE,"parametric_mc20",6
"G-Formula","Proposed",0.514919540464086,0.369827314565923,-0.145092225898163,0.718223499991096,0.000209136753812225,-9.36991127228699e-06,0.000459486777086596,0.000687363353443395,0.00219062998038268,0.5036,0.393,-0.1106,0.780381254964257,11000024,5000,5000,TRUE,FALSE,"parametric_mc20",6
"IPW","Naive",0.501832796645259,0.43005192291426,-0.0717808737309991,0.85696256958323,0.000444478698765065,-3.36356994534468e-05,0.000556875758987182,0.00106862585665914,0.00373633105818893,0.5036,0.393,-0.1106,0.780381254964257,11000024,5000,5000,TRUE,FALSE,"parametric_mc20",6
"IPW","Proposed",0.514276817121001,0.433824346640263,-0.0804524704807374,0.843561934346715,0.000329577375269338,5.75529259175891e-05,0.000427034842705451,0.000641506366139611,0.00213422843598666,0.5036,0.393,-0.1106,0.780381254964257,11000024,5000,5000,TRUE,FALSE,"parametric_mc20",6
"AIPW","Naive",0.465506711698018,0.390824158335584,-0.0746825533624337,0.839567182415016,0.000222018110016081,-1.34839804378167e-05,0.000422874168800429,0.000671860239692143,0.00277812595367825,0.5036,0.393,-0.1106,0.780381254964257,11000024,5000,5000,TRUE,FALSE,"parametric_mc20",6
"AIPW","Proposed",0.515120017981439,0.371048130333695,-0.144071887647743,0.7203139411815,0.00021928395016497,1.706848698272e-05,0.000496275349829454,0.000681422326028984,0.00220638772227342,0.5036,0.393,-0.1106,0.780381254964257,11000024,5000,5000,TRUE,FALSE,"parametric_mc20",6
"G-Formula","Naive",0.511937255245032,0.433265209929422,-0.0786720453156097,0.846324828854359,0.00024990452116352,-3.29520844029044e-06,0.000405055601251558,0.000661550539295659,0.00224981620294886,0.5036,0.393,-0.1106,0.780381254964257,11000024,5000,5000,FALSE,FALSE,"parametric_mc20",6
"G-Formula","Proposed",0.514047458462955,0.433304039384125,-0.0807434190788294,0.842926138920599,0.000255849859558796,-1.74141637596584e-06,0.000378202408416144,0.000637535100726872,0.00213031926740667,0.5036,0.393,-0.1106,0.780381254964257,11000024,5000,5000,FALSE,FALSE,"parametric_mc20",6
"IPW","Naive",0.501832796645259,0.43005192291426,-0.0717808737309991,0.85696256958323,0.000444478698765065,-3.36356994534468e-05,0.000556875758987182,0.00106862585665914,0.00373633105818893,0.5036,0.393,-0.1106,0.780381254964257,11000024,5000,5000,FALSE,FALSE,"parametric_mc20",6
"IPW","Proposed",0.514276817121001,0.433824346640263,-0.0804524704807374,0.843561934346715,0.000329577375269338,5.75529259175891e-05,0.000427034842705451,0.000641506366139611,0.00213422843598666,0.5036,0.393,-0.1106,0.780381254964257,11000024,5000,5000,FALSE,FALSE,"parametric_mc20",6
"AIPW","Naive",0.512014389554188,0.433318483070131,-0.0786959064840573,0.846301377286334,0.000249901886742166,-3.30710319197243e-06,0.00040502544379842,0.000661541536924531,0.00224905452627044,0.5036,0.393,-0.1106,0.780381254964257,11000024,5000,5000,FALSE,FALSE,"parametric_mc20",6
"AIPW","Proposed",0.514751772770859,0.434262813079618,-0.0804889596912406,0.843635390980829,0.000300751924510316,3.48379013122259e-05,0.000410675205403478,0.000641751327289342,0.00213589048793976,0.5036,0.393,-0.1106,0.780381254964257,11000024,5000,5000,FALSE,FALSE,"parametric_mc20",6
"G-Formula","Naive",0.405446547756799,0.37254465996238,-0.0329018877944194,0.918850245546658,0.00225855293448926,-7.47130084125836e-05,0.00330995961662921,0.00571793856794364,0.032570258093174,0.514,0.382,-0.132,0.743190661478599,11000025,500,500,TRUE,TRUE,"parametric_mc20",7
"G-Formula","Proposed",0.452005161600614,0.347586467236683,-0.10441869436393,0.768987827496993,0.00240640844294225,-7.32903292841848e-05,0.00419927195437219,0.00675226105588281,0.0280702813939123,0.514,0.382,-0.132,0.743190661478599,11000025,500,500,TRUE,TRUE,"parametric_mc20",7
"IPW","Naive",0.477039689938874,0.411567860193217,-0.0654718297456575,0.862753915184611,0.00403280017830547,-0.000118705437095404,0.00473992307507934,0.00901013412757561,0.034919592130362,0.514,0.382,-0.132,0.743190661478599,11000025,500,500,TRUE,TRUE,"parametric_mc20",7
"IPW","Proposed",0.463854107203085,0.361521727106145,-0.10233238009694,0.779386711235616,0.00246918178460964,0.000369318497739333,0.00501910721437078,0.00674965200350176,0.0276226745766328,0.514,0.382,-0.132,0.743190661478599,11000025,500,500,TRUE,TRUE,"parametric_mc20",7
"AIPW","Naive",0.404904041490681,0.371540609521485,-0.0333634319691961,0.917601632608145,0.00225353660943143,-7.77689064428608e-05,0.00330166092468106,0.00571073534699821,0.0325826941738548,0.514,0.382,-0.132,0.743190661478599,11000025,500,500,TRUE,TRUE,"parametric_mc20",7
"AIPW","Proposed",0.446339097689638,0.357997830832336,-0.0883412668573019,0.802075894057728,0.00253321697038955,0.000211285699101621,0.00468638207382973,0.00679702764601603,0.0300028798499288,0.514,0.382,-0.132,0.743190661478599,11000025,500,500,TRUE,TRUE,"parametric_mc20",7
"G-Formula","Naive",0.44184677855922,0.400230938360355,-0.0416158401988649,0.905813865307412,0.00232543358890577,-5.79535814035886e-05,0.00313505171294705,0.00557639246466,0.0263693846144279,0.514,0.382,-0.132,0.743190661478599,11000025,500,500,FALSE,TRUE,"parametric_mc20",7
"G-Formula","Proposed",0.436434216273609,0.403155122640919,-0.0332790936326896,0.923747743894062,0.00211991328864366,-2.12021691298497e-05,0.00307210526206369,0.00523442288896705,0.025831335740847,0.514,0.382,-0.132,0.743190661478599,11000025,500,500,FALSE,TRUE,"parametric_mc20",7
"IPW","Naive",0.477039689938874,0.411567860193217,-0.0654718297456575,0.862753915184611,0.00403280017830547,-0.000118705437095404,0.00473992307507934,0.00901013412757561,0.034919592130362,0.514,0.382,-0.132,0.743190661478599,11000025,500,500,FALSE,TRUE,"parametric_mc20",7
"IPW","Proposed",0.463854107203085,0.361521727106145,-0.10233238009694,0.779386711235616,0.00246918178460964,0.000369318497739333,0.00501910721437078,0.00674965200350176,0.0276226745766328,0.514,0.382,-0.132,0.743190661478599,11000025,500,500,FALSE,TRUE,"parametric_mc20",7
"AIPW","Naive",0.448003063707235,0.396764129712005,-0.0512389339952299,0.885628161621872,0.00230511818210459,-4.26074446385652e-05,0.00312529122602085,0.00551562429740258,0.0249555637197116,0.514,0.382,-0.132,0.743190661478599,11000025,500,500,FALSE,TRUE,"parametric_mc20",7
"AIPW","Proposed",0.450350400590505,0.360411774010112,-0.0899386265803933,0.800291891685975,0.00217730831389399,0.000249667815565244,0.00474839357396214,0.00642636625672564,0.0283177279705734,0.514,0.382,-0.132,0.743190661478599,11000025,500,500,FALSE,TRUE,"parametric_mc20",7
"G-Formula","Naive",0.405446547756799,0.37254465996238,-0.0329018877944194,0.918850245546658,0.00225855293448926,-7.47130084125836e-05,0.00330995961662921,0.00571793856794364,0.032570258093174,0.514,0.382,-0.132,0.743190661478599,11000025,500,500,TRUE,FALSE,"parametric_mc20",7
"G-Formula","Proposed",0.452005161600614,0.347586467236683,-0.10441869436393,0.768987827496993,0.00240640844294225,-7.32903292841848e-05,0.00419927195437219,0.00675226105588281,0.0280702813939123,0.514,0.382,-0.132,0.743190661478599,11000025,500,500,TRUE,FALSE,"parametric_mc20",7
"IPW","Naive",0.470039829995013,0.414453209218442,-0.055586620776571,0.881740615944907,0.00411310770246662,-0.000205129686280103,0.00483518661546874,0.00935855369049557,0.037995970289043,0.514,0.382,-0.132,0.743190661478599,11000025,500,500,TRUE,FALSE,"parametric_mc20",7
"IPW","Proposed",0.444424301727853,0.402434125918624,-0.0419901758092287,0.905517822391851,0.0027763428128108,0.000451563678044822,0.00355469047913044,0.00542790593585159,0.0253825856837431,0.514,0.382,-0.132,0.743190661478599,11000025,500,500,TRUE,FALSE,"parametric_mc20",7
"AIPW","Naive",0.405189270419984,0.371975882416702,-0.0332133880032825,0.918029941985245,0.00225514273570676,-7.64045958532758e-05,0.00330976277422556,0.00571771470163887,0.0325903703923601,0.514,0.382,-0.132,0.743190661478599,11000025,500,500,TRUE,FALSE,"parametric_mc20",7
"AIPW","Proposed",0.448796644869834,0.347475150226362,-0.101321494643471,0.774237406180124,0.0025342486279853,0.000158111998050993,0.00452091576930612,0.00673894040118944,0.0287720562107276,0.514,0.382,-0.132,0.743190661478599,11000025,500,500,TRUE,FALSE,"parametric_mc20",7
"G-Formula","Naive",0.44184677855922,0.400230938360355,-0.0416158401988649,0.905813865307412,0.00232543358890577,-5.79535814035886e-05,0.00313505171294705,0.00557639246466,0.0263693846144279,0.514,0.382,-0.132,0.743190661478599,11000025,500,500,FALSE,FALSE,"parametric_mc20",7
"G-Formula","Proposed",0.436434216273609,0.403155122640919,-0.0332790936326896,0.923747743894062,0.00211991328864366,-2.12021691298497e-05,0.00307210526206369,0.00523442288896705,0.025831335740847,0.514,0.382,-0.132,0.743190661478599,11000025,500,500,FALSE,FALSE,"parametric_mc20",7
"IPW","Naive",0.470039829995013,0.414453209218442,-0.055586620776571,0.881740615944907,0.00411310770246662,-0.000205129686280103,0.00483518661546874,0.00935855369049557,0.037995970289043,0.514,0.382,-0.132,0.743190661478599,11000025,500,500,FALSE,FALSE,"parametric_mc20",7
"IPW","Proposed",0.444424301727853,0.402434125918624,-0.0419901758092287,0.905517822391851,0.0027763428128108,0.000451563678044822,0.00355469047913044,0.00542790593585159,0.0253825856837431,0.514,0.382,-0.132,0.743190661478599,11000025,500,500,FALSE,FALSE,"parametric_mc20",7
"AIPW","Naive",0.441559048347011,0.399690729244284,-0.0418683191027265,0.905180701744281,0.00232146526782126,-5.92905523912627e-05,0.00313665773579585,0.00557670410839963,0.0263936839518822,0.514,0.382,-0.132,0.743190661478599,11000025,500,500,FALSE,FALSE,"parametric_mc20",7
"AIPW","Proposed",0.432741815949261,0.403110457684244,-0.0296313582650179,0.931526473354514,0.00244301093037263,0.00026891442272448,0.00334342986174922,0.00524861194667289,0.0264989052708131,0.514,0.382,-0.132,0.743190661478599,11000025,500,500,FALSE,FALSE,"parametric_mc20",7
"G-Formula","Naive",0.455764917923992,0.406294639416552,-0.0494702785074398,0.891456589654208,0.000223417327575599,-1.00359877113796e-05,0.000401632481525661,0.000645121784524019,0.00287439631960413,0.5038,0.3898,-0.114,0.773719730051608,11000026,5000,500,TRUE,TRUE,"parametric_mc20",7
"G-Formula","Proposed",0.51315992695235,0.389596823139385,-0.123563103812965,0.759211315375297,0.000356331964128818,-6.71490648766149e-05,0.000540701157799369,0.00103133125168142,0.00322045415655639,0.5038,0.3898,-0.114,0.773719730051608,11000026,5000,500,TRUE,TRUE,"parametric_mc20",7
"IPW","Naive",0.509794604783513,0.425974679985449,-0.0838199247980642,0.835580988869706,0.000438660233571921,-2.81409057269593e-05,0.000583117917778084,0.00107805996280392,0.00360311911678034,0.5038,0.3898,-0.114,0.773719730051608,11000026,5000,500,TRUE,TRUE,"parametric_mc20",7
"IPW","Proposed",0.512990388528013,0.387046743328347,-0.125943645199666,0.754491218517657,0.000744986633849853,0.000384728900295191,0.0010609061748531,0.00103643500811257,0.0034368780845926,0.5038,0.3898,-0.114,0.773719730051608,11000026,5000,500,TRUE,TRUE,"parametric_mc20",7
"AIPW","Naive",0.455765307308922,0.406218340584853,-0.0495469667240687,0.891288419874211,0.000223434092863983,-1.0053134953061e-05,0.000401453575997472,0.000644993938767577,0.00287340269315319,0.5038,0.3898,-0.114,0.773719730051608,11000026,5000,500,TRUE,TRUE,"parametric_mc20",7
"AIPW","Proposed",0.513153188584728,0.386912173991478,-0.12624101459325,0.753989612845589,0.000698147612379237,0.000350649569492944,0.00101218400403275,0.0010090324774261,0.0033430357747028,0.5038,0.3898,-0.114,0.773719730051608,11000026,5000,500,TRUE,TRUE,"parametric_mc20",7
"G-Formula","Naive",0.494163835886087,0.432543596286255,-0.0616202395998319,0.87530402849221,0.000251885850231499,-3.35048376566808e-06,0.000356357406397199,0.000614944224160033,0.00227359424867375,0.5038,0.3898,-0.114,0.773719730051608,11000026,5000,500,FALSE,TRUE,"parametric_mc20",7
"G-Formula","Proposed",0.495930295556431,0.431862112242226,-0.0640681833142047,0.870812120396233,0.000266631762643673,-2.38003941238751e-05,0.000384269243668433,0.000698501794559856,0.00255303573923318,0.5038,0.3898,-0.114,0.773719730051608,11000026,5000,500,FALSE,TRUE,"parametric_mc20",7
"IPW","Naive",0.509794604783513,0.425974679985449,-0.0838199247980642,0.835580988869706,0.000438660233571921,-2.81409057269593e-05,0.000583117917778084,0.00107805996280392,0.00360311911678034,0.5038,0.3898,-0.114,0.773719730051608,11000026,5000,500,FALSE,TRUE,"parametric_mc20",7
"IPW","Proposed",0.512990388528013,0.387046743328347,-0.125943645199666,0.754491218517657,0.000744986633849853,0.000384728900295191,0.0010609061748531,0.00103643500811257,0.0034368780845926,0.5038,0.3898,-0.114,0.773719730051608,11000026,5000,500,FALSE,TRUE,"parametric_mc20",7
"AIPW","Naive",0.50926804143927,0.429647621716485,-0.0796204197227854,0.843657144678143,0.000240769723862655,-1.16397124433452e-06,0.000354841857554951,0.000597939523906275,0.00203650453191126,0.5038,0.3898,-0.114,0.773719730051608,11000026,5000,500,FALSE,TRUE,"parametric_mc20",7
"AIPW","Proposed",0.512886361520955,0.386132380790788,-0.126753980730168,0.752861471390502,0.000660807397720707,0.000373594918653518,0.00112527768207537,0.00103889524248904,0.0035631420401266,0.5038,0.3898,-0.114,0.773719730051608,11000026,5000,500,FALSE,TRUE,"parametric_mc20",7
"G-Formula","Naive",0.455764917923992,0.406294639416552,-0.0494702785074398,0.891456589654208,0.000223417327575599,-1.00359877113796e-05,0.000401632481525661,0.000645121784524019,0.00287439631960413,0.5038,0.3898,-0.114,0.773719730051608,11000026,5000,500,TRUE,FALSE,"parametric_mc20",7
"G-Formula","Proposed",0.51315992695235,0.389596823139385,-0.123563103812965,0.759211315375297,0.000356331964128818,-6.71490648766149e-05,0.000540701157799369,0.00103133125168142,0.00322045415655639,0.5038,0.3898,-0.114,0.773719730051608,11000026,5000,500,TRUE,FALSE,"parametric_mc20",7
"IPW","Naive",0.4946902487165,0.428667329587183,-0.0660229191293165,0.866536849471732,0.000451757997715853,-4.01303831762091e-05,0.000591682256041976,0.00112370102011025,0.00408816746707393,0.5038,0.3898,-0.114,0.773719730051608,11000026,5000,500,TRUE,FALSE,"parametric_mc20",7
"IPW","Proposed",0.496014879260716,0.43147498674488,-0.0645398925158354,0.869883152271503,0.00092652401927776,0.000551063594386379,0.000884590000508855,0.000708986831013856,0.00254832279004396,0.5038,0.3898,-0.114,0.773719730051608,11000026,5000,500,TRUE,FALSE,"parametric_mc20",7
"AIPW","Naive",0.455764762876438,0.406298575892426,-0.0494661869840118,0.891465529998811,0.000223413208173978,-1.00353227042269e-05,0.000401633172905513,0.000645117026487945,0.0028743981438422,0.5038,0.3898,-0.114,0.773719730051608,11000026,5000,500,TRUE,FALSE,"parametric_mc20",7
"AIPW","Proposed",0.513148746303111,0.389580474392385,-0.123568271910726,0.759195997649898,0.000698139817698897,0.000358533414829762,0.000989290791149094,0.000970363779188466,0.00321769742215631,0.5038,0.3898,-0.114,0.773719730051608,11000026,5000,500,TRUE,FALSE,"parametric_mc20",7
"G-Formula","Naive",0.494163835886087,0.432543596286255,-0.0616202395998319,0.87530402849221,0.000251885850231499,-3.35048376566808e-06,0.000356357406397199,0.000614944224160033,0.00227359424867375,0.5038,0.3898,-0.114,0.773719730051608,11000026,5000,500,FALSE,FALSE,"parametric_mc20",7
"G-Formula","Proposed",0.495930295556431,0.431862112242226,-0.0640681833142047,0.870812120396233,0.000266631762643673,-2.38003941238751e-05,0.000384269243668433,0.000698501794559856,0.00255303573923318,0.5038,0.3898,-0.114,0.773719730051608,11000026,5000,500,FALSE,FALSE,"parametric_mc20",7
"IPW","Naive",0.4946902487165,0.428667329587183,-0.0660229191293165,0.866536849471732,0.000451757997715853,-4.01303831762091e-05,0.000591682256041976,0.00112370102011025,0.00408816746707393,0.5038,0.3898,-0.114,0.773719730051608,11000026,5000,500,FALSE,FALSE,"parametric_mc20",7
"IPW","Proposed",0.496014879260716,0.43147498674488,-0.0645398925158354,0.869883152271503,0.00092652401927776,0.000551063594386379,0.000884590000508855,0.000708986831013856,0.00254832279004396,0.5038,0.3898,-0.114,0.773719730051608,11000026,5000,500,FALSE,FALSE,"parametric_mc20",7
"AIPW","Naive",0.494166237152115,0.43254632860496,-0.0616199085471549,0.87530530433995,0.000251882943275597,-3.34964831594433e-06,0.000356361422856804,0.00061494366276429,0.0022735758296423,0.5038,0.3898,-0.114,0.773719730051608,11000026,5000,500,FALSE,FALSE,"parametric_mc20",7
"AIPW","Proposed",0.495917357594558,0.431821225422112,-0.064096132172446,0.870752392125689,0.000880061821570505,0.00051132907529547,0.000849775089188741,0.000707178760168307,0.00254769339663645,0.5038,0.3898,-0.114,0.773719730051608,11000026,5000,500,FALSE,FALSE,"parametric_mc20",7
"G-Formula","Naive",0.436719046167447,0.424219466106954,-0.0124995800604926,0.971378440738534,0.00194253154594626,-0.000108430749528841,0.0044228405854001,0.00658223363040404,0.0339046871773042,0.532,0.372,-0.16,0.699248120300752,11000027,500,5000,TRUE,TRUE,"parametric_mc20",7
"G-Formula","Proposed",0.485456051667644,0.412444268895773,-0.0730117827718706,0.849601663176183,0.00181736813913662,-5.70324171110835e-06,0.00458301094491967,0.00641178556747851,0.0250544434528261,0.532,0.372,-0.16,0.699248120300752,11000027,500,5000,TRUE,TRUE,"parametric_mc20",7
"IPW","Naive",0.502026164983638,0.443293212969888,-0.0587329520137498,0.883008185408695,0.00428056213767322,-0.000221178292952801,0.00557161214089312,0.0102945308644719,0.0368994791983857,0.532,0.372,-0.16,0.699248120300752,11000027,500,5000,TRUE,TRUE,"parametric_mc20",7
"IPW","Proposed",0.494368732525302,0.415451039776443,-0.0789176927488593,0.840366739324841,0.00191802439180728,3.67185585987601e-05,0.00400556698796921,0.00585015426257897,0.0216791459255965,0.532,0.372,-0.16,0.699248120300752,11000027,500,5000,TRUE,TRUE,"parametric_mc20",7
"AIPW","Naive",0.43669522914569,0.424373635281361,-0.0123215938643292,0.971784455057056,0.00193682248276008,-0.000107079563763949,0.00443008313933611,0.00658106474962409,0.0339128197000038,0.532,0.372,-0.16,0.699248120300752,11000027,500,5000,TRUE,TRUE,"parametric_mc20",7
"AIPW","Proposed",0.485751928385661,0.406869540121359,-0.0788823882643018,0.837607668328856,0.00180012308982018,1.92894382631591e-06,0.00452989884158222,0.00632616404374977,0.0245369297807613,0.532,0.372,-0.16,0.699248120300752,11000027,500,5000,TRUE,TRUE,"parametric_mc20",7
"G-Formula","Naive",0.509216394120526,0.446584388328296,-0.0626320057922294,0.877003163065082,0.00249429361406638,-2.69412879799177e-05,0.00398565603804726,0.00653383222807348,0.0229515154451578,0.532,0.372,-0.16,0.699248120300752,11000027,500,5000,FALSE,TRUE,"parametric_mc20",7
"G-Formula","Proposed",0.519429255035448,0.441967376031751,-0.0774618790036978,0.85087116627959,0.00258334923923229,-2.130143147548e-06,0.00353681049805125,0.00612442002357863,0.0200541058162138,0.532,0.372,-0.16,0.699248120300752,11000027,500,5000,FALSE,TRUE,"parametric_mc20",7
"IPW","Naive",0.502026164983638,0.443293212969888,-0.0587329520137498,0.883008185408695,0.00428056213767322,-0.000221178292952801,0.00557161214089312,0.0102945308644719,0.0368994791983857,0.532,0.372,-0.16,0.699248120300752,11000027,500,5000,FALSE,TRUE,"parametric_mc20",7
"IPW","Proposed",0.494368732525302,0.415451039776443,-0.0789176927488593,0.840366739324841,0.00191802439180728,3.67185585987601e-05,0.00400556698796921,0.00585015426257897,0.0216791459255965,0.532,0.372,-0.16,0.699248120300752,11000027,500,5000,FALSE,TRUE,"parametric_mc20",7
"AIPW","Naive",0.504420155027423,0.447301961806791,-0.0571181932206328,0.886764649169248,0.0023953860185919,-8.03700613241407e-06,0.00398405064076958,0.00639551067162631,0.0231171478544736,0.532,0.372,-0.16,0.699248120300752,11000027,500,5000,FALSE,TRUE,"parametric_mc20",7
"AIPW","Proposed",0.489191682017374,0.413468277868799,-0.0757234041485753,0.845207089711133,0.00193759491791202,8.99225506621395e-06,0.00421893592808932,0.00613854633586892,0.0233502139229973,0.532,0.372,-0.16,0.699248120300752,11000027,500,5000,FALSE,TRUE,"parametric_mc20",7
"G-Formula","Naive",0.436719046167447,0.424219466106954,-0.0124995800604926,0.971378440738534,0.00194253154594626,-0.000108430749528841,0.0044228405854001,0.00658223363040404,0.0339046871773042,0.532,0.372,-0.16,0.699248120300752,11000027,500,5000,TRUE,FALSE,"parametric_mc20",7
"G-Formula","Proposed",0.485456051667644,0.412444268895773,-0.0730117827718706,0.849601663176183,0.00181736813913662,-5.70324171110835e-06,0.00458301094491967,0.00641178556747851,0.0250544434528261,0.532,0.372,-0.16,0.699248120300752,11000027,500,5000,TRUE,FALSE,"parametric_mc20",7
"IPW","Naive",0.506506530313839,0.44255581414575,-0.0639507161680892,0.873741576187647,0.00452947075123115,-0.000328538260077495,0.00561178054030201,0.0107983278116881,0.0375905145125467,0.532,0.372,-0.16,0.699248120300752,11000027,500,5000,TRUE,FALSE,"parametric_mc20",7
"IPW","Proposed",0.52561624343236,0.443630948552252,-0.0819852948801071,0.844020621690209,0.00257517995214756,5.97185869220112e-05,0.00359650339675022,0.00605224617505375,0.0192931986865637,0.532,0.372,-0.16,0.699248120300752,11000027,500,5000,TRUE,FALSE,"parametric_mc20",7
"AIPW","Naive",0.436643587610201,0.424158532503325,-0.012485055106876,0.971406759514761,0.00193693305650439,-0.000106582363145087,0.00442904563869714,0.0065791434214917,0.0339030009007511,0.532,0.372,-0.16,0.699248120300752,11000027,500,5000,TRUE,FALSE,"parametric_mc20",7
"AIPW","Proposed",0.486574008961773,0.413241690733459,-0.0733323182283143,0.84928845997182,0.00178678029585225,1.023261257273e-06,0.00464504162036875,0.00642977539370645,0.0250559027906264,0.532,0.372,-0.16,0.699248120300752,11000027,500,5000,TRUE,FALSE,"parametric_mc20",7
"G-Formula","Naive",0.509216394120526,0.446584388328296,-0.0626320057922294,0.877003163065082,0.00249429361406638,-2.69412879799177e-05,0.00398565603804726,0.00653383222807348,0.0229515154451578,0.532,0.372,-0.16,0.699248120300752,11000027,500,5000,FALSE,FALSE,"parametric_mc20",7
"G-Formula","Proposed",0.519429255035448,0.441967376031751,-0.0774618790036978,0.85087116627959,0.00258334923923229,-2.130143147548e-06,0.00353681049805125,0.00612442002357863,0.0200541058162138,0.532,0.372,-0.16,0.699248120300752,11000027,500,5000,FALSE,FALSE,"parametric_mc20",7
"IPW","Naive",0.506506530313839,0.44255581414575,-0.0639507161680892,0.873741576187647,0.00452947075123115,-0.000328538260077495,0.00561178054030201,0.0107983278116881,0.0375905145125467,0.532,0.372,-0.16,0.699248120300752,11000027,500,5000,FALSE,FALSE,"parametric_mc20",7
"IPW","Proposed",0.52561624343236,0.443630948552252,-0.0819852948801071,0.844020621690209,0.00257517995214756,5.97185869220112e-05,0.00359650339675022,0.00605224617505375,0.0192931986865637,0.532,0.372,-0.16,0.699248120300752,11000027,500,5000,FALSE,FALSE,"parametric_mc20",7
"AIPW","Naive",0.508970756935845,0.446488369646825,-0.0624823872890196,0.877237765750665,0.00248810257683936,-2.68381705886339e-05,0.00398514235691508,0.00652692127493171,0.0229566131247577,0.532,0.372,-0.16,0.699248120300752,11000027,500,5000,FALSE,FALSE,"parametric_mc20",7
"AIPW","Proposed",0.519392111886632,0.442867879045264,-0.0765242328413671,0.852665777762004,0.00259702275519723,1.74201508439071e-05,0.00356260587645424,0.00612478832996366,0.0200951634416674,0.532,0.372,-0.16,0.699248120300752,11000027,500,5000,FALSE,FALSE,"parametric_mc20",7
"G-Formula","Naive",0.500441553873467,0.429734069418011,-0.0707074844554555,0.85870980555437,0.000234102918325179,-1.2553206038249e-05,0.000392185776179337,0.000651395106581014,0.00234133607256499,0.509,0.3896,-0.1194,0.765422396856582,11000028,5000,5000,TRUE,TRUE,"parametric_mc20",7
"G-Formula","Proposed",0.533623461249205,0.409536685543929,-0.124086775705276,0.767463792887235,0.000221610068850889,-8.21009240864295e-06,0.000459907859217975,0.000697938112886149,0.00211775160215249,0.509,0.3896,-0.1194,0.765422396856582,11000028,5000,5000,TRUE,TRUE,"parametric_mc20",7
"IPW","Naive",0.543650340774091,0.464956665584296,-0.078693675189795,0.855249469580494,0.000473433308289786,-3.0921727363872e-05,0.000617480555101602,0.00115275731811913,0.00343984480060912,0.509,0.3896,-0.1194,0.765422396856582,11000028,5000,5000,TRUE,TRUE,"parametric_mc20",7
"IPW","Proposed",0.533442096280018,0.406780100732869,-0.126661995547149,0.762557180188005,0.000270439639657618,4.72352835741132e-05,0.000512307486488893,0.000688276558998285,0.00209982488757415,0.509,0.3896,-0.1194,0.765422396856582,11000028,5000,5000,TRUE,TRUE,"parametric_mc20",7
"AIPW","Naive",0.500304496688748,0.42976373296891,-0.0705407637198379,0.859004337984747,0.000234096320366264,-1.25663869890662e-05,0.000392206919229515,0.000651436013573911,0.00234327726113324,0.509,0.3896,-0.1194,0.765422396856582,11000028,5000,5000,TRUE,TRUE,"parametric_mc20",7
"AIPW","Proposed",0.533620610223534,0.409427649719375,-0.124192960504159,0.767263561180415,0.00024363539733661,2.59625333682975e-05,0.000497673054944557,0.000689383385544573,0.00211152719616129,0.509,0.3896,-0.1194,0.765422396856582,11000028,5000,5000,TRUE,TRUE,"parametric_mc20",7
"G-Formula","Naive",0.530802647023787,0.471897060722913,-0.0589055863008742,0.889025447346282,0.000248304593455926,-4.67277932140522e-06,0.000345730931053907,0.000603381083152644,0.0019531077470508,0.509,0.3896,-0.1194,0.765422396856582,11000028,5000,5000,FALSE,TRUE,"parametric_mc20",7
"G-Formula","Proposed",0.531328134408084,0.470785123993511,-0.0605430104145729,0.886053445142671,0.000247373461260669,-3.1138703556634e-06,0.000342779255650736,0.000596380457622731,0.00192167747262919,0.509,0.3896,-0.1194,0.765422396856582,11000028,5000,5000,FALSE,TRUE,"parametric_mc20",7
"IPW","Naive",0.543650340774091,0.464956665584296,-0.078693675189795,0.855249469580494,0.000473433308289786,-3.0921727363872e-05,0.000617480555101602,0.00115275731811913,0.00343984480060912,0.509,0.3896,-0.1194,0.765422396856582,11000028,5000,5000,FALSE,TRUE,"parametric_mc20",7
"IPW","Proposed",0.533442096280018,0.406780100732869,-0.126661995547149,0.762557180188005,0.000270439639657618,4.72352835741132e-05,0.000512307486488893,0.000688276558998285,0.00209982488757415,0.509,0.3896,-0.1194,0.765422396856582,11000028,5000,5000,FALSE,TRUE,"parametric_mc20",7
"AIPW","Naive",0.543390176300493,0.466820213351705,-0.0765699629487881,0.859088429845951,0.000240557116348972,-1.48292879345162e-06,0.000344938135049779,0.000588461108985654,0.00177810144938094,0.509,0.3896,-0.1194,0.765422396856582,11000028,5000,5000,FALSE,TRUE,"parametric_mc20",7
"AIPW","Proposed",0.533605679642409,0.409391634854822,-0.124214044787587,0.767217536232321,0.000243440009254444,3.29271827972424e-05,0.000516631381061102,0.000694217024721062,0.00214023930479,0.509,0.3896,-0.1194,0.765422396856582,11000028,5000,5000,FALSE,TRUE,"parametric_mc20",7
"G-Formula","Naive",0.500441553873467,0.429734069418011,-0.0707074844554555,0.85870980555437,0.000234102918325179,-1.2553206038249e-05,0.000392185776179337,0.000651395106581014,0.00234133607256499,0.509,0.3896,-0.1194,0.765422396856582,11000028,5000,5000,TRUE,FALSE,"parametric_mc20",7
"G-Formula","Proposed",0.533623461249205,0.409536685543929,-0.124086775705276,0.767463792887235,0.000221610068850889,-8.21009240864295e-06,0.000459907859217975,0.000697938112886149,0.00211775160215249,0.509,0.3896,-0.1194,0.765422396856582,11000028,5000,5000,TRUE,FALSE,"parametric_mc20",7
"IPW","Naive",0.531069900921854,0.470105197534101,-0.0609647033877525,0.88520399427283,0.000483285780753057,-4.47957660472173e-05,0.00063291967669013,0.00120579698953762,0.00386803608556355,0.509,0.3896,-0.1194,0.765422396856582,11000028,5000,5000,TRUE,FALSE,"parametric_mc20",7
"IPW","Proposed",0.531151437969945,0.471500594125342,-0.0596508438446035,0.887695222905565,0.000320483008448281,6.35569420087821e-05,0.000402099744418264,0.000595468868848981,0.00192045694979136,0.509,0.3896,-0.1194,0.765422396856582,11000028,5000,5000,TRUE,FALSE,"parametric_mc20",7
"AIPW","Naive",0.50044995220874,0.429743173451824,-0.0707067787569167,0.858713586753577,0.000234078360692821,-1.25564701841465e-05,0.000392175693467691,0.000651366994528805,0.00234117376088771,0.509,0.3896,-0.1194,0.765422396856582,11000028,5000,5000,TRUE,FALSE,"parametric_mc20",7
"AIPW","Proposed",0.533623288373905,0.409552333724722,-0.124070954649183,0.767493365915005,0.000243642813698634,2.58213125064791e-05,0.000499121032320923,0.000691121221006598,0.00211762747993279,0.509,0.3896,-0.1194,0.765422396856582,11000028,5000,5000,TRUE,FALSE,"parametric_mc20",7
"G-Formula","Naive",0.530802647023787,0.471897060722913,-0.0589055863008742,0.889025447346282,0.000248304593455926,-4.67277932140522e-06,0.000345730931053907,0.000603381083152644,0.0019531077470508,0.509,0.3896,-0.1194,0.765422396856582,11000028,5000,5000,FALSE,FALSE,"parametric_mc20",7
"G-Formula","Proposed",0.531328134408084,0.470785123993511,-0.0605430104145729,0.886053445142671,0.000247373461260669,-3.1138703556634e-06,0.000342779255650736,0.000596380457622731,0.00192167747262919,0.509,0.3896,-0.1194,0.765422396856582,11000028,5000,5000,FALSE,FALSE,"parametric_mc20",7
"IPW","Naive",0.531069900921854,0.470105197534101,-0.0609647033877525,0.88520399427283,0.000483285780753057,-4.47957660472173e-05,0.00063291967669013,0.00120579698953762,0.00386803608556355,0.509,0.3896,-0.1194,0.765422396856582,11000028,5000,5000,FALSE,FALSE,"parametric_mc20",7
"IPW","Proposed",0.531151437969945,0.471500594125342,-0.0596508438446035,0.887695222905565,0.000320483008448281,6.35569420087821e-05,0.000402099744418264,0.000595468868848981,0.00192045694979136,0.509,0.3896,-0.1194,0.765422396856582,11000028,5000,5000,FALSE,FALSE,"parametric_mc20",7
"AIPW","Naive",0.530809822456725,0.471905724563104,-0.0589040978936209,0.88902975152005,0.000248282308390157,-4.67687745065929e-06,0.000345719515164107,0.000603355578455582,0.00195298466300132,0.509,0.3896,-0.1194,0.765422396856582,11000028,5000,5000,FALSE,FALSE,"parametric_mc20",7
"AIPW","Proposed",0.531332991409051,0.470799826270885,-0.0605331651381654,0.886073016136949,0.000294819050963129,3.85003468076818e-05,0.000379225773183322,0.000597044130531087,0.00192149883417965,0.509,0.3896,-0.1194,0.765422396856582,11000028,5000,5000,FALSE,FALSE,"parametric_mc20",7
"G-Formula","Naive",0.439092464688577,0.485589223220825,0.0464967585322487,1.10589286373936,0.00279852404368651,-7.80539377525538e-05,0.00491600518448509,0.00787063710367671,0.0441449126559978,0.488,0.39,-0.098,0.799180327868853,11000029,500,500,TRUE,TRUE,"parametric_mc20",8
"G-Formula","Proposed",0.490995016655852,0.457769485200139,-0.0332255314557128,0.932330206359302,0.00248567708948121,-3.41065123287234e-05,0.00699685308410264,0.00955074319824129,0.03824974311601,0.488,0.39,-0.098,0.799180327868853,11000029,500,500,TRUE,TRUE,"parametric_mc20",8
"IPW","Naive",0.48379705145388,0.484273994048448,0.000476942594568375,1.00098583195812,0.00461156084131693,-0.000339387434275405,0.0063033533085689,0.0115936890184366,0.0495747909977319,0.488,0.39,-0.098,0.799180327868853,11000029,500,500,TRUE,TRUE,"parametric_mc20",8
"IPW","Proposed",0.491696454340392,0.512297092236928,0.0206006378965352,1.04189706416364,0.00287387895953485,0.000341509079573717,0.0143984020172897,0.0165892628176771,0.0695157579404911,0.488,0.39,-0.098,0.799180327868853,11000029,500,500,TRUE,TRUE,"parametric_mc20",8
"AIPW","Naive",0.439593035611309,0.485764940052691,0.0461719044413824,1.10503329375356,0.00280401143085219,-7.93992008566375e-05,0.00490908895526442,0.00787189878782989,0.0440304862620166,0.488,0.39,-0.098,0.799180327868853,11000029,500,500,TRUE,TRUE,"parametric_mc20",8
"AIPW","Proposed",0.491758932531823,0.496804293857762,0.00504536132593925,1.01025982649662,0.00263212690569639,0.000155300642420358,0.00718532388147323,0.0095068495023289,0.0395239415143953,0.488,0.39,-0.098,0.799180327868853,11000029,500,500,TRUE,TRUE,"parametric_mc20",8
"G-Formula","Naive",0.496087011788782,0.50449786340077,0.00841085161198774,1.01695438786365,0.00279848698256802,-2.60371263574902e-05,0.00379678460534363,0.00664734584062663,0.0274029368529267,0.488,0.39,-0.098,0.799180327868853,11000029,500,500,FALSE,TRUE,"parametric_mc20",8
"G-Formula","Proposed",0.489085448725704,0.489301254644478,0.000215805918774847,1.00044124379357,0.00278108285227595,-1.10506418870813e-05,0.00396657582040977,0.00676975995645988,0.028311433794149,0.488,0.39,-0.098,0.799180327868853,11000029,500,500,FALSE,TRUE,"parametric_mc20",8
"IPW","Naive",0.48379705145388,0.484273994048448,0.000476942594568375,1.00098583195812,0.00461156084131693,-0.000339387434275405,0.0063033533085689,0.0115936890184366,0.0495747909977319,0.488,0.39,-0.098,0.799180327868853,11000029,500,500,FALSE,TRUE,"parametric_mc20",8
"IPW","Proposed",0.491696454340392,0.512297092236928,0.0206006378965352,1.04189706416364,0.00287387895953485,0.000341509079573717,0.0143984020172897,0.0165892628176771,0.0695157579404911,0.488,0.39,-0.098,0.799180327868853,11000029,500,500,FALSE,TRUE,"parametric_mc20",8
"AIPW","Naive",0.50703021001173,0.503544354493174,-0.00348585551855618,0.9931249549835,0.0026953824602668,-3.49777170228289e-05,0.00379069562758313,0.00655603352189559,0.025356416322248,0.488,0.39,-0.098,0.799180327868853,11000029,500,500,FALSE,TRUE,"parametric_mc20",8
"AIPW","Proposed",0.494879663301087,0.493435300138452,-0.00144436316263513,0.99708138509269,0.00259920490649246,0.000169822783067441,0.00786683928128771,0.0101263986216453,0.0412903106012879,0.488,0.39,-0.098,0.799180327868853,11000029,500,500,FALSE,TRUE,"parametric_mc20",8
"G-Formula","Naive",0.439092464688577,0.485589223220825,0.0464967585322487,1.10589286373936,0.00279852404368651,-7.80539377525538e-05,0.00491600518448509,0.00787063710367671,0.0441449126559978,0.488,0.39,-0.098,0.799180327868853,11000029,500,500,TRUE,FALSE,"parametric_mc20",8
"G-Formula","Proposed",0.490995016655852,0.457769485200139,-0.0332255314557128,0.932330206359302,0.00248567708948121,-3.41065123287234e-05,0.00699685308410264,0.00955074319824129,0.03824974311601,0.488,0.39,-0.098,0.799180327868853,11000029,500,500,TRUE,FALSE,"parametric_mc20",8
"IPW","Naive",0.472292003771342,0.485781899816362,0.0134898960450201,1.02856261790863,0.0048270836824319,-0.000510001353941217,0.00638172300372018,0.0122288093940345,0.0562074978670401,0.488,0.39,-0.098,0.799180327868853,11000029,500,500,TRUE,FALSE,"parametric_mc20",8
"IPW","Proposed",0.487137012290733,0.492271015015326,0.00513400272459391,1.01053913497653,0.00344544854382051,0.000614183109258529,0.00440508517576789,0.00662216750107134,0.0281591186604922,0.488,0.39,-0.098,0.799180327868853,11000029,500,500,TRUE,FALSE,"parametric_mc20",8
"AIPW","Naive",0.439145441482232,0.485764152384322,0.0466187109020899,1.1061577930645,0.00279905337200212,-7.87594589030406e-05,0.00491119149064789,0.00786776378045609,0.0441294721591685,0.488,0.39,-0.098,0.799180327868853,11000029,500,500,TRUE,FALSE,"parametric_mc20",8
"AIPW","Proposed",0.491762032032741,0.457302887651715,-0.0344591443810257,0.929927196211985,0.0026338566705016,0.000245080546001187,0.00738129319865932,0.00952498877715855,0.0380562750912648,0.488,0.39,-0.098,0.799180327868853,11000029,500,500,TRUE,FALSE,"parametric_mc20",8
"G-Formula","Naive",0.496087011788782,0.50449786340077,0.00841085161198774,1.01695438786365,0.00279848698256802,-2.60371263574902e-05,0.00379678460534363,0.00664734584062663,0.0274029368529267,0.488,0.39,-0.098,0.799180327868853,11000029,500,500,FALSE,FALSE,"parametric_mc20",8
"G-Formula","Proposed",0.489085448725704,0.489301254644478,0.000215805918774847,1.00044124379357,0.00278108285227595,-1.10506418870813e-05,0.00396657582040977,0.00676975995645988,0.028311433794149,0.488,0.39,-0.098,0.799180327868853,11000029,500,500,FALSE,FALSE,"parametric_mc20",8
"IPW","Naive",0.472292003771342,0.485781899816362,0.0134898960450201,1.02856261790863,0.0048270836824319,-0.000510001353941217,0.00638172300372018,0.0122288093940345,0.0562074978670401,0.488,0.39,-0.098,0.799180327868853,11000029,500,500,FALSE,FALSE,"parametric_mc20",8
"IPW","Proposed",0.487137012290733,0.492271015015326,0.00513400272459391,1.01053913497653,0.00344544854382051,0.000614183109258529,0.00440508517576789,0.00662216750107134,0.0281591186604922,0.488,0.39,-0.098,0.799180327868853,11000029,500,500,FALSE,FALSE,"parametric_mc20",8
"AIPW","Naive",0.496290899065053,0.504715994726284,0.00842509566123045,1.01697612363455,0.00279732663030924,-2.64956531444309e-05,0.00379094179319393,0.00664125972979203,0.0273561251184759,0.488,0.39,-0.098,0.799180327868853,11000029,500,500,FALSE,FALSE,"parametric_mc20",8
"AIPW","Proposed",0.490520762885615,0.488706434400312,-0.00181432848530361,0.996301219800299,0.003182684332249,0.000378113852298613,0.00438120745372878,0.00680766408138055,0.028207236560534,0.488,0.39,-0.098,0.799180327868853,11000029,500,500,FALSE,FALSE,"parametric_mc20",8
"G-Formula","Naive",0.424698988482484,0.406024823103375,-0.0186741653791093,0.956029644794222,0.000217184954647365,-1.31752370747861e-05,0.000338425311615535,0.000581960740412473,0.00311651051920558,0.4946,0.3918,-0.1028,0.792155276991508,11000030,5000,500,TRUE,TRUE,"parametric_mc20",8
"G-Formula","Proposed",0.470866951525631,0.379600726283731,-0.0912662252418994,0.806174069031193,0.000358183144719763,-9.40420222643016e-05,0.00045516955352819,0.00100143674277656,0.00378677408988486,0.4946,0.3918,-0.1028,0.792155276991508,11000030,5000,500,TRUE,TRUE,"parametric_mc20",8
"IPW","Naive",0.474723727479803,0.441934895936057,-0.0327888315437462,0.930930708440013,0.000403482716025181,-2.17954640296987e-05,0.000562771229458456,0.00100984487354303,0.00422883972737641,0.4946,0.3918,-0.1028,0.792155276991508,11000030,5000,500,TRUE,TRUE,"parametric_mc20",8
"IPW","Proposed",0.472074904070048,0.379854410395125,-0.0922204936749232,0.804648599449296,0.000672855326972958,0.000346933849515147,0.000982324092560837,0.000961311720503501,0.00385744993229206,0.4946,0.3918,-0.1028,0.792155276991508,11000030,5000,500,TRUE,TRUE,"parametric_mc20",8
"AIPW","Naive",0.424723340520101,0.4059540181385,-0.0187693223816015,0.955808121214583,0.000217212935398255,-1.31776074034584e-05,0.000338308532579447,0.000581876682784619,0.00311513034304146,0.4946,0.3918,-0.1028,0.792155276991508,11000030,5000,500,TRUE,TRUE,"parametric_mc20",8
"AIPW","Proposed",0.470868389310493,0.379641639859068,-0.0912267494514256,0.806258497018643,0.000634859554233868,0.000312599320873131,0.000945300761581821,0.000954961674069428,0.00385140110178524,0.4946,0.3918,-0.1028,0.792155276991508,11000030,5000,500,TRUE,TRUE,"parametric_mc20",8
"G-Formula","Naive",0.459946276626647,0.448383792081855,-0.0115624845447918,0.974861228077345,0.00024446337112364,-3.36138457817764e-06,0.000332745223835931,0.000583931364115926,0.00270207645715091,0.4946,0.3918,-0.1028,0.792155276991508,11000030,5000,500,FALSE,TRUE,"parametric_mc20",8
"G-Formula","Proposed",0.457664108375553,0.449092164847545,-0.00857194352800827,0.981270229910679,0.000271763322485269,-2.31107337181282e-05,0.000356433538091521,0.000674418328013046,0.00316756949351642,0.4946,0.3918,-0.1028,0.792155276991508,11000030,5000,500,FALSE,TRUE,"parametric_mc20",8
"IPW","Naive",0.474723727479803,0.441934895936057,-0.0327888315437462,0.930930708440013,0.000403482716025181,-2.17954640296987e-05,0.000562771229458456,0.00100984487354303,0.00422883972737641,0.4946,0.3918,-0.1028,0.792155276991508,11000030,5000,500,FALSE,TRUE,"parametric_mc20",8
"IPW","Proposed",0.472074904070048,0.379854410395125,-0.0922204936749232,0.804648599449296,0.000672855326972958,0.000346933849515147,0.000982324092560837,0.000961311720503501,0.00385744993229206,0.4946,0.3918,-0.1028,0.792155276991508,11000030,5000,500,FALSE,TRUE,"parametric_mc20",8
"AIPW","Naive",0.471769063562907,0.443613558123019,-0.0281555054398883,0.940319305324407,0.000236478081878819,6.26037875703638e-07,0.000330374011412602,0.000565600017540014,0.00241856597470547,0.4946,0.3918,-0.1028,0.792155276991508,11000030,5000,500,FALSE,TRUE,"parametric_mc20",8
"AIPW","Proposed",0.470868883101851,0.379466838425437,-0.0914020446764142,0.805886419857896,0.000604714048949101,0.00036105493953811,0.00113134410886533,0.00101394827873822,0.00424927598409431,0.4946,0.3918,-0.1028,0.792155276991508,11000030,5000,500,FALSE,TRUE,"parametric_mc20",8
"G-Formula","Naive",0.424698988482484,0.406024823103375,-0.0186741653791093,0.956029644794222,0.000217184954647365,-1.31752370747861e-05,0.000338425311615535,0.000581960740412473,0.00311651051920558,0.4946,0.3918,-0.1028,0.792155276991508,11000030,5000,500,TRUE,FALSE,"parametric_mc20",8
"G-Formula","Proposed",0.470866951525631,0.379600726283731,-0.0912662252418994,0.806174069031193,0.000358183144719763,-9.40420222643016e-05,0.00045516955352819,0.00100143674277656,0.00378677408988486,0.4946,0.3918,-0.1028,0.792155276991508,11000030,5000,500,TRUE,FALSE,"parametric_mc20",8
"IPW","Naive",0.462780138330087,0.446524840883509,-0.0162552974465778,0.964874686486689,0.000411842606624694,-3.43490513759499e-05,0.000577898407909809,0.0010584391172864,0.0047981687475437,0.4946,0.3918,-0.1028,0.792155276991508,11000030,5000,500,TRUE,FALSE,"parametric_mc20",8
"IPW","Proposed",0.458850073540654,0.448862091450997,-0.00998798208965779,0.978232580388215,0.000835941208859495,0.000527627909002383,0.000891692891204755,0.000672378282059484,0.00313166800575074,0.4946,0.3918,-0.1028,0.792155276991508,11000030,5000,500,TRUE,FALSE,"parametric_mc20",8
"AIPW","Naive",0.424697432753352,0.406028131130125,-0.0186693016232279,0.956040936008977,0.000217182415475499,-1.31727914315425e-05,0.000338446951818106,0.00058197495015669,0.00311664218237745,0.4946,0.3918,-0.1028,0.792155276991508,11000030,5000,500,TRUE,FALSE,"parametric_mc20",8
"AIPW","Proposed",0.470885032283865,0.379601050925737,-0.0912839813581277,0.806143803477069,0.000634190615545067,0.000315061389734876,0.000934700542474334,0.000938768378549649,0.0037832534269367,0.4946,0.3918,-0.1028,0.792155276991508,11000030,5000,500,TRUE,FALSE,"parametric_mc20",8
"G-Formula","Naive",0.459946276626647,0.448383792081855,-0.0115624845447918,0.974861228077345,0.00024446337112364,-3.36138457817764e-06,0.000332745223835931,0.000583931364115926,0.00270207645715091,0.4946,0.3918,-0.1028,0.792155276991508,11000030,5000,500,FALSE,FALSE,"parametric_mc20",8
"G-Formula","Proposed",0.457664108375553,0.449092164847545,-0.00857194352800827,0.981270229910679,0.000271763322485269,-2.31107337181282e-05,0.000356433538091521,0.000674418328013046,0.00316756949351642,0.4946,0.3918,-0.1028,0.792155276991508,11000030,5000,500,FALSE,FALSE,"parametric_mc20",8
"IPW","Naive",0.462780138330087,0.446524840883509,-0.0162552974465778,0.964874686486689,0.000411842606624694,-3.43490513759499e-05,0.000577898407909809,0.0010584391172864,0.0047981687475437,0.4946,0.3918,-0.1028,0.792155276991508,11000030,5000,500,FALSE,FALSE,"parametric_mc20",8
"IPW","Proposed",0.458850073540654,0.448862091450997,-0.00998798208965779,0.978232580388215,0.000835941208859495,0.000527627909002383,0.000891692891204755,0.000672378282059484,0.00313166800575074,0.4946,0.3918,-0.1028,0.792155276991508,11000030,5000,500,FALSE,FALSE,"parametric_mc20",8
"AIPW","Naive",0.459946846708595,0.448390602382079,-0.0115562443265162,0.97487482649525,0.000244460967219939,-3.36055140449474e-06,0.000332752370935431,0.00058393444096436,0.00270211613523872,0.4946,0.3918,-0.1028,0.792155276991508,11000030,5000,500,FALSE,FALSE,"parametric_mc20",8
"AIPW","Proposed",0.457707958354704,0.44909448062662,-0.00861347772808457,0.981181280397555,0.000794083656492724,0.000486185609991467,0.000854305617955408,0.000676018054465198,0.00317289569119585,0.4946,0.3918,-0.1028,0.792155276991508,11000030,5000,500,FALSE,FALSE,"parametric_mc20",8
"G-Formula","Naive",0.482487422874714,0.464413714330637,-0.0180737085440764,0.962540560256698,0.00193526445982629,-0.000273238484401549,0.00311168905594539,0.00559343048457478,0.0233282853460743,0.514,0.422,-0.092,0.821011673151751,11000031,500,5000,TRUE,TRUE,"parametric_mc20",8
"G-Formula","Proposed",0.499226708599375,0.440562913023715,-0.0586637955756598,0.882490670941372,0.00170379992696133,-1.98816851232442e-05,0.00298753881256267,0.00473110210977049,0.0174520667625094,0.514,0.422,-0.092,0.821011673151751,11000031,500,5000,TRUE,TRUE,"parametric_mc20",8
"IPW","Naive",0.559449196240782,0.558931494223036,-0.00051770201774537,0.999074621929526,0.00457391130704682,-0.000230741539530735,0.00653146358032346,0.0115668579664317,0.0369283787101678,0.514,0.422,-0.092,0.821011673151751,11000031,500,5000,TRUE,TRUE,"parametric_mc20",8
"IPW","Proposed",0.50699171240044,0.419728960253418,-0.0872627521470221,0.827881304540736,0.00186810082186047,4.45661757546752e-05,0.00378551284093815,0.00556448131128927,0.0194214251346037,0.514,0.422,-0.092,0.821011673151751,11000031,500,5000,TRUE,TRUE,"parametric_mc20",8
"AIPW","Naive",0.482614217625156,0.465150973409556,-0.0174632442155994,0.963815313395589,0.00192523507118909,-0.000275030460422198,0.00312883821125575,0.00560413420328923,0.023387881636619,0.514,0.422,-0.092,0.821011673151751,11000031,500,5000,TRUE,TRUE,"parametric_mc20",8
"AIPW","Proposed",0.499174520041726,0.449255582619879,-0.0499189374218469,0.89999702425181,0.00169043356530535,1.32287748386143e-06,0.0033645636330968,0.00505235144343443,0.0189883446151988,0.514,0.422,-0.092,0.821011673151751,11000031,500,5000,TRUE,TRUE,"parametric_mc20",8
"G-Formula","Naive",0.523372670478864,0.539189260017926,0.0158165895390618,1.03022051098807,0.00235984786802499,-5.20423202748745e-05,0.00371799021817171,0.00618192272674645,0.023108496085643,0.514,0.422,-0.092,0.821011673151751,11000031,500,5000,FALSE,TRUE,"parametric_mc20",8
"G-Formula","Proposed",0.520580965005587,0.544099412189647,0.0235184471840595,1.04517730913155,0.00233831742658401,-4.03044012480924e-06,0.00373223361532902,0.00607861192216266,0.0232284902832063,0.514,0.422,-0.092,0.821011673151751,11000031,500,5000,FALSE,TRUE,"parametric_mc20",8
"IPW","Naive",0.559449196240782,0.558931494223036,-0.00051770201774537,0.999074621929526,0.00457391130704682,-0.000230741539530735,0.00653146358032346,0.0115668579664317,0.0369283787101678,0.514,0.422,-0.092,0.821011673151751,11000031,500,5000,FALSE,TRUE,"parametric_mc20",8
"IPW","Proposed",0.50699171240044,0.419728960253418,-0.0872627521470221,0.827881304540736,0.00186810082186047,4.45661757546752e-05,0.00378551284093815,0.00556448131128927,0.0194214251346037,0.514,0.422,-0.092,0.821011673151751,11000031,500,5000,FALSE,TRUE,"parametric_mc20",8
"AIPW","Naive",0.531991275242906,0.531985440009104,-5.83523380237594e-06,0.999989031335524,0.00226915832665531,2.12652025651522e-05,0.00364818435605365,0.00587481227757865,0.0207578002611039,0.514,0.422,-0.092,0.821011673151751,11000031,500,5000,FALSE,TRUE,"parametric_mc20",8
"AIPW","Proposed",0.511339114149345,0.426171118786547,-0.0851679953627975,0.833441266263228,0.00186666117894628,1.8582288737949e-05,0.00366110397217398,0.00549060057364436,0.0188427020698517,0.514,0.422,-0.092,0.821011673151751,11000031,500,5000,FALSE,TRUE,"parametric_mc20",8
"G-Formula","Naive",0.482487422874714,0.464413714330637,-0.0180737085440764,0.962540560256698,0.00193526445982629,-0.000273238484401549,0.00311168905594539,0.00559343048457478,0.0233282853460743,0.514,0.422,-0.092,0.821011673151751,11000031,500,5000,TRUE,FALSE,"parametric_mc20",8
"G-Formula","Proposed",0.499226708599375,0.440562913023715,-0.0586637955756598,0.882490670941372,0.00170379992696133,-1.98816851232442e-05,0.00298753881256267,0.00473110210977049,0.0174520667625094,0.514,0.422,-0.092,0.821011673151751,11000031,500,5000,TRUE,FALSE,"parametric_mc20",8
"IPW","Naive",0.551846997343957,0.567167778517314,0.0153207811733564,1.02776273359662,0.00465751617067758,-0.000404002560110459,0.00684444208231939,0.0123099633732179,0.041356796263171,0.514,0.422,-0.092,0.821011673151751,11000031,500,5000,TRUE,FALSE,"parametric_mc20",8
"IPW","Proposed",0.515600946190375,0.540047800842004,0.0244468546516288,1.04741429361653,0.00238311735888837,7.07701552771345e-05,0.00378408745586076,0.00602566450419486,0.0235111221324587,0.514,0.422,-0.092,0.821011673151751,11000031,500,5000,TRUE,FALSE,"parametric_mc20",8
"AIPW","Naive",0.483174629740614,0.465039618930265,-0.0181350108103494,0.962466963921337,0.00192648997605772,-0.000275368468003552,0.00312282624775858,0.0056000531598234,0.023291078706206,0.514,0.422,-0.092,0.821011673151751,11000031,500,5000,TRUE,FALSE,"parametric_mc20",8
"AIPW","Proposed",0.499417919710905,0.443774405966477,-0.0556435137444279,0.888583265541136,0.00169238113609778,2.61795243029392e-06,0.00309914211726696,0.00478628734850415,0.0177643780988431,0.514,0.422,-0.092,0.821011673151751,11000031,500,5000,TRUE,FALSE,"parametric_mc20",8
"G-Formula","Naive",0.523372670478864,0.539189260017926,0.0158165895390618,1.03022051098807,0.00235984786802499,-5.20423202748745e-05,0.00371799021817171,0.00618192272674645,0.023108496085643,0.514,0.422,-0.092,0.821011673151751,11000031,500,5000,FALSE,FALSE,"parametric_mc20",8
"G-Formula","Proposed",0.520580965005587,0.544099412189647,0.0235184471840595,1.04517730913155,0.00233831742658401,-4.03044012480924e-06,0.00373223361532902,0.00607861192216266,0.0232284902832063,0.514,0.422,-0.092,0.821011673151751,11000031,500,5000,FALSE,FALSE,"parametric_mc20",8
"IPW","Naive",0.551846997343957,0.567167778517314,0.0153207811733564,1.02776273359662,0.00465751617067758,-0.000404002560110459,0.00684444208231939,0.0123099633732179,0.041356796263171,0.514,0.422,-0.092,0.821011673151751,11000031,500,5000,FALSE,FALSE,"parametric_mc20",8
"IPW","Proposed",0.515600946190375,0.540047800842004,0.0244468546516288,1.04741429361653,0.00238311735888837,7.07701552771345e-05,0.00378408745586076,0.00602566450419486,0.0235111221324587,0.514,0.422,-0.092,0.821011673151751,11000031,500,5000,FALSE,FALSE,"parametric_mc20",8
"AIPW","Naive",0.523426870447725,0.540146580315479,0.0167197098677541,1.03194278095324,0.00235506049487346,-5.39514974748592e-05,0.00371055408795654,0.00617351757777972,0.0231035887082217,0.514,0.422,-0.092,0.821011673151751,11000031,500,5000,FALSE,FALSE,"parametric_mc20",8
"AIPW","Proposed",0.52056245947223,0.547257967845316,0.0266955083730855,1.05128204673105,0.0023600485120551,2.02368436685072e-05,0.00373475451650405,0.00605432934122213,0.0232504020441555,0.514,0.422,-0.092,0.821011673151751,11000031,500,5000,FALSE,FALSE,"parametric_mc20",8
"G-Formula","Naive",0.430883131208815,0.435135659122034,0.00425252791321906,1.00986933023182,0.000215980914994504,-1.59466833711716e-05,0.000382370240708016,0.000630244522444863,0.00341938256611577,0.4936,0.3994,-0.0942,0.809157212317666,11000032,5000,5000,TRUE,TRUE,"parametric_mc20",8
"G-Formula","Proposed",0.485551279725118,0.406100620912359,-0.0794506588127596,0.836370199955526,0.000206200621239057,-1.08946054039416e-05,0.000488778288032081,0.000716768120079021,0.00276231107986633,0.4936,0.3994,-0.0942,0.809157212317666,11000032,5000,5000,TRUE,TRUE,"parametric_mc20",8
"IPW","Naive",0.482308062137982,0.475110030173131,-0.00719803196485175,0.985075862234307,0.000421822599336712,-2.22535482230104e-05,0.000620522122838198,0.00108685181862093,0.00461562178639603,0.4936,0.3994,-0.0942,0.809157212317666,11000032,5000,5000,TRUE,TRUE,"parametric_mc20",8
"IPW","Proposed",0.484307008671036,0.404785488576253,-0.079521520094783,0.835803491027325,0.000244591872029582,3.60048187903038e-05,0.00054483696196175,0.000717419196410724,0.00279473809047711,0.4936,0.3994,-0.0942,0.809157212317666,11000032,5000,5000,TRUE,TRUE,"parametric_mc20",8
"AIPW","Naive",0.430906487153249,0.435121233425677,0.00421474627242835,1.00978111585247,0.000215977142317229,-1.59506904092086e-05,0.000382252416946499,0.000630130940082146,0.00341817782800077,0.4936,0.3994,-0.0942,0.809157212317666,11000032,5000,5000,TRUE,TRUE,"parametric_mc20",8
"AIPW","Proposed",0.485571336788455,0.406172004434232,-0.0793993323542228,0.836482662095819,0.000217991074104592,1.74239251054391e-05,0.000528735351156568,0.000711878575050282,0.00276578212455429,0.4936,0.3994,-0.0942,0.809157212317666,11000032,5000,5000,TRUE,TRUE,"parametric_mc20",8
"G-Formula","Naive",0.472204047000619,0.478721152786301,0.00651710578568171,1.01380146109945,0.000241708332683909,-6.72155224236515e-06,0.000332667426709846,0.000587818863878485,0.00266719525712766,0.4936,0.3994,-0.0942,0.809157212317666,11000032,5000,5000,FALSE,TRUE,"parametric_mc20",8
"G-Formula","Proposed",0.472861621537737,0.477665061495147,0.00480343995741006,1.01015823602218,0.000239437306947963,-4.33855032829542e-06,0.000329246511814049,0.000577360919418604,0.00260439716664759,0.4936,0.3994,-0.0942,0.809157212317666,11000032,5000,5000,FALSE,TRUE,"parametric_mc20",8
"IPW","Naive",0.482308062137982,0.475110030173131,-0.00719803196485175,0.985075862234307,0.000421822599336712,-2.22535482230104e-05,0.000620522122838198,0.00108685181862093,0.00461562178639603,0.4936,0.3994,-0.0942,0.809157212317666,11000032,5000,5000,FALSE,TRUE,"parametric_mc20",8
"IPW","Proposed",0.484307008671036,0.404785488576253,-0.079521520094783,0.835803491027325,0.000244591872029582,3.60048187903038e-05,0.00054483696196175,0.000717419196410724,0.00279473809047711,0.4936,0.3994,-0.0942,0.809157212317666,11000032,5000,5000,FALSE,TRUE,"parametric_mc20",8
"AIPW","Naive",0.48319616027422,0.47514747652461,-0.00804868374961082,0.983342823450743,0.000233863600848351,-3.84975646122242e-06,0.00033186709799424,0.000573430211765036,0.00242238905171547,0.4936,0.3994,-0.0942,0.809157212317666,11000032,5000,5000,FALSE,TRUE,"parametric_mc20",8
"AIPW","Proposed",0.48449800698888,0.407165976588634,-0.0773320304002456,0.840387309576651,0.000217517985127745,2.29775633199941e-05,0.000549633797576057,0.000721196656063813,0.00283139094358556,0.4936,0.3994,-0.0942,0.809157212317666,11000032,5000,5000,FALSE,TRUE,"parametric_mc20",8
"G-Formula","Naive",0.430883131208815,0.435135659122034,0.00425252791321906,1.00986933023182,0.000215980914994504,-1.59466833711716e-05,0.000382370240708016,0.000630244522444863,0.00341938256611577,0.4936,0.3994,-0.0942,0.809157212317666,11000032,5000,5000,TRUE,FALSE,"parametric_mc20",8
"G-Formula","Proposed",0.485551279725118,0.406100620912359,-0.0794506588127596,0.836370199955526,0.000206200621239057,-1.08946054039416e-05,0.000488778288032081,0.000716768120079021,0.00276231107986633,0.4936,0.3994,-0.0942,0.809157212317666,11000032,5000,5000,TRUE,FALSE,"parametric_mc20",8
"IPW","Naive",0.471383848023774,0.478772883533354,0.00738903550958003,1.01567519875905,0.000432486690594881,-3.61154629415864e-05,0.000634075424438018,0.00113879304091607,0.00519161110445857,0.4936,0.3994,-0.0942,0.809157212317666,11000032,5000,5000,TRUE,FALSE,"parametric_mc20",8
"IPW","Proposed",0.472753623450881,0.477970435633913,0.00521681218303216,1.01103494912414,0.000301010603825279,5.58900689553225e-05,0.00038964704583944,0.000578877511754073,0.00261447176330847,0.4936,0.3994,-0.0942,0.809157212317666,11000032,5000,5000,TRUE,FALSE,"parametric_mc20",8
"AIPW","Naive",0.430902451293292,0.435123955044565,0.00422150375127334,1.0097968896176,0.000215990886994354,-1.59482948426355e-05,0.00038233973664733,0.000630227213326955,0.00341880132651743,0.4936,0.3994,-0.0942,0.809157212317666,11000032,5000,5000,TRUE,FALSE,"parametric_mc20",8
"AIPW","Proposed",0.485568230245768,0.406122311346863,-0.0794459188989046,0.836385673628826,0.000218004394568657,1.74415139619538e-05,0.000527959517551495,0.000711080884196245,0.00276230602563318,0.4936,0.3994,-0.0942,0.809157212317666,11000032,5000,5000,TRUE,FALSE,"parametric_mc20",8
"G-Formula","Naive",0.472204047000619,0.478721152786301,0.00651710578568171,1.01380146109945,0.000241708332683909,-6.72155224236515e-06,0.000332667426709846,0.000587818863878485,0.00266719525712766,0.4936,0.3994,-0.0942,0.809157212317666,11000032,5000,5000,FALSE,FALSE,"parametric_mc20",8
"G-Formula","Proposed",0.472861621537737,0.477665061495147,0.00480343995741006,1.01015823602218,0.000239437306947963,-4.33855032829542e-06,0.000329246511814049,0.000577360919418604,0.00260439716664759,0.4936,0.3994,-0.0942,0.809157212317666,11000032,5000,5000,FALSE,FALSE,"parametric_mc20",8
"IPW","Naive",0.471383848023774,0.478772883533354,0.00738903550958003,1.01567519875905,0.000432486690594881,-3.61154629415864e-05,0.000634075424438018,0.00113879304091607,0.00519161110445857,0.4936,0.3994,-0.0942,0.809157212317666,11000032,5000,5000,FALSE,FALSE,"parametric_mc20",8
"IPW","Proposed",0.472753623450881,0.477970435633913,0.00521681218303216,1.01103494912414,0.000301010603825279,5.58900689553225e-05,0.00038964704583944,0.000578877511754073,0.00261447176330847,0.4936,0.3994,-0.0942,0.809157212317666,11000032,5000,5000,FALSE,FALSE,"parametric_mc20",8
"AIPW","Naive",0.472226145927852,0.478707654471438,0.00648150854358603,1.01372543345911,0.000241713091968694,-6.72241736877212e-06,0.000332653827346814,0.000587811754053051,0.00266674277585308,0.4936,0.3994,-0.0942,0.809157212317666,11000032,5000,5000,FALSE,FALSE,"parametric_mc20",8
"AIPW","Proposed",0.472880460318597,0.477689065097936,0.00480860477933864,1.01016875338029,0.000277048568902075,3.32117911233985e-05,0.000366826974626704,0.000577451961281982,0.00260464288859476,0.4936,0.3994,-0.0942,0.809157212317666,11000032,5000,5000,FALSE,FALSE,"parametric_mc20",8
"G-Formula","Naive",0.444145917401707,0.3944637585517,-0.0496821588500071,0.888140007813981,0.0019919702883985,-7.11577207394025e-06,0.00321463249012502,0.00522083432267139,0.0243251928454947,0.486,0.396,-0.09,0.814814814814815,11000033,500,500,TRUE,TRUE,"parametric_mc20",9
"G-Formula","Proposed",0.50082506282977,0.409902226726464,-0.0909228361033056,0.818453901668635,0.00199794832367437,-2.11911466618057e-05,0.00418687695887669,0.00622720757587467,0.0221664812463485,0.486,0.396,-0.09,0.814814814814815,11000033,500,500,TRUE,TRUE,"parametric_mc20",9
"IPW","Naive",0.485621497557997,0.395327020043817,-0.0902944775141801,0.814064084954566,0.00395407499356063,-0.000255545934780874,0.00493685333660362,0.009402020199726,0.0338096986593519,0.486,0.396,-0.09,0.814814814814815,11000033,500,500,TRUE,TRUE,"parametric_mc20",9
"IPW","Proposed",0.506701937356379,0.403121037238988,-0.103580900117391,0.795578243379522,0.00237635760940879,0.000428994435345339,0.00480452906808576,0.00632289780680387,0.0219127703773286,0.486,0.396,-0.09,0.814814814814815,11000033,500,500,TRUE,TRUE,"parametric_mc20",9
"AIPW","Naive",0.44431972665084,0.3945159663301,-0.0498037603207401,0.887910085162891,0.00199284762296201,-6.94545144567635e-06,0.0032153808610721,0.00522211938692546,0.0243077908865441,0.486,0.396,-0.09,0.814814814814815,11000033,500,500,TRUE,TRUE,"parametric_mc20",9
"AIPW","Proposed",0.500637062557128,0.407144364035588,-0.0934926985215393,0.813252542582441,0.00210835869108617,0.000211634654655147,0.00443387128823962,0.0061189606700155,0.0218804958235049,0.486,0.396,-0.09,0.814814814814815,11000033,500,500,TRUE,TRUE,"parametric_mc20",9
"G-Formula","Naive",0.479146420847814,0.397069565808743,-0.0820768550390708,0.828701934381891,0.00224502821347377,-1.73886447184523e-07,0.00283002345895362,0.00507539944532176,0.0190437024133787,0.486,0.396,-0.09,0.814814814814815,11000033,500,500,FALSE,TRUE,"parametric_mc20",9
"G-Formula","Proposed",0.483185403345701,0.414824282659662,-0.0683611206860393,0.858519896891154,0.0022493939762275,-7.22024884464268e-06,0.00293605889046443,0.00519989336438122,0.0197302583541177,0.486,0.396,-0.09,0.814814814814815,11000033,500,500,FALSE,TRUE,"parametric_mc20",9
"IPW","Naive",0.485621497557997,0.395327020043817,-0.0902944775141801,0.814064084954566,0.00395407499356063,-0.000255545934780874,0.00493685333660362,0.009402020199726,0.0338096986593519,0.486,0.396,-0.09,0.814814814814815,11000033,500,500,FALSE,TRUE,"parametric_mc20",9
"IPW","Proposed",0.506701937356379,0.403121037238988,-0.103580900117391,0.795578243379522,0.00237635760940879,0.000428994435345339,0.00480452906808576,0.00632289780680387,0.0219127703773286,0.486,0.396,-0.09,0.814814814814815,11000033,500,500,FALSE,TRUE,"parametric_mc20",9
"AIPW","Naive",0.49057972074178,0.396762664803246,-0.0938170559385346,0.808762873857324,0.00215301385679387,-3.9408804486809e-06,0.00284982289992306,0.00501071851761429,0.0177193059238712,0.486,0.396,-0.09,0.814814814814815,11000033,500,500,FALSE,TRUE,"parametric_mc20",9
"AIPW","Proposed",0.504397763158041,0.406670264659913,-0.0977274984981287,0.806249143758578,0.00201973477500092,0.000203400141254455,0.00468169478002338,0.00629462927251539,0.0222729369767264,0.486,0.396,-0.09,0.814814814814815,11000033,500,500,FALSE,TRUE,"parametric_mc20",9
"G-Formula","Naive",0.444145917401707,0.3944637585517,-0.0496821588500071,0.888140007813981,0.0019919702883985,-7.11577207394025e-06,0.00321463249012502,0.00522083432267139,0.0243251928454947,0.486,0.396,-0.09,0.814814814814815,11000033,500,500,TRUE,FALSE,"parametric_mc20",9
"G-Formula","Proposed",0.50082506282977,0.409902226726464,-0.0909228361033056,0.818453901668635,0.00199794832367437,-2.11911466618057e-05,0.00418687695887669,0.00622720757587467,0.0221664812463485,0.486,0.396,-0.09,0.814814814814815,11000033,500,500,TRUE,FALSE,"parametric_mc20",9
"IPW","Naive",0.473859850495896,0.395481905885646,-0.0783779446102506,0.834596781035093,0.00403430795828459,-0.000288943444265324,0.00492371887012468,0.00953591371693991,0.0365904082796413,0.486,0.396,-0.09,0.814814814814815,11000033,500,500,TRUE,FALSE,"parametric_mc20",9
"IPW","Proposed",0.485362200898282,0.409722772804751,-0.075639428093531,0.844158799441857,0.00292354267369727,0.000529996461972736,0.00346224142901706,0.00532579117876886,0.0197420718043161,0.486,0.396,-0.09,0.814814814814815,11000033,500,500,TRUE,FALSE,"parametric_mc20",9
"AIPW","Naive",0.444161171200848,0.394491655954564,-0.0496695152462834,0.888172315666416,0.0019920195767515,-7.19530449979815e-06,0.00321453579383558,0.00522094597958668,0.024324526939858,0.486,0.396,-0.09,0.814814814814815,11000033,500,500,TRUE,FALSE,"parametric_mc20",9
"AIPW","Proposed",0.501073852600059,0.410145964832372,-0.0909278877676871,0.818533960022331,0.00210919404543973,0.000208306485062696,0.00448970503425925,0.00618228610957358,0.0221521398181882,0.486,0.396,-0.09,0.814814814814815,11000033,500,500,TRUE,FALSE,"parametric_mc20",9
"G-Formula","Naive",0.479146420847814,0.397069565808743,-0.0820768550390708,0.828701934381891,0.00224502821347377,-1.73886447184523e-07,0.00283002345895362,0.00507539944532176,0.0190437024133787,0.486,0.396,-0.09,0.814814814814815,11000033,500,500,FALSE,FALSE,"parametric_mc20",9
"G-Formula","Proposed",0.483185403345701,0.414824282659662,-0.0683611206860393,0.858519896891154,0.0022493939762275,-7.22024884464268e-06,0.00293605889046443,0.00519989336438122,0.0197302583541177,0.486,0.396,-0.09,0.814814814814815,11000033,500,500,FALSE,FALSE,"parametric_mc20",9
"IPW","Naive",0.473859850495896,0.395481905885646,-0.0783779446102506,0.834596781035093,0.00403430795828459,-0.000288943444265324,0.00492371887012468,0.00953591371693991,0.0365904082796413,0.486,0.396,-0.09,0.814814814814815,11000033,500,500,FALSE,FALSE,"parametric_mc20",9
"IPW","Proposed",0.485362200898282,0.409722772804751,-0.075639428093531,0.844158799441857,0.00292354267369727,0.000529996461972736,0.00346224142901706,0.00532579117876886,0.0197420718043161,0.486,0.396,-0.09,0.814814814814815,11000033,500,500,FALSE,FALSE,"parametric_mc20",9
"AIPW","Naive",0.479144321746625,0.39709687588111,-0.082047445865515,0.82876256246463,0.00224507944684451,-3.18355768642845e-07,0.002829953531281,0.0050756696896628,0.0190457437656973,0.486,0.396,-0.09,0.814814814814815,11000033,500,500,FALSE,FALSE,"parametric_mc20",9
"AIPW","Proposed",0.483668677680573,0.41507387427699,-0.0685948034035832,0.858178115373258,0.00264698751863771,0.000337110167771397,0.00323264175382697,0.00520540893692188,0.0196783678869909,0.486,0.396,-0.09,0.814814814814815,11000033,500,500,FALSE,FALSE,"parametric_mc20",9
"G-Formula","Naive",0.449321601445662,0.422515920657705,-0.026805680787957,0.940341882736749,0.000218792941210766,-1.17714553625026e-05,0.000356512891757334,0.000598848743693105,0.00283380876276004,0.4952,0.3938,-0.1014,0.795234248788368,11000034,5000,500,TRUE,TRUE,"parametric_mc20",9
"G-Formula","Proposed",0.515104488975142,0.385644485945046,-0.129460003030097,0.748672345512516,0.000347523682443564,-8.11222961752842e-05,0.00053935305083188,0.00104912132562601,0.00322467565523211,0.4952,0.3938,-0.1014,0.795234248788368,11000034,5000,500,TRUE,TRUE,"parametric_mc20",9
"IPW","Naive",0.491588853875041,0.457835471470683,-0.0337533824043579,0.931338186091303,0.000418683641138819,-2.54045489718053e-05,0.000568387162403893,0.00103787990148632,0.00405061481496171,0.4952,0.3938,-0.1014,0.795234248788368,11000034,5000,500,TRUE,TRUE,"parametric_mc20",9
"IPW","Proposed",0.516825481774918,0.387174540795046,-0.129650940979871,0.749139805307944,0.000766441021700767,0.000415551460881105,0.00103429696346594,0.000969635063404499,0.00315159998198536,0.4952,0.3938,-0.1014,0.795234248788368,11000034,5000,500,TRUE,TRUE,"parametric_mc20",9
"AIPW","Naive",0.449338841032004,0.42254180148979,-0.0267970395422144,0.94036340263693,0.000218812121311337,-1.17729095408615e-05,0.000356493396175794,0.000598851336568853,0.00283363867742066,0.4952,0.3938,-0.1014,0.795234248788368,11000034,5000,500,TRUE,TRUE,"parametric_mc20",9
"AIPW","Proposed",0.514966583757306,0.38734036074185,-0.127626223015456,0.752166010298634,0.00071792710418161,0.000376804482742716,0.00100956231384547,0.000973880452541648,0.00320106837087691,0.4952,0.3938,-0.1014,0.795234248788368,11000034,5000,500,TRUE,TRUE,"parametric_mc20",9
"G-Formula","Naive",0.482382038298636,0.459915139974781,-0.0224668983238553,0.953425093514891,0.000236609542054435,-4.13129191429035e-06,0.000326470101151024,0.00057134222703404,0.00236118777012902,0.4952,0.3938,-0.1014,0.795234248788368,11000034,5000,500,FALSE,TRUE,"parametric_mc20",9
"G-Formula","Proposed",0.484640861580473,0.457683896950647,-0.0269569646298262,0.944377441592696,0.000266989857315797,-2.36354847358814e-05,0.000348339497503818,0.000662600324291378,0.00268692267870484,0.4952,0.3938,-0.1014,0.795234248788368,11000034,5000,500,FALSE,TRUE,"parametric_mc20",9
"IPW","Naive",0.491588853875041,0.457835471470683,-0.0337533824043579,0.931338186091303,0.000418683641138819,-2.54045489718053e-05,0.000568387162403893,0.00103787990148632,0.00405061481496171,0.4952,0.3938,-0.1014,0.795234248788368,11000034,5000,500,FALSE,TRUE,"parametric_mc20",9
"IPW","Proposed",0.516825481774918,0.387174540795046,-0.129650940979871,0.749139805307944,0.000766441021700767,0.000415551460881105,0.00103429696346594,0.000969635063404499,0.00315159998198536,0.4952,0.3938,-0.1014,0.795234248788368,11000034,5000,500,FALSE,TRUE,"parametric_mc20",9
"AIPW","Naive",0.49423485249686,0.455883654445095,-0.0383511980517652,0.922402886283684,0.000228860410172288,-9.99130336865823e-07,0.000325599695488071,0.00055645836633409,0.00213766576595502,0.4952,0.3938,-0.1014,0.795234248788368,11000034,5000,500,FALSE,TRUE,"parametric_mc20",9
"AIPW","Proposed",0.516550809866357,0.387749718661569,-0.128801091204788,0.750651651793729,0.000650634104811213,0.00041559480765271,0.00119208292143348,0.00101152741093928,0.00350329960863506,0.4952,0.3938,-0.1014,0.795234248788368,11000034,5000,500,FALSE,TRUE,"parametric_mc20",9
"G-Formula","Naive",0.449321601445662,0.422515920657705,-0.026805680787957,0.940341882736749,0.000218792941210766,-1.17714553625026e-05,0.000356512891757334,0.000598848743693105,0.00283380876276004,0.4952,0.3938,-0.1014,0.795234248788368,11000034,5000,500,TRUE,FALSE,"parametric_mc20",9
"G-Formula","Proposed",0.515104488975142,0.385644485945046,-0.129460003030097,0.748672345512516,0.000347523682443564,-8.11222961752842e-05,0.00053935305083188,0.00104912132562601,0.00322467565523211,0.4952,0.3938,-0.1014,0.795234248788368,11000034,5000,500,TRUE,FALSE,"parametric_mc20",9
"IPW","Naive",0.479447716525718,0.461666308754774,-0.017781407770944,0.962912728211961,0.000427699876997372,-3.71669881971615e-05,0.000580119249563003,0.0010821531029547,0.00456022789908134,0.4952,0.3938,-0.1014,0.795234248788368,11000034,5000,500,TRUE,FALSE,"parametric_mc20",9
"IPW","Proposed",0.484741246140272,0.458052312442393,-0.0266889336978786,0.944941896505841,0.000895322616391885,0.000566596318450492,0.000902222840388456,0.000664352819879358,0.00268484427993039,0.4952,0.3938,-0.1014,0.795234248788368,11000034,5000,500,TRUE,FALSE,"parametric_mc20",9
"AIPW","Naive",0.449325556844889,0.422514510823606,-0.0268110460212825,0.94033046726844,0.000218797807552536,-1.1772059719744e-05,0.000356523607097285,0.000598865534089308,0.00283381429088496,0.4952,0.3938,-0.1014,0.795234248788368,11000034,5000,500,TRUE,FALSE,"parametric_mc20",9
"AIPW","Proposed",0.515074326602676,0.385716493953761,-0.129357832648915,0.748855988412133,0.000717994076969381,0.000376673727936948,0.00101627215720297,0.000980918778298452,0.00322185785480091,0.4952,0.3938,-0.1014,0.795234248788368,11000034,5000,500,TRUE,FALSE,"parametric_mc20",9
"G-Formula","Naive",0.482382038298636,0.459915139974781,-0.0224668983238553,0.953425093514891,0.000236609542054435,-4.13129191429035e-06,0.000326470101151024,0.00057134222703404,0.00236118777012902,0.4952,0.3938,-0.1014,0.795234248788368,11000034,5000,500,FALSE,FALSE,"parametric_mc20",9
"G-Formula","Proposed",0.484640861580473,0.457683896950647,-0.0269569646298262,0.944377441592696,0.000266989857315797,-2.36354847358814e-05,0.000348339497503818,0.000662600324291378,0.00268692267870484,0.4952,0.3938,-0.1014,0.795234248788368,11000034,5000,500,FALSE,FALSE,"parametric_mc20",9
"IPW","Naive",0.479447716525718,0.461666308754774,-0.017781407770944,0.962912728211961,0.000427699876997372,-3.71669881971615e-05,0.000580119249563003,0.0010821531029547,0.00456022789908134,0.4952,0.3938,-0.1014,0.795234248788368,11000034,5000,500,FALSE,FALSE,"parametric_mc20",9
"IPW","Proposed",0.484741246140272,0.458052312442393,-0.0266889336978786,0.944941896505841,0.000895322616391885,0.000566596318450492,0.000902222840388456,0.000664352819879358,0.00268484427993039,0.4952,0.3938,-0.1014,0.795234248788368,11000034,5000,500,FALSE,FALSE,"parametric_mc20",9
"AIPW","Naive",0.482390696194081,0.459912381636926,-0.0224783145571543,0.953402263487871,0.000236611076219813,-4.13095874271553e-06,0.00032648517455349,0.000571358168258734,0.00236112597798924,0.4952,0.3938,-0.1014,0.795234248788368,11000034,5000,500,FALSE,FALSE,"parametric_mc20",9
"AIPW","Proposed",0.484616576766408,0.457744595153145,-0.0268719816132629,0.944550015617366,0.000852485417401671,0.00052526893860301,0.00086204735918188,0.000663994899377531,0.00268392199299502,0.4952,0.3938,-0.1014,0.795234248788368,11000034,5000,500,FALSE,FALSE,"parametric_mc20",9
"G-Formula","Naive",0.400793400751158,0.356165954796249,-0.0446274459549088,0.888652243596653,0.00195897861752147,-0.000123694945346038,0.00476076160728817,0.00696713011550172,0.0406362366956993,0.52,0.386,-0.134,0.742307692307692,11000035,500,5000,TRUE,TRUE,"parametric_mc20",9
"G-Formula","Proposed",0.453572829173344,0.33132789588736,-0.122244933285984,0.730484443901147,0.00138754231454385,-1.90302584109114e-05,0.00418497974582554,0.00561058257719121,0.0240763429479464,0.52,0.386,-0.134,0.742307692307692,11000035,500,5000,TRUE,TRUE,"parametric_mc20",9
"IPW","Naive",0.454619728141449,0.381210556931154,-0.0734091712102949,0.838526208463495,0.00365895110581854,-9.29223795713458e-05,0.00468057779138175,0.00852537365634298,0.0358484142219256,0.52,0.386,-0.134,0.742307692307692,11000035,500,5000,TRUE,TRUE,"parametric_mc20",9
"IPW","Proposed",0.452610955129408,0.314751698350687,-0.137859256778721,0.695413345133669,0.00171304183875366,2.40605445341183e-05,0.00308819950351718,0.0047531202532026,0.0189555062254762,0.52,0.386,-0.134,0.742307692307692,11000035,500,5000,TRUE,TRUE,"parametric_mc20",9
"AIPW","Naive",0.400885631137706,0.356158126866598,-0.0447275042711078,0.888428267822491,0.00195985077510069,-0.00012287258698854,0.00475925179088397,0.00696484773996174,0.0405981407744894,0.52,0.386,-0.134,0.742307692307692,11000035,500,5000,TRUE,TRUE,"parametric_mc20",9
"AIPW","Proposed",0.453444211430171,0.336675703073084,-0.116768508357087,0.742485391998286,0.00137349421878849,-8.61473673729389e-06,0.00427044207967563,0.0056611657719387,0.0245142762769232,0.52,0.386,-0.134,0.742307692307692,11000035,500,5000,TRUE,TRUE,"parametric_mc20",9
"G-Formula","Naive",0.47384459639736,0.390881090895341,-0.0829635055020191,0.824914104470558,0.00237190561711821,-8.19402027064711e-05,0.00399212636017621,0.00652791238270736,0.0255706985004674,0.52,0.386,-0.134,0.742307692307692,11000035,500,5000,FALSE,TRUE,"parametric_mc20",9
"G-Formula","Proposed",0.475161956287587,0.384275523462561,-0.0908864328250257,0.808725358538558,0.00231441747427265,-8.31103516638705e-06,0.00360355416234082,0.00593459370694624,0.0227244936522901,0.52,0.386,-0.134,0.742307692307692,11000035,500,5000,FALSE,TRUE,"parametric_mc20",9
"IPW","Naive",0.454619728141449,0.381210556931154,-0.0734091712102949,0.838526208463495,0.00365895110581854,-9.29223795713458e-05,0.00468057779138175,0.00852537365634298,0.0358484142219256,0.52,0.386,-0.134,0.742307692307692,11000035,500,5000,FALSE,TRUE,"parametric_mc20",9
"IPW","Proposed",0.452610955129408,0.314751698350687,-0.137859256778721,0.695413345133669,0.00171304183875366,2.40605445341183e-05,0.00308819950351718,0.0047531202532026,0.0189555062254762,0.52,0.386,-0.134,0.742307692307692,11000035,500,5000,FALSE,TRUE,"parametric_mc20",9
"AIPW","Naive",0.465162630806363,0.394561380737164,-0.0706012500691985,0.848222437931416,0.00228310335064229,-5.39394834697459e-05,0.00396414776952041,0.00635513008710219,0.0263351578461988,0.52,0.386,-0.134,0.742307692307692,11000035,500,5000,FALSE,TRUE,"parametric_mc20",9
"AIPW","Proposed",0.447308728173619,0.322218563178189,-0.12509016499543,0.720349375908271,0.00174996577663638,3.67655591626922e-06,0.00436870105815331,0.00611131372295714,0.0263461256020592,0.52,0.386,-0.134,0.742307692307692,11000035,500,5000,FALSE,TRUE,"parametric_mc20",9
"G-Formula","Naive",0.400793400751158,0.356165954796249,-0.0446274459549088,0.888652243596653,0.00195897861752147,-0.000123694945346038,0.00476076160728817,0.00696713011550172,0.0406362366956993,0.52,0.386,-0.134,0.742307692307692,11000035,500,5000,TRUE,FALSE,"parametric_mc20",9
"G-Formula","Proposed",0.453572829173344,0.33132789588736,-0.122244933285984,0.730484443901147,0.00138754231454385,-1.90302584109114e-05,0.00418497974582554,0.00561058257719121,0.0240763429479464,0.52,0.386,-0.134,0.742307692307692,11000035,500,5000,TRUE,FALSE,"parametric_mc20",9
"IPW","Naive",0.463057642108555,0.377592612274098,-0.0854650298344567,0.815433280735229,0.00392074112183017,-0.000224302394324716,0.00472051811910488,0.00908986402958448,0.0358794143522241,0.52,0.386,-0.134,0.742307692307692,11000035,500,5000,TRUE,FALSE,"parametric_mc20",9
"IPW","Proposed",0.478889086699678,0.364961561954017,-0.113927524745661,0.762100394622049,0.00232712328015921,4.31930049791116e-05,0.0025276746353231,0.00476841190552409,0.0166282080981135,0.52,0.386,-0.134,0.742307692307692,11000035,500,5000,TRUE,FALSE,"parametric_mc20",9
"AIPW","Naive",0.400573131012801,0.356119452542468,-0.0444536784703333,0.889024812128718,0.00195745801604809,-0.000124172982877779,0.00476026392057776,0.00696606790238141,0.0406843054093994,0.52,0.386,-0.134,0.742307692307692,11000035,500,5000,TRUE,FALSE,"parametric_mc20",9
"AIPW","Proposed",0.4536821136831,0.331636378253553,-0.122045735429547,0.73098843496661,0.00137484569086873,-9.39412472405329e-06,0.00420404203734549,0.00559767597766233,0.0240610105967795,0.52,0.386,-0.134,0.742307692307692,11000035,500,5000,TRUE,FALSE,"parametric_mc20",9
"G-Formula","Naive",0.47384459639736,0.390881090895341,-0.0829635055020191,0.824914104470558,0.00237190561711821,-8.19402027064711e-05,0.00399212636017621,0.00652791238270736,0.0255706985004674,0.52,0.386,-0.134,0.742307692307692,11000035,500,5000,FALSE,FALSE,"parametric_mc20",9
"G-Formula","Proposed",0.475161956287587,0.384275523462561,-0.0908864328250257,0.808725358538558,0.00231441747427265,-8.31103516638705e-06,0.00360355416234082,0.00593459370694624,0.0227244936522901,0.52,0.386,-0.134,0.742307692307692,11000035,500,5000,FALSE,FALSE,"parametric_mc20",9
"IPW","Naive",0.463057642108555,0.377592612274098,-0.0854650298344567,0.815433280735229,0.00392074112183017,-0.000224302394324716,0.00472051811910488,0.00908986402958448,0.0358794143522241,0.52,0.386,-0.134,0.742307692307692,11000035,500,5000,FALSE,FALSE,"parametric_mc20",9
"IPW","Proposed",0.478889086699678,0.364961561954017,-0.113927524745661,0.762100394622049,0.00232712328015921,4.31930049791116e-05,0.0025276746353231,0.00476841190552409,0.0166282080981135,0.52,0.386,-0.134,0.742307692307692,11000035,500,5000,FALSE,FALSE,"parametric_mc20",9
"AIPW","Naive",0.473566330442561,0.390832028432079,-0.0827343020104822,0.825295219081212,0.0023712738796105,-8.25424303462386e-05,0.00399261295819603,0.00652897169849901,0.0256123715002675,0.52,0.386,-0.134,0.742307692307692,11000035,500,5000,FALSE,FALSE,"parametric_mc20",9
"AIPW","Proposed",0.475021212977371,0.384686766086286,-0.090334446891085,0.809830709822661,0.00233422805899534,7.6609048080965e-06,0.00360852505627886,0.00592743130565801,0.0227213563213986,0.52,0.386,-0.134,0.742307692307692,11000035,500,5000,FALSE,FALSE,"parametric_mc20",9
"G-Formula","Naive",0.468198670738378,0.427428450517951,-0.0407702202204268,0.912921110698307,0.000237516551471346,-7.30194383294181e-06,0.000390875396578369,0.000642995835715598,0.0027469541898573,0.4998,0.3894,-0.1104,0.779111644657863,11000036,5000,5000,TRUE,TRUE,"parametric_mc20",9
"G-Formula","Proposed",0.517399586729153,0.413325887537884,-0.104073699191269,0.798852372787554,0.000220351775311568,-5.20976969843544e-06,0.000488451332141942,0.000719222646850381,0.00238098718089822,0.4998,0.3894,-0.1104,0.779111644657863,11000036,5000,5000,TRUE,TRUE,"parametric_mc20",9
"IPW","Naive",0.502863027531087,0.451699526904492,-0.0511635006265945,0.898255592824566,0.000439393229809877,-2.92744246872306e-05,0.000585288040906864,0.0010832301200912,0.00392456699007281,0.4998,0.3894,-0.1104,0.779111644657863,11000036,5000,5000,TRUE,TRUE,"parametric_mc20",9
"IPW","Proposed",0.517891139945351,0.412426096460418,-0.105465043484933,0.796356733393697,0.000265643893830824,4.50059184755676e-05,0.00055172253641608,0.000727354593295769,0.00241790068494104,0.4998,0.3894,-0.1104,0.779111644657863,11000036,5000,5000,TRUE,TRUE,"parametric_mc20",9
"AIPW","Naive",0.467977891768702,0.42739581924439,-0.0405820725243121,0.913282073281424,0.000237472183634412,-7.29995411917499e-06,0.000390822218429736,0.000642894310302498,0.00274985726916993,0.4998,0.3894,-0.1104,0.779111644657863,11000036,5000,5000,TRUE,TRUE,"parametric_mc20",9
"AIPW","Proposed",0.517451766461503,0.410548739138158,-0.106903027323345,0.793404846108883,0.000238516719386696,2.45759430703549e-05,0.000523661418938662,0.000713026252184648,0.00237084314912399,0.4998,0.3894,-0.1104,0.779111644657863,11000036,5000,5000,TRUE,TRUE,"parametric_mc20",9
"G-Formula","Naive",0.501382286075001,0.45084645181142,-0.0505358342635801,0.899206981045955,0.000247532552314747,-3.41430410051998e-06,0.000344666483865002,0.000599027644380789,0.00219168511664074,0.4998,0.3894,-0.1104,0.779111644657863,11000036,5000,5000,FALSE,TRUE,"parametric_mc20",9
"G-Formula","Proposed",0.504325487330601,0.452206642818815,-0.0521188445117861,0.896656334408853,0.000249103065513918,-2.17667533570681e-06,0.000337098444039979,0.00059055486022531,0.00212813552009784,0.4998,0.3894,-0.1104,0.779111644657863,11000036,5000,5000,FALSE,TRUE,"parametric_mc20",9
"IPW","Naive",0.502863027531087,0.451699526904492,-0.0511635006265945,0.898255592824566,0.000439393229809877,-2.92744246872306e-05,0.000585288040906864,0.0010832301200912,0.00392456699007281,0.4998,0.3894,-0.1104,0.779111644657863,11000036,5000,5000,FALSE,TRUE,"parametric_mc20",9
"IPW","Proposed",0.517891139945351,0.412426096460418,-0.105465043484933,0.796356733393697,0.000265643893830824,4.50059184755676e-05,0.00055172253641608,0.000727354593295769,0.00241790068494104,0.4998,0.3894,-0.1104,0.779111644657863,11000036,5000,5000,FALSE,TRUE,"parametric_mc20",9
"AIPW","Naive",0.511605322196233,0.448517177394131,-0.0630881448021018,0.876685909889922,0.000239192790378486,-1.17399345963521e-06,0.000344218574292005,0.000585759351589761,0.00202535099868425,0.4998,0.3894,-0.1104,0.779111644657863,11000036,5000,5000,FALSE,TRUE,"parametric_mc20",9
"AIPW","Proposed",0.517406408771983,0.410272405897809,-0.107134002874173,0.792940324940222,0.000234952941774675,2.74822101494796e-05,0.000542194248505214,0.00072218276998093,0.00241432855625996,0.4998,0.3894,-0.1104,0.779111644657863,11000036,5000,5000,FALSE,TRUE,"parametric_mc20",9
"G-Formula","Naive",0.468198670738378,0.427428450517951,-0.0407702202204268,0.912921110698307,0.000237516551471346,-7.30194383294181e-06,0.000390875396578369,0.000642995835715598,0.0027469541898573,0.4998,0.3894,-0.1104,0.779111644657863,11000036,5000,5000,TRUE,FALSE,"parametric_mc20",9
"G-Formula","Proposed",0.517399586729153,0.413325887537884,-0.104073699191269,0.798852372787554,0.000220351775311568,-5.20976969843544e-06,0.000488451332141942,0.000719222646850381,0.00238098718089822,0.4998,0.3894,-0.1104,0.779111644657863,11000036,5000,5000,TRUE,FALSE,"parametric_mc20",9
"IPW","Naive",0.492422105414948,0.454168822746478,-0.03825328266847,0.922316073450368,0.000449723030633204,-3.9713592091395e-05,0.000593409962341062,0.00112256017715706,0.00432709287019214,0.4998,0.3894,-0.1104,0.779111644657863,11000036,5000,5000,TRUE,FALSE,"parametric_mc20",9
"IPW","Proposed",0.504616881202435,0.454075344155168,-0.0505415370472664,0.899841763266356,0.000317642387237838,5.86343139340944e-05,0.000391808876523476,0.000592182635893126,0.00213434411355252,0.4998,0.3894,-0.1104,0.779111644657863,11000036,5000,5000,TRUE,FALSE,"parametric_mc20",9
"AIPW","Naive",0.468196881491316,0.427476546609707,-0.0407203348816088,0.913027325701305,0.000237523470299261,-7.29568953988157e-06,0.000390859476973529,0.000642974326352553,0.00274709399111021,0.4998,0.3894,-0.1104,0.779111644657863,11000036,5000,5000,TRUE,FALSE,"parametric_mc20",9
"AIPW","Proposed",0.517299189765387,0.413323714617732,-0.103975475147655,0.799003212831609,0.000238473874683851,2.41606802513459e-05,0.000524099983307605,0.000714252497488765,0.00238317614064833,0.4998,0.3894,-0.1104,0.779111644657863,11000036,5000,5000,TRUE,FALSE,"parametric_mc20",9
"G-Formula","Naive",0.501382286075001,0.45084645181142,-0.0505358342635801,0.899206981045955,0.000247532552314747,-3.41430410051998e-06,0.000344666483865002,0.000599027644380789,0.00219168511664074,0.4998,0.3894,-0.1104,0.779111644657863,11000036,5000,5000,FALSE,FALSE,"parametric_mc20",9
"G-Formula","Proposed",0.504325487330601,0.452206642818815,-0.0521188445117861,0.896656334408853,0.000249103065513918,-2.17667533570681e-06,0.000337098444039979,0.00059055486022531,0.00212813552009784,0.4998,0.3894,-0.1104,0.779111644657863,11000036,5000,5000,FALSE,FALSE,"parametric_mc20",9
"IPW","Naive",0.492422105414948,0.454168822746478,-0.03825328266847,0.922316073450368,0.000449723030633204,-3.9713592091395e-05,0.000593409962341062,0.00112256017715706,0.00432709287019214,0.4998,0.3894,-0.1104,0.779111644657863,11000036,5000,5000,FALSE,FALSE,"parametric_mc20",9
"IPW","Proposed",0.504616881202435,0.454075344155168,-0.0505415370472664,0.899841763266356,0.000317642387237838,5.86343139340944e-05,0.000391808876523476,0.000592182635893126,0.00213434411355252,0.4998,0.3894,-0.1104,0.779111644657863,11000036,5000,5000,FALSE,FALSE,"parametric_mc20",9
"AIPW","Naive",0.501383132715589,0.450903187277497,-0.0504799454380919,0.89931862054337,0.000247528790009407,-3.40557976204203e-06,0.000344641191344758,0.000598981140878249,0.00219170331796118,0.4998,0.3894,-0.1104,0.779111644657863,11000036,5000,5000,FALSE,FALSE,"parametric_mc20",9
"AIPW","Proposed",0.504294065604731,0.452220469857237,-0.0520735957474933,0.896739622178483,0.000291859463723567,3.57570925244642e-05,0.000371179031987684,0.000591524310662323,0.00213023684317039,0.4998,0.3894,-0.1104,0.779111644657863,11000036,5000,5000,FALSE,FALSE,"parametric_mc20",9
"G-Formula","Naive",0.395950075433232,0.373649384373803,-0.0223006910594296,0.94367802295522,0.00172342483971358,-0.000198613678544461,0.00300264864105827,0.00512330083786077,0.0313329037875356,0.488,0.382,-0.106,0.782786885245902,11000037,500,500,TRUE,TRUE,"parametric_mc20",10
"G-Formula","Proposed",0.460800126352456,0.321773047603053,-0.139027078749403,0.698292012526351,0.00161041521246347,-0.000145817508891985,0.00293420374742517,0.00483625397767261,0.0184758756420791,0.488,0.382,-0.106,0.782786885245902,11000037,500,500,TRUE,TRUE,"parametric_mc20",10
"IPW","Naive",0.448345473769373,0.420939220566158,-0.0274062532032143,0.938872465974058,0.00339039205391491,-0.000123307031109801,0.00549787506197918,0.00913488117811369,0.0433700970670713,0.488,0.382,-0.106,0.782786885245902,11000037,500,500,TRUE,TRUE,"parametric_mc20",10
"IPW","Proposed",0.455356059141207,0.327286145286998,-0.128069913854209,0.718747755117728,0.0020349029195831,0.000239617172130945,0.00378397836574733,0.00533964694106854,0.0216579495089597,0.488,0.382,-0.106,0.782786885245902,11000037,500,500,TRUE,TRUE,"parametric_mc20",10
"AIPW","Naive",0.395589580132935,0.373537232614627,-0.0220523475183084,0.944254478313363,0.00172166015372125,-0.000198969890467486,0.00299967058271582,0.00511927051737205,0.0313786990972663,0.488,0.382,-0.106,0.782786885245902,11000037,500,500,TRUE,TRUE,"parametric_mc20",10
"AIPW","Proposed",0.460411549772896,0.322816703748273,-0.137594846024622,0.701148144323284,0.00164675988159018,8.1825448871114e-05,0.00330033822874854,0.00478344721259649,0.0188469616519601,0.488,0.382,-0.106,0.782786885245902,11000037,500,500,TRUE,TRUE,"parametric_mc20",10
"G-Formula","Naive",0.44164599179727,0.441632777053266,-1.32147440046193e-05,0.999970078424236,0.00212971972755057,-4.45176379184415e-05,0.00326613793786501,0.00548489294125247,0.0281196082572727,0.488,0.382,-0.106,0.782786885245902,11000037,500,500,FALSE,TRUE,"parametric_mc20",10
"G-Formula","Proposed",0.441069719611433,0.426963379948071,-0.0141063396633619,0.968017891421363,0.0021571199387919,-2.34028204438866e-05,0.00322570929265382,0.00542963487233349,0.027204163249524,0.488,0.382,-0.106,0.782786885245902,11000037,500,500,FALSE,TRUE,"parametric_mc20",10
"IPW","Naive",0.448345473769373,0.420939220566158,-0.0274062532032143,0.938872465974058,0.00339039205391491,-0.000123307031109801,0.00549787506197918,0.00913488117811369,0.0433700970670713,0.488,0.382,-0.106,0.782786885245902,11000037,500,500,FALSE,TRUE,"parametric_mc20",10
"IPW","Proposed",0.455356059141207,0.327286145286998,-0.128069913854209,0.718747755117728,0.0020349029195831,0.000239617172130945,0.00378397836574733,0.00533964694106854,0.0216579495089597,0.488,0.382,-0.106,0.782786885245902,11000037,500,500,FALSE,TRUE,"parametric_mc20",10
"AIPW","Naive",0.450705339264776,0.437723220727827,-0.0129821185369488,0.971195995685061,0.00202421673852341,5.22843204625501e-06,0.0032260678818904,0.0052398277563213,0.0252304607918245,0.488,0.382,-0.106,0.782786885245902,11000037,500,500,FALSE,TRUE,"parametric_mc20",10
"AIPW","Proposed",0.45519791616825,0.324220679042766,-0.130977237125484,0.7122631003498,0.00180575867141325,0.000164937683819809,0.00377043750726988,0.00524632081104352,0.0214839003437748,0.488,0.382,-0.106,0.782786885245902,11000037,500,500,FALSE,TRUE,"parametric_mc20",10
"G-Formula","Naive",0.395950075433232,0.373649384373803,-0.0223006910594296,0.94367802295522,0.00172342483971358,-0.000198613678544461,0.00300264864105827,0.00512330083786077,0.0313329037875356,0.488,0.382,-0.106,0.782786885245902,11000037,500,500,TRUE,FALSE,"parametric_mc20",10
"G-Formula","Proposed",0.460800126352456,0.321773047603053,-0.139027078749403,0.698292012526351,0.00161041521246347,-0.000145817508891985,0.00293420374742517,0.00483625397767261,0.0184758756420791,0.488,0.382,-0.106,0.782786885245902,11000037,500,500,TRUE,FALSE,"parametric_mc20",10
"IPW","Naive",0.438972990659904,0.425359314383342,-0.013613676276562,0.968987439851147,0.00352548356177463,-0.000287123504522104,0.00570364897355813,0.00980337954437697,0.0496649072775752,0.488,0.382,-0.106,0.782786885245902,11000037,500,500,TRUE,FALSE,"parametric_mc20",10
"IPW","Proposed",0.440716412059875,0.43090143715276,-0.00981497490711508,0.977729499881249,0.0026573902456482,0.000485183463112692,0.00364208595486493,0.00532910927428774,0.0269456276313942,0.488,0.382,-0.106,0.782786885245902,11000037,500,500,TRUE,FALSE,"parametric_mc20",10
"AIPW","Naive",0.395608131049031,0.3736311593268,-0.0219769717222303,0.944447623804005,0.00172200902214735,-0.000198738123470702,0.00300163794579177,0.00512112321488052,0.0313920220330973,0.488,0.382,-0.106,0.782786885245902,11000037,500,500,TRUE,FALSE,"parametric_mc20",10
"AIPW","Proposed",0.460476118611597,0.321856482680873,-0.138619635930724,0.69896454923942,0.00164984339847068,9.21790373902925e-05,0.00324885363249409,0.00471433895618419,0.0185156552468821,0.488,0.382,-0.106,0.782786885245902,11000037,500,500,TRUE,FALSE,"parametric_mc20",10
"G-Formula","Naive",0.44164599179727,0.441632777053266,-1.32147440046193e-05,0.999970078424236,0.00212971972755057,-4.45176379184415e-05,0.00326613793786501,0.00548489294125247,0.0281196082572727,0.488,0.382,-0.106,0.782786885245902,11000037,500,500,FALSE,FALSE,"parametric_mc20",10
"G-Formula","Proposed",0.441069719611433,0.426963379948071,-0.0141063396633619,0.968017891421363,0.0021571199387919,-2.34028204438866e-05,0.00322570929265382,0.00542963487233349,0.027204163249524,0.488,0.382,-0.106,0.782786885245902,11000037,500,500,FALSE,FALSE,"parametric_mc20",10
"IPW","Naive",0.438972990659904,0.425359314383342,-0.013613676276562,0.968987439851147,0.00352548356177463,-0.000287123504522104,0.00570364897355813,0.00980337954437697,0.0496649072775752,0.488,0.382,-0.106,0.782786885245902,11000037,500,500,FALSE,FALSE,"parametric_mc20",10
"IPW","Proposed",0.440716412059875,0.43090143715276,-0.00981497490711508,0.977729499881249,0.0026573902456482,0.000485183463112692,0.00364208595486493,0.00532910927428774,0.0269456276313942,0.488,0.382,-0.106,0.782786885245902,11000037,500,500,FALSE,FALSE,"parametric_mc20",10
"AIPW","Naive",0.441229711370415,0.441693385192934,0.000463673822519051,1.00105086718,0.00212656096994884,-4.52701044866213e-05,0.00326609350281459,0.00548319468173668,0.0281880959757404,0.488,0.382,-0.106,0.782786885245902,11000037,500,500,FALSE,FALSE,"parametric_mc20",10
"AIPW","Proposed",0.440119584135404,0.427075391608021,-0.013044192527383,0.970362162926679,0.00248007686828025,0.000291384869969714,0.00353279390399297,0.00543010103233379,0.0273742884462266,0.488,0.382,-0.106,0.782786885245902,11000037,500,500,FALSE,FALSE,"parametric_mc20",10
"G-Formula","Naive",0.434756660965419,0.408402264926009,-0.02635439603941,0.939381271396998,0.000225020733609446,-1.3400636764454e-05,0.000360577549891176,0.000612399557029529,0.00309142614099899,0.4976,0.398,-0.0996,0.79983922829582,11000038,5000,500,TRUE,TRUE,"parametric_mc20",10
"G-Formula","Proposed",0.487768841133061,0.369860026409928,-0.117908814723133,0.758269071781549,0.00033284176425021,-9.07836925649629e-05,0.000510140547196797,0.00102454969657693,0.00352722622653575,0.4976,0.398,-0.0996,0.79983922829582,11000038,5000,500,TRUE,TRUE,"parametric_mc20",10
"IPW","Naive",0.485308916166771,0.457780643914731,-0.0275282722520395,0.943276805071968,0.000420765843348326,-2.30256472053844e-05,0.000590190090044598,0.00105700722780369,0.00427986669522734,0.4976,0.398,-0.0996,0.79983922829582,11000038,5000,500,TRUE,TRUE,"parametric_mc20",10
"IPW","Proposed",0.487580709099378,0.370804289451383,-0.116776419647994,0.760498277580147,0.000698974152091546,0.000365772035057976,0.00101214456664688,0.000979574648622478,0.00361774153600281,0.4976,0.398,-0.0996,0.79983922829582,11000038,5000,500,TRUE,TRUE,"parametric_mc20",10
"AIPW","Naive",0.434702930416644,0.408359437379771,-0.0263434930368733,0.939398860247792,0.000225020301709129,-1.34137135290239e-05,0.0003604860283329,0.000612333757100076,0.00309187592398758,0.4976,0.398,-0.0996,0.79983922829582,11000038,5000,500,TRUE,TRUE,"parametric_mc20",10
"AIPW","Proposed",0.487563349637888,0.369976448758397,-0.117586900879491,0.75882744064577,0.000652897725644539,0.000332665067666217,0.000979463435760901,0.000967031026073005,0.00357795190735654,0.4976,0.398,-0.0996,0.79983922829582,11000038,5000,500,TRUE,TRUE,"parametric_mc20",10
"G-Formula","Naive",0.470055214564765,0.457624199189664,-0.0124310153751008,0.973554137918434,0.000246076736073299,-3.88776511146206e-06,0.000330201237703763,0.000584053503999986,0.00258429341564022,0.4976,0.398,-0.0996,0.79983922829582,11000038,5000,500,FALSE,TRUE,"parametric_mc20",10
"G-Formula","Proposed",0.47588376221349,0.447528876633476,-0.0283548855800145,0.940416362499686,0.000263189383132142,-2.40136638833857e-05,0.000372217680041262,0.000683434390940176,0.00287083012587246,0.4976,0.398,-0.0996,0.79983922829582,11000038,5000,500,FALSE,TRUE,"parametric_mc20",10
"IPW","Naive",0.485308916166771,0.457780643914731,-0.0275282722520395,0.943276805071968,0.000420765843348326,-2.30256472053844e-05,0.000590190090044598,0.00105700722780369,0.00427986669522734,0.4976,0.398,-0.0996,0.79983922829582,11000038,5000,500,FALSE,TRUE,"parametric_mc20",10
"IPW","Proposed",0.487580709099378,0.370804289451383,-0.116776419647994,0.760498277580147,0.000698974152091546,0.000365772035057976,0.00101214456664688,0.000979574648622478,0.00361774153600281,0.4976,0.398,-0.0996,0.79983922829582,11000038,5000,500,FALSE,TRUE,"parametric_mc20",10
"AIPW","Naive",0.485034622987927,0.452119639008446,-0.0329149839794817,0.932138898092021,0.000239561154764973,-4.66971982948577e-07,0.000328981627781445,0.000569476726512315,0.00228685720052743,0.4976,0.398,-0.0996,0.79983922829582,11000038,5000,500,FALSE,TRUE,"parametric_mc20",10
"AIPW","Proposed",0.487473049919062,0.369791942672214,-0.117681107246847,0.758589511222443,0.000632487712617321,0.000398014472611212,0.00118366685953898,0.00102012562693388,0.0039716277250728,0.4976,0.398,-0.0996,0.79983922829582,11000038,5000,500,FALSE,TRUE,"parametric_mc20",10
"G-Formula","Naive",0.434756660965419,0.408402264926009,-0.02635439603941,0.939381271396998,0.000225020733609446,-1.3400636764454e-05,0.000360577549891176,0.000612399557029529,0.00309142614099899,0.4976,0.398,-0.0996,0.79983922829582,11000038,5000,500,TRUE,FALSE,"parametric_mc20",10
"G-Formula","Proposed",0.487768841133061,0.369860026409928,-0.117908814723133,0.758269071781549,0.00033284176425021,-9.07836925649629e-05,0.000510140547196797,0.00102454969657693,0.00352722622653575,0.4976,0.398,-0.0996,0.79983922829582,11000038,5000,500,TRUE,FALSE,"parametric_mc20",10
"IPW","Naive",0.470328933833517,0.463037740419911,-0.00729119341360585,0.984497671971449,0.000428332373365678,-3.72889168586971e-05,0.000605762860330275,0.00110867306741335,0.00494707748515588,0.4976,0.398,-0.0996,0.79983922829582,11000038,5000,500,TRUE,FALSE,"parametric_mc20",10
"IPW","Proposed",0.475833133935013,0.447829696396682,-0.0280034375383306,0.941148617989778,0.000860121156314783,0.00054380628886985,0.000903490278633842,0.000675998857208924,0.00283435543358711,0.4976,0.398,-0.0996,0.79983922829582,11000038,5000,500,TRUE,FALSE,"parametric_mc20",10
"AIPW","Naive",0.434756460811378,0.408401908424376,-0.026354552387002,0.939380883868139,0.000225021059289601,-1.34009160447408e-05,0.000360579086799507,0.00061240197817859,0.00309144049346129,0.4976,0.398,-0.0996,0.79983922829582,11000038,5000,500,TRUE,FALSE,"parametric_mc20",10
"AIPW","Proposed",0.487608365410448,0.369937945940377,-0.117670419470071,0.758678423469989,0.000652732481448081,0.000337065612786383,0.000969696052561022,0.000948297308436337,0.00350752323499107,0.4976,0.398,-0.0996,0.79983922829582,11000038,5000,500,TRUE,FALSE,"parametric_mc20",10
"G-Formula","Naive",0.470055214564765,0.457624199189664,-0.0124310153751008,0.973554137918434,0.000246076736073299,-3.88776511146206e-06,0.000330201237703763,0.000584053503999986,0.00258429341564022,0.4976,0.398,-0.0996,0.79983922829582,11000038,5000,500,FALSE,FALSE,"parametric_mc20",10
"G-Formula","Proposed",0.47588376221349,0.447528876633476,-0.0283548855800145,0.940416362499686,0.000263189383132142,-2.40136638833857e-05,0.000372217680041262,0.000683434390940176,0.00287083012587246,0.4976,0.398,-0.0996,0.79983922829582,11000038,5000,500,FALSE,FALSE,"parametric_mc20",10
"IPW","Naive",0.470328933833517,0.463037740419911,-0.00729119341360585,0.984497671971449,0.000428332373365678,-3.72889168586971e-05,0.000605762860330275,0.00110867306741335,0.00494707748515588,0.4976,0.398,-0.0996,0.79983922829582,11000038,5000,500,FALSE,FALSE,"parametric_mc20",10
"IPW","Proposed",0.475833133935013,0.447829696396682,-0.0280034375383306,0.941148617989778,0.000860121156314783,0.00054380628886985,0.000903490278633842,0.000675998857208924,0.00283435543358711,0.4976,0.398,-0.0996,0.79983922829582,11000038,5000,500,FALSE,FALSE,"parametric_mc20",10
"AIPW","Naive",0.470055769877501,0.457622666380086,-0.012433103497415,0.973549726874632,0.000246076082502322,-3.88836297450939e-06,0.000330203007370624,0.000584055815821964,0.00258428806324149,0.4976,0.398,-0.0996,0.79983922829582,11000038,5000,500,FALSE,FALSE,"parametric_mc20",10
"AIPW","Proposed",0.475687476772201,0.447567192088989,-0.0281202846832123,0.940884959019683,0.000819425432977196,0.000505593442326694,0.000870657463982396,0.000678896012306205,0.00284894485959492,0.4976,0.398,-0.0996,0.79983922829582,11000038,5000,500,FALSE,FALSE,"parametric_mc20",10
"G-Formula","Naive",0.449517885423846,0.446087671072305,-0.00343021435154089,0.99236912598415,0.00289802479946286,6.68646593983169e-06,0.00427244977875851,0.00715710164634171,0.0352020227515212,0.524,0.382,-0.142,0.729007633587786,11000039,500,5000,TRUE,TRUE,"parametric_mc20",10
"G-Formula","Proposed",0.514912125367411,0.447436894136991,-0.0674752312304198,0.868957773751641,0.00300663872381668,-6.24393162431786e-07,0.00685631467334024,0.00986420218348179,0.0344265856769411,0.524,0.382,-0.142,0.729007633587786,11000039,500,5000,TRUE,TRUE,"parametric_mc20",10
"IPW","Naive",0.495233534182278,0.391284472202642,-0.103949061979636,0.79010092248443,0.0049645338514132,-0.000319293961644153,0.00490474581790353,0.010507867592605,0.0346920898753166,0.524,0.382,-0.142,0.729007633587786,11000039,500,5000,TRUE,TRUE,"parametric_mc20",10
"IPW","Proposed",0.517501494837691,0.433811272419007,-0.0836902224186847,0.838280230581879,0.00342811381532272,3.97429288833571e-05,0.00756314646651882,0.0109117744240748,0.0369873388520137,0.524,0.382,-0.142,0.729007633587786,11000039,500,5000,TRUE,TRUE,"parametric_mc20",10
"AIPW","Naive",0.447407225764198,0.446876190138311,-0.000531035625887133,0.998813082142381,0.00289496963557706,2.54130510600707e-06,0.00427014886919626,0.00716003589456131,0.0357349180912911,0.524,0.382,-0.142,0.729007633587786,11000039,500,5000,TRUE,TRUE,"parametric_mc20",10
"AIPW","Proposed",0.514253528435705,0.457185334668244,-0.0570681937674607,0.889027122592518,0.00297882954678241,5.28416899694398e-06,0.00683133711584401,0.00979959832463253,0.0346987505734883,0.524,0.382,-0.142,0.729007633587786,11000039,500,5000,TRUE,TRUE,"parametric_mc20",10
"G-Formula","Naive",0.474759322951131,0.426807966947375,-0.0479513560037562,0.898998600584212,0.00300622359982718,-3.32434502814629e-05,0.00318480579663502,0.00625751629702512,0.0251743258184547,0.524,0.382,-0.142,0.729007633587786,11000039,500,5000,FALSE,TRUE,"parametric_mc20",10
"G-Formula","Proposed",0.477546173613897,0.413117229092845,-0.064428944521052,0.865083319517614,0.00316188734762866,-2.71719924078514e-06,0.00298232111680293,0.00614964286291316,0.0234741201607963,0.524,0.382,-0.142,0.729007633587786,11000039,500,5000,FALSE,TRUE,"parametric_mc20",10
"IPW","Naive",0.495233534182278,0.391284472202642,-0.103949061979636,0.79010092248443,0.0049645338514132,-0.000319293961644153,0.00490474581790353,0.010507867592605,0.0346920898753166,0.524,0.382,-0.142,0.729007633587786,11000039,500,5000,FALSE,TRUE,"parametric_mc20",10
"IPW","Proposed",0.517501494837691,0.433811272419007,-0.0836902224186847,0.838280230581879,0.00342811381532272,3.97429288833571e-05,0.00756314646651882,0.0109117744240748,0.0369873388520137,0.524,0.382,-0.142,0.729007633587786,11000039,500,5000,FALSE,TRUE,"parametric_mc20",10
"AIPW","Naive",0.497065530922975,0.430372026056942,-0.0666935048660331,0.865825528593396,0.00298587315117162,-4.13430503386037e-05,0.00321704830298502,0.00628560755483384,0.0223698493322614,0.524,0.382,-0.142,0.729007633587786,11000039,500,5000,FALSE,TRUE,"parametric_mc20",10
"AIPW","Proposed",0.515654492776025,0.453031654808364,-0.0626228379676604,0.878556593911302,0.00301084742773003,-4.31362407722192e-06,0.00623733088055449,0.00925680555643896,0.0322259589966508,0.524,0.382,-0.142,0.729007633587786,11000039,500,5000,FALSE,TRUE,"parametric_mc20",10
"G-Formula","Naive",0.449517885423846,0.446087671072305,-0.00343021435154089,0.99236912598415,0.00289802479946286,6.68646593983169e-06,0.00427244977875851,0.00715710164634171,0.0352020227515212,0.524,0.382,-0.142,0.729007633587786,11000039,500,5000,TRUE,FALSE,"parametric_mc20",10
"G-Formula","Proposed",0.514912125367411,0.447436894136991,-0.0674752312304198,0.868957773751641,0.00300663872381668,-6.24393162431786e-07,0.00685631467334024,0.00986420218348179,0.0344265856769411,0.524,0.382,-0.142,0.729007633587786,11000039,500,5000,TRUE,FALSE,"parametric_mc20",10
"IPW","Naive",0.47175977100149,0.390494818388666,-0.0812649526128247,0.827740817237746,0.00492924225032502,-0.00034682619806746,0.00479696165733614,0.0104198563037961,0.0393086233114273,0.524,0.382,-0.142,0.729007633587786,11000039,500,5000,TRUE,FALSE,"parametric_mc20",10
"IPW","Proposed",0.482696042769419,0.406968529949491,-0.0757275128199289,0.843115530043607,0.00342546164614864,4.90081641574811e-05,0.00299091947780604,0.00631836479563972,0.0229328431106139,0.524,0.382,-0.142,0.729007633587786,11000039,500,5000,TRUE,FALSE,"parametric_mc20",10
"AIPW","Naive",0.449382481919182,0.446375965456654,-0.00300651646252797,0.993309671419126,0.00289371421833944,4.62416438917446e-06,0.00426750121036544,0.00715196709992654,0.0352247010821424,0.524,0.382,-0.142,0.729007633587786,11000039,500,5000,TRUE,FALSE,"parametric_mc20",10
"AIPW","Proposed",0.5174429782674,0.446999037842184,-0.0704439404252167,0.863861442934079,0.00297342505019107,5.02643108168477e-06,0.00687455535819577,0.00983792754622347,0.033930543106173,0.524,0.382,-0.142,0.729007633587786,11000039,500,5000,TRUE,FALSE,"parametric_mc20",10
"G-Formula","Naive",0.474759322951131,0.426807966947375,-0.0479513560037562,0.898998600584212,0.00300622359982718,-3.32434502814629e-05,0.00318480579663502,0.00625751629702512,0.0251743258184547,0.524,0.382,-0.142,0.729007633587786,11000039,500,5000,FALSE,FALSE,"parametric_mc20",10
"G-Formula","Proposed",0.477546173613897,0.413117229092845,-0.064428944521052,0.865083319517614,0.00316188734762866,-2.71719924078514e-06,0.00298232111680293,0.00614964286291316,0.0234741201607963,0.524,0.382,-0.142,0.729007633587786,11000039,500,5000,FALSE,FALSE,"parametric_mc20",10
"IPW","Naive",0.47175977100149,0.390494818388666,-0.0812649526128247,0.827740817237746,0.00492924225032502,-0.00034682619806746,0.00479696165733614,0.0104198563037961,0.0393086233114273,0.524,0.382,-0.142,0.729007633587786,11000039,500,5000,FALSE,FALSE,"parametric_mc20",10
"IPW","Proposed",0.482696042769419,0.406968529949491,-0.0757275128199289,0.843115530043607,0.00342546164614864,4.90081641574811e-05,0.00299091947780604,0.00631836479563972,0.0229328431106139,0.524,0.382,-0.142,0.729007633587786,11000039,500,5000,FALSE,FALSE,"parametric_mc20",10
"AIPW","Naive",0.474603093402099,0.427113957124492,-0.0474891362776071,0.899939260957634,0.00300588023953338,-3.44591488767432e-05,0.00318225672876548,0.00625705526605235,0.0252109273118088,0.524,0.382,-0.142,0.729007633587786,11000039,500,5000,FALSE,FALSE,"parametric_mc20",10
"AIPW","Proposed",0.480108365041276,0.41262575848745,-0.067482606553826,0.859442968572263,0.00316169396437482,1.36449184037773e-05,0.00299458836078206,0.00612899248834933,0.0230212663043104,0.524,0.382,-0.142,0.729007633587786,11000039,500,5000,FALSE,FALSE,"parametric_mc20",10
"G-Formula","Naive",0.433730880773744,0.404792763389285,-0.0289381173844593,0.933280938325544,0.00020922866988313,-1.47276670369352e-05,0.00036019253303172,0.00059887653698872,0.00302953480309077,0.5094,0.383,-0.1264,0.751864939144091,11000040,5000,5000,TRUE,TRUE,"parametric_mc20",10
"G-Formula","Proposed",0.488824334493024,0.382940379862609,-0.105883954630415,0.783390581935266,0.000197586962639244,-1.08506193458584e-05,0.000435482000512318,0.000654770201843278,0.00240110346596452,0.5094,0.383,-0.1264,0.751864939144091,11000040,5000,5000,TRUE,TRUE,"parametric_mc20",10
"IPW","Naive",0.492959228531725,0.4412579762823,-0.0517012522494258,0.895120632180033,0.000425291031110524,-2.21450508846141e-05,0.000561596018042722,0.00103117715092247,0.00387640935735754,0.5094,0.383,-0.1264,0.751864939144091,11000040,5000,5000,TRUE,TRUE,"parametric_mc20",10
"IPW","Proposed",0.487544609918302,0.384309448100611,-0.103235161817692,0.788254941768322,0.00023478044385692,3.36052049840755e-05,0.000503308617022632,0.000670878650911401,0.00250824640249596,0.5094,0.383,-0.1264,0.751864939144091,11000040,5000,5000,TRUE,TRUE,"parametric_mc20",10
"AIPW","Naive",0.433734415387923,0.40482421676383,-0.0289101986240931,0.933345850367358,0.000209219418594277,-1.47234866761474e-05,0.000360276283702486,0.000598942675649058,0.003029991214312,0.5094,0.383,-0.1264,0.751864939144091,11000040,5000,5000,TRUE,TRUE,"parametric_mc20",10
"AIPW","Proposed",0.488769775329942,0.38426256878197,-0.104507206547972,0.786183164706891,0.000205617771934207,1.50656068051978e-05,0.000474033048883967,0.000649519607207778,0.0024170923851283,0.5094,0.383,-0.1264,0.751864939144091,11000040,5000,5000,TRUE,TRUE,"parametric_mc20",10
"G-Formula","Naive",0.477458550044942,0.44193291013216,-0.0355256399127817,0.925594295233717,0.000244906379972126,-5.85461083595022e-06,0.000324864999026362,0.000581480600670388,0.00239298299267142,0.5094,0.383,-0.1264,0.751864939144091,11000040,5000,5000,FALSE,TRUE,"parametric_mc20",10
"G-Formula","Proposed",0.477241088578675,0.442578944782727,-0.034662143795948,0.927369741152885,0.00024328970972455,-3.9487334468279e-06,0.00032240270593261,0.000573589882550816,0.00236635722455502,0.5094,0.383,-0.1264,0.751864939144091,11000040,5000,5000,FALSE,TRUE,"parametric_mc20",10
"IPW","Naive",0.492959228531725,0.4412579762823,-0.0517012522494258,0.895120632180033,0.000425291031110524,-2.21450508846141e-05,0.000561596018042722,0.00103117715092247,0.00387640935735754,0.5094,0.383,-0.1264,0.751864939144091,11000040,5000,5000,FALSE,TRUE,"parametric_mc20",10
"IPW","Proposed",0.487544609918302,0.384309448100611,-0.103235161817692,0.788254941768322,0.00023478044385692,3.36052049840755e-05,0.000503308617022632,0.000670878650911401,0.00250824640249596,0.5094,0.383,-0.1264,0.751864939144091,11000040,5000,5000,FALSE,TRUE,"parametric_mc20",10
"AIPW","Naive",0.490702234867711,0.438210379176099,-0.0524918556916124,0.893027070264386,0.000234828150170008,-2.73205248540963e-06,0.00032427239127912,0.000564564646419948,0.00214473041214165,0.5094,0.383,-0.1264,0.751864939144091,11000040,5000,5000,FALSE,TRUE,"parametric_mc20",10
"AIPW","Proposed",0.488077643608337,0.383217559574486,-0.104860084033851,0.785156961382978,0.000209727835058111,1.99898764700333e-05,0.000506288602084582,0.000676036684202626,0.00253626893817714,0.5094,0.383,-0.1264,0.751864939144091,11000040,5000,5000,FALSE,TRUE,"parametric_mc20",10
"G-Formula","Naive",0.433730880773744,0.404792763389285,-0.0289381173844593,0.933280938325544,0.00020922866988313,-1.47276670369352e-05,0.00036019253303172,0.00059887653698872,0.00302953480309077,0.5094,0.383,-0.1264,0.751864939144091,11000040,5000,5000,TRUE,FALSE,"parametric_mc20",10
"G-Formula","Proposed",0.488824334493024,0.382940379862609,-0.105883954630415,0.783390581935266,0.000197586962639244,-1.08506193458584e-05,0.000435482000512318,0.000654770201843278,0.00240110346596452,0.5094,0.383,-0.1264,0.751864939144091,11000040,5000,5000,TRUE,FALSE,"parametric_mc20",10
"IPW","Naive",0.479947274745776,0.445057558073657,-0.0348897166721188,0.927305105148061,0.000436788050223644,-3.48563624001329e-05,0.00057345732109721,0.00107995809612112,0.00440068044765277,0.5094,0.383,-0.1264,0.751864939144091,11000040,5000,5000,TRUE,FALSE,"parametric_mc20",10
"IPW","Proposed",0.47686254140732,0.442985703018919,-0.0338768383884009,0.928958902310877,0.0003028120922121,5.23843430618561e-05,0.000371584213633273,0.000569627619721661,0.00235523097567071,0.5094,0.383,-0.1264,0.751864939144091,11000040,5000,5000,TRUE,FALSE,"parametric_mc20",10
"AIPW","Naive",0.433725544817618,0.40479450155784,-0.0289310432597776,0.933296427647712,0.000209224519061222,-1.47269332985227e-05,0.000360197295028434,0.000598875680686701,0.00302964274163813,0.5094,0.383,-0.1264,0.751864939144091,11000040,5000,5000,TRUE,FALSE,"parametric_mc20",10
"AIPW","Proposed",0.488787698912448,0.382832744946882,-0.105954953965566,0.78322909066387,0.000205610108649386,1.46856031204986e-05,0.000470515914687861,0.000646754817096251,0.00240104810783255,0.5094,0.383,-0.1264,0.751864939144091,11000040,5000,5000,TRUE,FALSE,"parametric_mc20",10
"G-Formula","Naive",0.477458550044942,0.44193291013216,-0.0355256399127817,0.925594295233717,0.000244906379972126,-5.85461083595022e-06,0.000324864999026362,0.000581480600670388,0.00239298299267142,0.5094,0.383,-0.1264,0.751864939144091,11000040,5000,5000,FALSE,FALSE,"parametric_mc20",10
"G-Formula","Proposed",0.477241088578675,0.442578944782727,-0.034662143795948,0.927369741152885,0.00024328970972455,-3.9487334468279e-06,0.00032240270593261,0.000573589882550816,0.00236635722455502,0.5094,0.383,-0.1264,0.751864939144091,11000040,5000,5000,FALSE,FALSE,"parametric_mc20",10
"IPW","Naive",0.479947274745776,0.445057558073657,-0.0348897166721188,0.927305105148061,0.000436788050223644,-3.48563624001329e-05,0.00057345732109721,0.00107995809612112,0.00440068044765277,0.5094,0.383,-0.1264,0.751864939144091,11000040,5000,5000,FALSE,FALSE,"parametric_mc20",10
"IPW","Proposed",0.47686254140732,0.442985703018919,-0.0338768383884009,0.928958902310877,0.0003028120922121,5.23843430618561e-05,0.000371584213633273,0.000569627619721661,0.00235523097567071,0.5094,0.383,-0.1264,0.751864939144091,11000040,5000,5000,FALSE,FALSE,"parametric_mc20",10
"AIPW","Naive",0.477454334668726,0.441934629628052,-0.0355197050406741,0.925606068556653,0.000244906583088969,-5.8558028565507e-06,0.000324866787254301,0.000581484976056371,0.00239306755469782,0.5094,0.383,-0.1264,0.751864939144091,11000040,5000,5000,FALSE,FALSE,"parametric_mc20",10
"AIPW","Proposed",0.477206317257808,0.442475931626109,-0.0347303856316987,0.927221446205341,0.000281016379998767,3.13415430293151e-05,0.000355384175595467,0.000573717469535603,0.00236628358796804,0.5094,0.383,-0.1264,0.751864939144091,11000040,5000,5000,FALSE,FALSE,"parametric_mc20",10
"G-Formula","Naive",0.435997068865631,0.336986438606139,-0.0990106302594924,0.772909871809239,0.00210187534947235,-0.000219823201006646,0.00280548022622471,0.00534700197771036,0.0231513817506888,0.526,0.382,-0.144,0.726235741444867,11000041,500,500,TRUE,TRUE,"parametric_mc20",11
"G-Formula","Proposed",0.523289263987487,0.277434782115076,-0.24585448187241,0.530174802366499,0.00182360292806758,-0.000171249589068969,0.00337627789894302,0.00554238000514853,0.0148647911627406,0.526,0.382,-0.144,0.726235741444867,11000041,500,500,TRUE,TRUE,"parametric_mc20",11
"IPW","Naive",0.509382837826707,0.391288181407198,-0.118094656419509,0.768161297064184,0.00381019768264983,-4.78834067025581e-05,0.00439817982870929,0.00830414432476424,0.0258989927034374,0.526,0.382,-0.144,0.726235741444867,11000041,500,500,TRUE,TRUE,"parametric_mc20",11
"IPW","Proposed",0.529439720121559,0.263902103692973,-0.265537616428586,0.498455430643514,0.00220487368966971,0.000204085776504292,0.00335602538859815,0.00515272752525928,0.0132012252876943,0.526,0.382,-0.144,0.726235741444867,11000041,500,500,TRUE,TRUE,"parametric_mc20",11
"AIPW","Naive",0.435472017194128,0.33619982003133,-0.0992721971627985,0.772035416184861,0.0020947565383602,-0.000218719757410724,0.00280816481785505,0.00534036087103669,0.0231730387612361,0.526,0.382,-0.144,0.726235741444867,11000041,500,500,TRUE,TRUE,"parametric_mc20",11
"AIPW","Proposed",0.523735173587959,0.276129598089623,-0.247605575498336,0.527231341362731,0.00187591327618373,7.63611485936927e-05,0.00350179845069197,0.00522498942968831,0.0143738702110832,0.526,0.382,-0.144,0.726235741444867,11000041,500,500,TRUE,TRUE,"parametric_mc20",11
"G-Formula","Naive",0.508253932935386,0.406861444466663,-0.101392488468722,0.800508206826582,0.00237526608414645,-0.000122698715186933,0.00274178576714398,0.00536244928166429,0.0172665498555316,0.526,0.382,-0.144,0.726235741444867,11000041,500,500,FALSE,TRUE,"parametric_mc20",11
"G-Formula","Proposed",0.522958140406244,0.394043693345791,-0.128914447060453,0.753489931411509,0.00234754462225761,-7.98366185278478e-05,0.00258065503016833,0.00508787288948163,0.0147495314492718,0.526,0.382,-0.144,0.726235741444867,11000041,500,500,FALSE,TRUE,"parametric_mc20",11
"IPW","Naive",0.509382837826707,0.391288181407198,-0.118094656419509,0.768161297064184,0.00381019768264983,-4.78834067025581e-05,0.00439817982870929,0.00830414432476424,0.0258989927034374,0.526,0.382,-0.144,0.726235741444867,11000041,500,500,FALSE,TRUE,"parametric_mc20",11
"IPW","Proposed",0.529439720121559,0.263902103692973,-0.265537616428586,0.498455430643514,0.00220487368966971,0.000204085776504292,0.00335602538859815,0.00515272752525928,0.0132012252876943,0.526,0.382,-0.144,0.726235741444867,11000041,500,500,FALSE,TRUE,"parametric_mc20",11
"AIPW","Naive",0.519526082968479,0.402855002994387,-0.116671079974092,0.775427868207396,0.00225524003939586,-8.63297434415881e-05,0.00271534915522021,0.00514324868149925,0.0155804713964049,0.526,0.382,-0.144,0.726235741444867,11000041,500,500,FALSE,TRUE,"parametric_mc20",11
"AIPW","Proposed",0.529111247601486,0.267119657003871,-0.261991590597615,0.504845924585332,0.00202998926540151,0.000215680777713131,0.00394744852459529,0.00554607623457054,0.0151703068187751,0.526,0.382,-0.144,0.726235741444867,11000041,500,500,FALSE,TRUE,"parametric_mc20",11
"G-Formula","Naive",0.435997068865631,0.336986438606139,-0.0990106302594924,0.772909871809239,0.00210187534947235,-0.000219823201006646,0.00280548022622471,0.00534700197771036,0.0231513817506888,0.526,0.382,-0.144,0.726235741444867,11000041,500,500,TRUE,FALSE,"parametric_mc20",11
"G-Formula","Proposed",0.523289263987487,0.277434782115076,-0.24585448187241,0.530174802366499,0.00182360292806758,-0.000171249589068969,0.00337627789894302,0.00554238000514853,0.0148647911627406,0.526,0.382,-0.144,0.726235741444867,11000041,500,500,TRUE,FALSE,"parametric_mc20",11
"IPW","Naive",0.498053669379054,0.3951967056087,-0.102856963770355,0.793482168500855,0.00401070834801053,-0.000222156519354059,0.00455479200749994,0.00900981339421859,0.0299629952093448,0.526,0.382,-0.144,0.726235741444867,11000041,500,500,TRUE,FALSE,"parametric_mc20",11
"IPW","Proposed",0.521689423097388,0.392872667748012,-0.128816755349375,0.753077694033816,0.00294165559028107,0.000470868063138872,0.00310369936441275,0.00510361882841607,0.0149279485532011,0.526,0.382,-0.144,0.726235741444867,11000041,500,500,TRUE,FALSE,"parametric_mc20",11
"AIPW","Naive",0.435885243530178,0.336004699738232,-0.099880543791946,0.770855872561718,0.00209905574188528,-0.000220108999823257,0.00279971614876632,0.00533898989029812,0.0230865932484867,0.526,0.382,-0.144,0.726235741444867,11000041,500,500,TRUE,FALSE,"parametric_mc20",11
"AIPW","Proposed",0.523535260544531,0.277941943479415,-0.245593317065116,0.530894410417221,0.00187472386054495,8.6668491070508e-05,0.003613991797094,0.00531537867549794,0.0147775156073969,0.526,0.382,-0.144,0.726235741444867,11000041,500,500,TRUE,FALSE,"parametric_mc20",11
"G-Formula","Naive",0.508253932935386,0.406861444466663,-0.101392488468722,0.800508206826582,0.00237526608414645,-0.000122698715186933,0.00274178576714398,0.00536244928166429,0.0172665498555316,0.526,0.382,-0.144,0.726235741444867,11000041,500,500,FALSE,FALSE,"parametric_mc20",11
"G-Formula","Proposed",0.522958140406244,0.394043693345791,-0.128914447060453,0.753489931411509,0.00234754462225761,-7.98366185278478e-05,0.00258065503016833,0.00508787288948163,0.0147495314492718,0.526,0.382,-0.144,0.726235741444867,11000041,500,500,FALSE,FALSE,"parametric_mc20",11
"IPW","Naive",0.498053669379054,0.3951967056087,-0.102856963770355,0.793482168500855,0.00401070834801053,-0.000222156519354059,0.00455479200749994,0.00900981339421859,0.0299629952093448,0.526,0.382,-0.144,0.726235741444867,11000041,500,500,FALSE,FALSE,"parametric_mc20",11
"IPW","Proposed",0.521689423097388,0.392872667748012,-0.128816755349375,0.753077694033816,0.00294165559028107,0.000470868063138872,0.00310369936441275,0.00510361882841607,0.0149279485532011,0.526,0.382,-0.144,0.726235741444867,11000041,500,500,FALSE,FALSE,"parametric_mc20",11
"AIPW","Naive",0.508369458077896,0.406023197257326,-0.10234626082057,0.798677400472615,0.00237216482608388,-0.000123407859084961,0.00273471069718827,0.00535369124144207,0.0171994083393208,0.526,0.382,-0.144,0.726235741444867,11000041,500,500,FALSE,FALSE,"parametric_mc20",11
"AIPW","Proposed",0.521636947028599,0.394819513803688,-0.126817433224911,0.756885638666316,0.00281456515540392,0.000260090170564801,0.00285724116704172,0.00515162598131603,0.0149792140315126,0.526,0.382,-0.144,0.726235741444867,11000041,500,500,FALSE,FALSE,"parametric_mc20",11
"G-Formula","Naive",0.448642825059023,0.403264416138671,-0.0453784089203515,0.898854040707368,0.000229174345728666,-1.44090606619765e-05,0.000374901808971555,0.000632894276024174,0.00291118229052007,0.5062,0.3924,-0.1138,0.775187672856579,11000042,5000,500,TRUE,TRUE,"parametric_mc20",11
"G-Formula","Proposed",0.471897639525463,0.388164688714087,-0.0837329508113761,0.82256120014591,0.000336121877016069,-8.83599697031961e-05,0.000484127282649205,0.000996969099071666,0.003848052055341,0.5062,0.3924,-0.1138,0.775187672856579,11000042,5000,500,TRUE,TRUE,"parametric_mc20",11
"IPW","Naive",0.50343446364958,0.441984462613903,-0.0614500010356764,0.877938429979142,0.000436647621798633,-2.09380363914072e-05,0.00055856061888778,0.00103708431346923,0.00367684531381149,0.5062,0.3924,-0.1138,0.775187672856579,11000042,5000,500,TRUE,TRUE,"parametric_mc20",11
"IPW","Proposed",0.472047283998318,0.391042656582044,-0.0810046274162749,0.828397217477554,0.000684066996730645,0.000375597388230164,0.00102178331602262,0.00095465553629294,0.00389954868299782,0.5062,0.3924,-0.1138,0.775187672856579,11000042,5000,500,TRUE,TRUE,"parametric_mc20",11
"AIPW","Naive",0.448615326043107,0.403276267758598,-0.0453390582845091,0.898935556472379,0.000229190647766546,-1.44157464192145e-05,0.00037492523509936,0.000632947375704335,0.00291195932981419,0.5062,0.3924,-0.1138,0.775187672856579,11000042,5000,500,TRUE,TRUE,"parametric_mc20",11
"AIPW","Proposed",0.471435451313277,0.392324051582665,-0.0791113997306126,0.832190388927621,0.000646206943436989,0.00034159016277616,0.00100359041367543,0.000966617031560101,0.00397108443420241,0.5062,0.3924,-0.1138,0.775187672856579,11000042,5000,500,TRUE,TRUE,"parametric_mc20",11
"G-Formula","Naive",0.488239571060982,0.451744412758742,-0.0364951583022392,0.925251535382656,0.000250971619124209,-4.42062570592494e-06,0.000357288262205627,0.000617101132741685,0.00243446682818469,0.5062,0.3924,-0.1138,0.775187672856579,11000042,5000,500,FALSE,TRUE,"parametric_mc20",11
"G-Formula","Proposed",0.481491235124141,0.457501052657419,-0.0239901824667214,0.950175245743495,0.000275450609477175,-2.7079435631523e-05,0.00037746545939688,0.000707074940137101,0.00292283415916515,0.5062,0.3924,-0.1138,0.775187672856579,11000042,5000,500,FALSE,TRUE,"parametric_mc20",11
"IPW","Naive",0.50343446364958,0.441984462613903,-0.0614500010356764,0.877938429979142,0.000436647621798633,-2.09380363914072e-05,0.00055856061888778,0.00103708431346923,0.00367684531381149,0.5062,0.3924,-0.1138,0.775187672856579,11000042,5000,500,FALSE,TRUE,"parametric_mc20",11
"IPW","Proposed",0.472047283998318,0.391042656582044,-0.0810046274162749,0.828397217477554,0.000684066996730645,0.000375597388230164,0.00102178331602262,0.00095465553629294,0.00389954868299782,0.5062,0.3924,-0.1138,0.775187672856579,11000042,5000,500,FALSE,TRUE,"parametric_mc20",11
"AIPW","Naive",0.498511317597404,0.447421003627091,-0.0510903139703127,0.897514234548285,0.000244117834111356,-9.87018391167999e-07,0.000355537475813327,0.000601629346707019,0.00222906926691778,0.5062,0.3924,-0.1138,0.775187672856579,11000042,5000,500,FALSE,TRUE,"parametric_mc20",11
"AIPW","Proposed",0.472645235145557,0.393079589775603,-0.0795656453699535,0.831658843772221,0.000662675089190356,0.000425608226527929,0.00117385986172375,0.000985318497858243,0.00413745960774122,0.5062,0.3924,-0.1138,0.775187672856579,11000042,5000,500,FALSE,TRUE,"parametric_mc20",11
"G-Formula","Naive",0.448642825059023,0.403264416138671,-0.0453784089203515,0.898854040707368,0.000229174345728666,-1.44090606619765e-05,0.000374901808971555,0.000632894276024174,0.00291118229052007,0.5062,0.3924,-0.1138,0.775187672856579,11000042,5000,500,TRUE,FALSE,"parametric_mc20",11
"G-Formula","Proposed",0.471897639525463,0.388164688714087,-0.0837329508113761,0.82256120014591,0.000336121877016069,-8.83599697031961e-05,0.000484127282649205,0.000996969099071666,0.003848052055341,0.5062,0.3924,-0.1138,0.775187672856579,11000042,5000,500,TRUE,FALSE,"parametric_mc20",11
"IPW","Naive",0.493223754366273,0.446297000486449,-0.046926753879824,0.904857068491929,0.000446936193135737,-3.41490222828774e-05,0.000573682645431495,0.00108891688313299,0.0041164971603077,0.5062,0.3924,-0.1138,0.775187672856579,11000042,5000,500,TRUE,FALSE,"parametric_mc20",11
"IPW","Proposed",0.480236286913075,0.456851906769947,-0.0233843801431275,0.951306511439523,0.000893844352341672,0.000552024035606292,0.000926745122237958,0.000716541403367045,0.00297177795310161,0.5062,0.3924,-0.1138,0.775187672856579,11000042,5000,500,TRUE,FALSE,"parametric_mc20",11
"AIPW","Naive",0.448636536946574,0.403254481909267,-0.0453820550373076,0.898844495933884,0.00022917813057569,-1.44040065780386e-05,0.000374905125131847,0.000632891268863614,0.00291122952159753,0.5062,0.3924,-0.1138,0.775187672856579,11000042,5000,500,TRUE,FALSE,"parametric_mc20",11
"AIPW","Proposed",0.471370757875307,0.388812233817714,-0.0825585240575931,0.824854379109719,0.000645343253653388,0.000341479464961321,0.000992070141510304,0.000954454465241051,0.0039057052747283,0.5062,0.3924,-0.1138,0.775187672856579,11000042,5000,500,TRUE,FALSE,"parametric_mc20",11
"G-Formula","Naive",0.488239571060982,0.451744412758742,-0.0364951583022392,0.925251535382656,0.000250971619124209,-4.42062570592494e-06,0.000357288262205627,0.000617101132741685,0.00243446682818469,0.5062,0.3924,-0.1138,0.775187672856579,11000042,5000,500,FALSE,FALSE,"parametric_mc20",11
"G-Formula","Proposed",0.481491235124141,0.457501052657419,-0.0239901824667214,0.950175245743495,0.000275450609477175,-2.7079435631523e-05,0.00037746545939688,0.000707074940137101,0.00292283415916515,0.5062,0.3924,-0.1138,0.775187672856579,11000042,5000,500,FALSE,FALSE,"parametric_mc20",11
"IPW","Naive",0.493223754366273,0.446297000486449,-0.046926753879824,0.904857068491929,0.000446936193135737,-3.41490222828774e-05,0.000573682645431495,0.00108891688313299,0.0041164971603077,0.5062,0.3924,-0.1138,0.775187672856579,11000042,5000,500,FALSE,FALSE,"parametric_mc20",11
"IPW","Proposed",0.480236286913075,0.456851906769947,-0.0233843801431275,0.951306511439523,0.000893844352341672,0.000552024035606292,0.000926745122237958,0.000716541403367045,0.00297177795310161,0.5062,0.3924,-0.1138,0.775187672856579,11000042,5000,500,FALSE,FALSE,"parametric_mc20",11
"AIPW","Naive",0.488228836668312,0.451738018143476,-0.0364908185248354,0.925258780751563,0.000250973862485447,-4.41939122545029e-06,0.000357289477586797,0.000617102122523145,0.00243459183722359,0.5062,0.3924,-0.1138,0.775187672856579,11000042,5000,500,FALSE,FALSE,"parametric_mc20",11
"AIPW","Proposed",0.480783244654939,0.458275065421209,-0.0225081792337299,0.953184351817659,0.000854043858941719,0.00051647723650311,0.000899803024289897,0.000720892410225396,0.0029900491542998,0.5062,0.3924,-0.1138,0.775187672856579,11000042,5000,500,FALSE,FALSE,"parametric_mc20",11
"G-Formula","Naive",0.427237742632212,0.408885119069423,-0.0183526235627895,0.95704353400587,0.00207868551990983,-7.2989866108325e-05,0.00437195788156578,0.00659662313369227,0.0351478041382919,0.466,0.382,-0.084,0.819742489270386,11000043,500,5000,TRUE,TRUE,"parametric_mc20",11
"G-Formula","Proposed",0.498601406589908,0.393887796968,-0.104713609621908,0.789985330490586,0.00183450650370645,-7.43764014584949e-06,0.00564975318225248,0.00749913496625062,0.0273784608233388,0.466,0.382,-0.084,0.819742489270386,11000043,500,5000,TRUE,TRUE,"parametric_mc20",11
"IPW","Naive",0.456175306514983,0.416124326114844,-0.0400509804001387,0.912202655803283,0.00399809387116245,-0.000282016334905633,0.00584831633656124,0.010410442877535,0.046563611213163,0.466,0.382,-0.084,0.819742489270386,11000043,500,5000,TRUE,TRUE,"parametric_mc20",11
"IPW","Proposed",0.484768669582049,0.396306504114115,-0.0884621654679345,0.817516743513554,0.00192579256019595,3.21851577997374e-05,0.00592258926587143,0.00778401151046791,0.0304553922869761,0.466,0.382,-0.084,0.819742489270386,11000043,500,5000,TRUE,TRUE,"parametric_mc20",11
"AIPW","Naive",0.427802553658478,0.41008021936163,-0.0177223342968479,0.958573565900226,0.00209530986804257,-7.11817657563446e-05,0.00437436085626174,0.006612034255817,0.0351672223513707,0.466,0.382,-0.084,0.819742489270386,11000043,500,5000,TRUE,TRUE,"parametric_mc20",11
"AIPW","Proposed",0.498820396903506,0.390833474980548,-0.107986921922958,0.783515424402648,0.00182341601603228,3.81466171526293e-06,0.00587425455938439,0.00769004125198615,0.0280830126556717,0.466,0.382,-0.084,0.819742489270386,11000043,500,5000,TRUE,TRUE,"parametric_mc20",11
"G-Formula","Naive",0.457629996409798,0.420994376129669,-0.036635620280129,0.91994488873644,0.00238668686257213,-6.10015503944175e-05,0.00373194672504142,0.00624063668840239,0.0280006046035823,0.466,0.382,-0.084,0.819742489270386,11000043,500,5000,FALSE,TRUE,"parametric_mc20",11
"G-Formula","Proposed",0.462476134886144,0.415903269462793,-0.0465728654233505,0.899296716283931,0.00228079749906243,-4.46700760834854e-06,0.00371101378055798,0.00600074529483711,0.0260122466689713,0.466,0.382,-0.084,0.819742489270386,11000043,500,5000,FALSE,TRUE,"parametric_mc20",11
"IPW","Naive",0.456175306514983,0.416124326114844,-0.0400509804001387,0.912202655803283,0.00399809387116245,-0.000282016334905633,0.00584831633656124,0.010410442877535,0.046563611213163,0.466,0.382,-0.084,0.819742489270386,11000043,500,5000,FALSE,TRUE,"parametric_mc20",11
"IPW","Proposed",0.484768669582049,0.396306504114115,-0.0884621654679345,0.817516743513554,0.00192579256019595,3.21851577997374e-05,0.00592258926587143,0.00778401151046791,0.0304553922869761,0.466,0.382,-0.084,0.819742489270386,11000043,500,5000,FALSE,TRUE,"parametric_mc20",11
"AIPW","Naive",0.467013639219419,0.420897717651088,-0.0461159215683314,0.901253587271218,0.00226720442763463,-2.53877358656899e-05,0.00375141928820113,0.00606939918756714,0.0258536950839672,0.466,0.382,-0.084,0.819742489270386,11000043,500,5000,FALSE,TRUE,"parametric_mc20",11
"AIPW","Proposed",0.489476222418444,0.390348263456769,-0.0991279589616752,0.797481564126045,0.00181048138069092,2.65276396140123e-06,0.00605135232200488,0.007856528174773,0.0300456465910646,0.466,0.382,-0.084,0.819742489270386,11000043,500,5000,FALSE,TRUE,"parametric_mc20",11
"G-Formula","Naive",0.427237742632212,0.408885119069423,-0.0183526235627895,0.95704353400587,0.00207868551990983,-7.2989866108325e-05,0.00437195788156578,0.00659662313369227,0.0351478041382919,0.466,0.382,-0.084,0.819742489270386,11000043,500,5000,TRUE,FALSE,"parametric_mc20",11
"G-Formula","Proposed",0.498601406589908,0.393887796968,-0.104713609621908,0.789985330490586,0.00183450650370645,-7.43764014584949e-06,0.00564975318225248,0.00749913496625062,0.0273784608233388,0.466,0.382,-0.084,0.819742489270386,11000043,500,5000,TRUE,FALSE,"parametric_mc20",11
"IPW","Naive",0.44630740675699,0.418066276829157,-0.0282411299278322,0.936722694940151,0.00414008730187478,-0.000375125562900413,0.00591587362558245,0.0108062120532581,0.0514651966618165,0.466,0.382,-0.084,0.819742489270386,11000043,500,5000,TRUE,FALSE,"parametric_mc20",11
"IPW","Proposed",0.457798550319813,0.423988721647297,-0.0338098286725152,0.926146929366867,0.00243356184160295,4.65249654069888e-05,0.0036939231520501,0.00603443506283907,0.027174070128118,0.466,0.382,-0.084,0.819742489270386,11000043,500,5000,TRUE,FALSE,"parametric_mc20",11
"AIPW","Naive",0.427662320094574,0.410366340291613,-0.0172959798029603,0.9595569237918,0.00209279955974413,-7.21254048869281e-05,0.0043672896490557,0.00660434001857368,0.0351712650884512,0.466,0.382,-0.084,0.819742489270386,11000043,500,5000,TRUE,FALSE,"parametric_mc20",11
"AIPW","Proposed",0.498970694764968,0.395937540825062,-0.103033153939906,0.79350860677612,0.00182475134259257,-8.46248407032942e-07,0.00566620464348617,0.00749264848289281,0.0273786604452802,0.466,0.382,-0.084,0.819742489270386,11000043,500,5000,TRUE,FALSE,"parametric_mc20",11
"G-Formula","Naive",0.457629996409798,0.420994376129669,-0.036635620280129,0.91994488873644,0.00238668686257213,-6.10015503944175e-05,0.00373194672504142,0.00624063668840239,0.0280006046035823,0.466,0.382,-0.084,0.819742489270386,11000043,500,5000,FALSE,FALSE,"parametric_mc20",11
"G-Formula","Proposed",0.462476134886144,0.415903269462793,-0.0465728654233505,0.899296716283931,0.00228079749906243,-4.46700760834854e-06,0.00371101378055798,0.00600074529483711,0.0260122466689713,0.466,0.382,-0.084,0.819742489270386,11000043,500,5000,FALSE,FALSE,"parametric_mc20",11
"IPW","Naive",0.44630740675699,0.418066276829157,-0.0282411299278322,0.936722694940151,0.00414008730187478,-0.000375125562900413,0.00591587362558245,0.0108062120532581,0.0514651966618165,0.466,0.382,-0.084,0.819742489270386,11000043,500,5000,FALSE,FALSE,"parametric_mc20",11
"IPW","Proposed",0.457798550319813,0.423988721647297,-0.0338098286725152,0.926146929366867,0.00243356184160295,4.65249654069888e-05,0.0036939231520501,0.00603443506283907,0.027174070128118,0.466,0.382,-0.084,0.819742489270386,11000043,500,5000,FALSE,FALSE,"parametric_mc20",11
"AIPW","Naive",0.457406629817867,0.42230086044184,-0.0351057693760268,0.923250414210206,0.00239031304306731,-5.98496782822573e-05,0.00372601705458819,0.00623602945422002,0.0280756547184827,0.466,0.382,-0.084,0.819742489270386,11000043,500,5000,FALSE,FALSE,"parametric_mc20",11
"AIPW","Proposed",0.462523856071743,0.41769956074196,-0.0448242953297825,0.903087603501192,0.00229672114383186,1.13583220765809e-05,0.00371307739518653,0.00598708189486522,0.0260166247257248,0.466,0.382,-0.084,0.819742489270386,11000043,500,5000,FALSE,FALSE,"parametric_mc20",11
"G-Formula","Naive",0.442303277110417,0.430846381926992,-0.0114568951834251,0.974097195801321,0.000206807637109257,-1.43600752412261e-05,0.000337030674766179,0.000572558462357889,0.00286885044924475,0.4982,0.399,-0.0992,0.800883179446006,11000044,5000,5000,TRUE,TRUE,"parametric_mc20",11
"G-Formula","Proposed",0.496269763450855,0.410611781927037,-0.0856579815238188,0.827396331930061,0.000194872291175896,-1.04404245118352e-05,0.000407249857641401,0.000623002997840967,0.00226540868181853,0.4982,0.399,-0.0992,0.800883179446006,11000044,5000,5000,TRUE,TRUE,"parametric_mc20",11
"IPW","Naive",0.495930596064263,0.470457445693823,-0.02547315037044,0.948635654721454,0.000413345461691674,-2.37314152958787e-05,0.000586670637600741,0.00104747892988417,0.00408083239573151,0.4982,0.399,-0.0992,0.800883179446006,11000044,5000,5000,TRUE,TRUE,"parametric_mc20",11
"IPW","Proposed",0.496666746468978,0.414645726893796,-0.0820210195751819,0.834857034101225,0.00022979074797234,3.82873885095642e-05,0.000498652883264323,0.000651868854217534,0.00241158608585134,0.4982,0.399,-0.0992,0.800883179446006,11000044,5000,5000,TRUE,TRUE,"parametric_mc20",11
"AIPW","Naive",0.442289639250697,0.430795274065199,-0.0114943651854978,0.974011678851508,0.000206801845513546,-1.43558857101756e-05,0.000336993765499102,0.000572507382432999,0.00286858020698986,0.4982,0.399,-0.0992,0.800883179446006,11000044,5000,5000,TRUE,TRUE,"parametric_mc20",11
"AIPW","Proposed",0.496172930163339,0.410056723411703,-0.0861162067516358,0.826439127335531,0.000203914701709804,1.77353189510124e-05,0.000447918632348513,0.000616362696156292,0.00226607041204157,0.4982,0.399,-0.0992,0.800883179446006,11000044,5000,5000,TRUE,TRUE,"parametric_mc20",11
"G-Formula","Naive",0.479961615449927,0.468916678934888,-0.0110449365150391,0.976987875364397,0.000235553169903331,-4.42270576776047e-06,0.000322722038102061,0.000567120619540913,0.00241445145845264,0.4982,0.399,-0.0992,0.800883179446006,11000044,5000,5000,FALSE,TRUE,"parametric_mc20",11
"G-Formula","Proposed",0.475916055545999,0.475317046587837,-0.000599008958162062,0.998741355852189,0.000234852144295621,-2.96580404390901e-06,0.0003204309729562,0.000561214725339639,0.00247517048211622,0.4982,0.399,-0.0992,0.800883179446006,11000044,5000,5000,FALSE,TRUE,"parametric_mc20",11
"IPW","Naive",0.495930596064263,0.470457445693823,-0.02547315037044,0.948635654721454,0.000413345461691674,-2.37314152958787e-05,0.000586670637600741,0.00104747892988417,0.00408083239573151,0.4982,0.399,-0.0992,0.800883179446006,11000044,5000,5000,FALSE,TRUE,"parametric_mc20",11
"IPW","Proposed",0.496666746468978,0.414645726893796,-0.0820210195751819,0.834857034101225,0.00022979074797234,3.82873885095642e-05,0.000498652883264323,0.000651868854217534,0.00241158608585134,0.4982,0.399,-0.0992,0.800883179446006,11000044,5000,5000,FALSE,TRUE,"parametric_mc20",11
"AIPW","Naive",0.493835378896065,0.464407801862488,-0.0294275770335772,0.940410148217083,0.000225369263022854,-4.72891377848381e-07,0.000321585713616148,0.000547900759394699,0.0021395743576527,0.4982,0.399,-0.0992,0.800883179446006,11000044,5000,5000,FALSE,TRUE,"parametric_mc20",11
"AIPW","Proposed",0.496490793332619,0.408455175845776,-0.0880356174868431,0.822684290083372,0.0002018483295238,2.21724720495174e-05,0.000493470740781421,0.000650974126206186,0.00240809015420589,0.4982,0.399,-0.0992,0.800883179446006,11000044,5000,5000,FALSE,TRUE,"parametric_mc20",11
"G-Formula","Naive",0.442303277110417,0.430846381926992,-0.0114568951834251,0.974097195801321,0.000206807637109257,-1.43600752412261e-05,0.000337030674766179,0.000572558462357889,0.00286885044924475,0.4982,0.399,-0.0992,0.800883179446006,11000044,5000,5000,TRUE,FALSE,"parametric_mc20",11
"G-Formula","Proposed",0.496269763450855,0.410611781927037,-0.0856579815238188,0.827396331930061,0.000194872291175896,-1.04404245118352e-05,0.000407249857641401,0.000623002997840967,0.00226540868181853,0.4982,0.399,-0.0992,0.800883179446006,11000044,5000,5000,TRUE,FALSE,"parametric_mc20",11
"IPW","Naive",0.481910068468012,0.474534397841425,-0.00737567062658717,0.984694923162667,0.000423225735367374,-3.60964900340583e-05,0.000599132325817797,0.00109455104125329,0.00465295708508238,0.4982,0.399,-0.0992,0.800883179446006,11000044,5000,5000,TRUE,FALSE,"parametric_mc20",11
"IPW","Proposed",0.476060766075172,0.475035773553021,-0.00102499252215082,0.997846929225861,0.000293970859062756,5.7422742581746e-05,0.000382278156990292,0.000561403530889556,0.00247265038551615,0.4982,0.399,-0.0992,0.800883179446006,11000044,5000,5000,TRUE,FALSE,"parametric_mc20",11
"AIPW","Naive",0.442301208337949,0.43084293901876,-0.0114582693191886,0.974093967859039,0.000206803652263724,-1.43562750566045e-05,0.000337024903981712,0.000572541106358645,0.0028687834942173,0.4982,0.399,-0.0992,0.800883179446006,11000044,5000,5000,TRUE,FALSE,"parametric_mc20",11
"AIPW","Proposed",0.49618881146822,0.410594458547699,-0.0855943529205209,0.827496406726206,0.000203842031221585,1.76929225635488e-05,0.000447783701886586,0.000616239887981074,0.0022667561801357,0.4982,0.399,-0.0992,0.800883179446006,11000044,5000,5000,TRUE,FALSE,"parametric_mc20",11
"G-Formula","Naive",0.479961615449927,0.468916678934888,-0.0110449365150391,0.976987875364397,0.000235553169903331,-4.42270576776047e-06,0.000322722038102061,0.000567120619540913,0.00241445145845264,0.4982,0.399,-0.0992,0.800883179446006,11000044,5000,5000,FALSE,FALSE,"parametric_mc20",11
"G-Formula","Proposed",0.475916055545999,0.475317046587837,-0.000599008958162062,0.998741355852189,0.000234852144295621,-2.96580404390901e-06,0.0003204309729562,0.000561214725339639,0.00247517048211622,0.4982,0.399,-0.0992,0.800883179446006,11000044,5000,5000,FALSE,FALSE,"parametric_mc20",11
"IPW","Naive",0.481910068468012,0.474534397841425,-0.00737567062658717,0.984694923162667,0.000423225735367374,-3.60964900340583e-05,0.000599132325817797,0.00109455104125329,0.00465295708508238,0.4982,0.399,-0.0992,0.800883179446006,11000044,5000,5000,FALSE,FALSE,"parametric_mc20",11
"IPW","Proposed",0.476060766075172,0.475035773553021,-0.00102499252215082,0.997846929225861,0.000293970859062756,5.7422742581746e-05,0.000382278156990292,0.000561403530889556,0.00247265038551615,0.4982,0.399,-0.0992,0.800883179446006,11000044,5000,5000,FALSE,FALSE,"parametric_mc20",11
"AIPW","Naive",0.479959796918289,0.468913952461729,-0.01104584445656,0.976985896469907,0.00023555303653633,-4.42250653924347e-06,0.000322718817449415,0.000567116867064232,0.00241444950162774,0.4982,0.399,-0.0992,0.800883179446006,11000044,5000,5000,FALSE,FALSE,"parametric_mc20",11
"AIPW","Proposed",0.475854677010229,0.475300509399415,-0.000554167610814005,0.998835426785556,0.000272437352157563,3.4677229085449e-05,0.0003582852090611,0.000561368103047765,0.00247668457901692,0.4982,0.399,-0.0992,0.800883179446006,11000044,5000,5000,FALSE,FALSE,"parametric_mc20",11
"G-Formula","Naive",0.37642556701141,0.429343987401905,0.0529184203904947,1.14058136595406,0.00195670026940362,-0.000115145858006277,0.00455951630032656,0.00674650828574273,0.0519964848469313,0.478,0.39,-0.088,0.815899581589958,11000045,500,500,TRUE,TRUE,"parametric_mc20",12
"G-Formula","Proposed",0.464473498348581,0.413291951406646,-0.0511815469419353,0.889807390251738,0.0019868811637801,-6.72399402948503e-05,0.00566212426658482,0.00778348531095462,0.0340922493236888,0.478,0.39,-0.088,0.815899581589958,11000045,500,500,TRUE,TRUE,"parametric_mc20",12
"IPW","Naive",0.417752173282912,0.455283596421012,0.0375314231380992,1.08984135939535,0.0034479948122936,-0.000212340336476621,0.00657573614006377,0.0104484116253106,0.0637986485450166,0.478,0.39,-0.088,0.815899581589958,11000045,500,500,TRUE,TRUE,"parametric_mc20",12
"IPW","Proposed",0.463606728029978,0.405459187639403,-0.0581475403905746,0.874575719300574,0.00237938041511739,0.000305429582795977,0.00666825460731391,0.00843677585683934,0.0370070002242303,0.478,0.39,-0.088,0.815899581589958,11000045,500,500,TRUE,TRUE,"parametric_mc20",12
"AIPW","Naive",0.376430799994821,0.429515522048795,0.0530847220539741,1.14102119713558,0.00195692456074053,-0.000114810013483898,0.0045606742800162,0.00674721886772453,0.052014435478972,0.478,0.39,-0.088,0.815899581589958,11000045,500,500,TRUE,TRUE,"parametric_mc20",12
"AIPW","Proposed",0.466201802165742,0.400776751997737,-0.0654250501680047,0.859663669543806,0.002019825010752,0.000127970890628593,0.00602509687767741,0.00778898010717222,0.0335770177561401,0.478,0.39,-0.088,0.815899581589958,11000045,500,500,TRUE,TRUE,"parametric_mc20",12
"G-Formula","Naive",0.412881997375757,0.443316913849492,0.0304349164737349,1.07371335313038,0.0023903887841235,-2.21083010902211e-05,0.00461401814732206,0.007048623533626,0.0435103620549313,0.478,0.39,-0.088,0.815899581589958,11000045,500,500,FALSE,TRUE,"parametric_mc20",12
"G-Formula","Proposed",0.408550834483115,0.446118435187794,0.0375676007046793,1.09195330797013,0.00236690387279972,-2.9501785452682e-05,0.00464918159879316,0.00707508904249824,0.0451479610940672,0.478,0.39,-0.088,0.815899581589958,11000045,500,500,FALSE,TRUE,"parametric_mc20",12
"IPW","Naive",0.417752173282912,0.455283596421012,0.0375314231380992,1.08984135939535,0.0034479948122936,-0.000212340336476621,0.00657573614006377,0.0104484116253106,0.0637986485450166,0.478,0.39,-0.088,0.815899581589958,11000045,500,500,FALSE,TRUE,"parametric_mc20",12
"IPW","Proposed",0.463606728029978,0.405459187639403,-0.0581475403905746,0.874575719300574,0.00237938041511739,0.000305429582795977,0.00666825460731391,0.00843677585683934,0.0370070002242303,0.478,0.39,-0.088,0.815899581589958,11000045,500,500,FALSE,TRUE,"parametric_mc20",12
"AIPW","Naive",0.416342244418569,0.44298454889586,0.0266423044772913,1.06399135527191,0.00226610589363472,2.59270108727023e-06,0.00460273081292788,0.00686365130438806,0.0413210199551372,0.478,0.39,-0.088,0.815899581589958,11000045,500,500,FALSE,TRUE,"parametric_mc20",12
"AIPW","Proposed",0.460247005804722,0.400143834805885,-0.060103170998837,0.869411054844889,0.00205850818654623,9.93275360424137e-05,0.00633341758897859,0.00819327070344,0.0364291123757361,0.478,0.39,-0.088,0.815899581589958,11000045,500,500,FALSE,TRUE,"parametric_mc20",12
"G-Formula","Naive",0.37642556701141,0.429343987401905,0.0529184203904947,1.14058136595406,0.00195670026940362,-0.000115145858006277,0.00455951630032656,0.00674650828574273,0.0519964848469313,0.478,0.39,-0.088,0.815899581589958,11000045,500,500,TRUE,FALSE,"parametric_mc20",12
"G-Formula","Proposed",0.464473498348581,0.413291951406646,-0.0511815469419353,0.889807390251738,0.0019868811637801,-6.72399402948503e-05,0.00566212426658482,0.00778348531095462,0.0340922493236888,0.478,0.39,-0.088,0.815899581589958,11000045,500,500,TRUE,FALSE,"parametric_mc20",12
"IPW","Naive",0.414248105189313,0.4556406823825,0.0413925771931878,1.09992218835683,0.00361848428998852,-0.000301460248796864,0.00662047046432497,0.0108418752519072,0.0679561843984944,0.478,0.39,-0.088,0.815899581589958,11000045,500,500,TRUE,FALSE,"parametric_mc20",12
"IPW","Proposed",0.410387390161383,0.441159993594907,0.0307726034335239,1.0749842811238,0.00280403889428779,0.000478177635373341,0.00495932788554794,0.00680701150908904,0.0425820979737843,0.478,0.39,-0.088,0.815899581589958,11000045,500,500,TRUE,FALSE,"parametric_mc20",12
"AIPW","Naive",0.376414767825063,0.42940484396292,0.0529900761378568,1.14077576298091,0.0019566353009708,-0.000114962486109867,0.00455936071455256,0.00674592098774309,0.0520012613372153,0.478,0.39,-0.088,0.815899581589958,11000045,500,500,TRUE,FALSE,"parametric_mc20",12
"AIPW","Proposed",0.464192631890694,0.408768657076491,-0.055423974814203,0.880601347357762,0.00201675678342631,0.000163815488361622,0.00606322255749431,0.00775234836419738,0.0340579128274435,0.478,0.39,-0.088,0.815899581589958,11000045,500,500,TRUE,FALSE,"parametric_mc20",12
"G-Formula","Naive",0.412881997375757,0.443316913849492,0.0304349164737349,1.07371335313038,0.0023903887841235,-2.21083010902211e-05,0.00461401814732206,0.007048623533626,0.0435103620549313,0.478,0.39,-0.088,0.815899581589958,11000045,500,500,FALSE,FALSE,"parametric_mc20",12
"G-Formula","Proposed",0.408550834483115,0.446118435187794,0.0375676007046793,1.09195330797013,0.00236690387279972,-2.9501785452682e-05,0.00464918159879316,0.00707508904249824,0.0451479610940672,0.478,0.39,-0.088,0.815899581589958,11000045,500,500,FALSE,FALSE,"parametric_mc20",12
"IPW","Naive",0.414248105189313,0.4556406823825,0.0413925771931878,1.09992218835683,0.00361848428998852,-0.000301460248796864,0.00662047046432497,0.0108418752519072,0.0679561843984944,0.478,0.39,-0.088,0.815899581589958,11000045,500,500,FALSE,FALSE,"parametric_mc20",12
"IPW","Proposed",0.410387390161383,0.441159993594907,0.0307726034335239,1.0749842811238,0.00280403889428779,0.000478177635373341,0.00495932788554794,0.00680701150908904,0.0425820979737843,0.478,0.39,-0.088,0.815899581589958,11000045,500,500,FALSE,FALSE,"parametric_mc20",12
"AIPW","Naive",0.412891113795179,0.443387693188879,0.0304965793936997,1.07386106984329,0.00239028315909179,-2.17968871748613e-05,0.00461475154984087,0.00704862848328238,0.0435125914095353,0.478,0.39,-0.088,0.815899581589958,11000045,500,500,FALSE,FALSE,"parametric_mc20",12
"AIPW","Proposed",0.406990716351558,0.442662667911378,0.0356719515598191,1.08764807187642,0.0026181796486232,0.000289289045074256,0.00489256309403221,0.0069321646525069,0.0444364851671233,0.478,0.39,-0.088,0.815899581589958,11000045,500,500,FALSE,FALSE,"parametric_mc20",12
"G-Formula","Naive",0.44327707174375,0.398040774992795,-0.045236296750955,0.897950289707054,0.000228854917886382,-1.44834652369866e-05,0.000381919509648653,0.000639741358009008,0.00301514431695583,0.4784,0.387,-0.0914,0.808946488294314,11000046,5000,500,TRUE,TRUE,"parametric_mc20",12
"G-Formula","Proposed",0.502219598188628,0.358161824462143,-0.144057773726485,0.713157801395918,0.000339705841155295,-0.000105801974154101,0.000464428732511721,0.00101573852197522,0.00312462917363463,0.4784,0.387,-0.0914,0.808946488294314,11000046,5000,500,TRUE,TRUE,"parametric_mc20",12
"IPW","Naive",0.478745379878126,0.432893778378624,-0.0458516014995027,0.904225495583529,0.000410969587438041,-2.06992369741695e-05,0.000530779925196452,0.000983147986582832,0.00394521493444423,0.4784,0.387,-0.0914,0.808946488294314,11000046,5000,500,TRUE,TRUE,"parametric_mc20",12
"IPW","Proposed",0.503699660901311,0.357157453572194,-0.146542207329116,0.70906828274036,0.000743142237870797,0.000377478201556004,0.00092550504368952,0.000913690878448308,0.00301058201968441,0.4784,0.387,-0.0914,0.808946488294314,11000046,5000,500,TRUE,TRUE,"parametric_mc20",12
"AIPW","Naive",0.443273287549139,0.398041398424109,-0.04523188912503,0.897959361875566,0.000228855013076919,-1.44831072873236e-05,0.000381916920802369,0.000639738148453935,0.00301520005473769,0.4784,0.387,-0.0914,0.808946488294314,11000046,5000,500,TRUE,TRUE,"parametric_mc20",12
"AIPW","Proposed",0.502490709615612,0.358516954435087,-0.143973755180526,0.713479767037563,0.000688680391555078,0.000331188543690052,0.000925429134553239,0.000951732438728212,0.0031818668746535,0.4784,0.387,-0.0914,0.808946488294314,11000046,5000,500,TRUE,TRUE,"parametric_mc20",12
"G-Formula","Naive",0.48966244371061,0.435567073572501,-0.0540953701381092,0.88952518039125,0.000244617701297267,-3.71801741162366e-06,0.00040240042910822,0.000654454165228734,0.00251312381479137,0.4784,0.387,-0.0914,0.808946488294314,11000046,5000,500,FALSE,TRUE,"parametric_mc20",12
"G-Formula","Proposed",0.496130113047044,0.432913330324241,-0.0632167827228028,0.872580234377331,0.000272973926824706,-2.47930010762524e-05,0.000388457775054785,0.000711017704031996,0.0025983328421823,0.4784,0.387,-0.0914,0.808946488294314,11000046,5000,500,FALSE,TRUE,"parametric_mc20",12
"IPW","Naive",0.478745379878126,0.432893778378624,-0.0458516014995027,0.904225495583529,0.000410969587438041,-2.06992369741695e-05,0.000530779925196452,0.000983147986582832,0.00394521493444423,0.4784,0.387,-0.0914,0.808946488294314,11000046,5000,500,FALSE,TRUE,"parametric_mc20",12
"IPW","Proposed",0.503699660901311,0.357157453572194,-0.146542207329116,0.70906828274036,0.000743142237870797,0.000377478201556004,0.00092550504368952,0.000913690878448308,0.00301058201968441,0.4784,0.387,-0.0914,0.808946488294314,11000046,5000,500,FALSE,TRUE,"parametric_mc20",12
"AIPW","Naive",0.491139290022425,0.434871920612292,-0.0562673694101333,0.885435006823494,0.000237365712455421,-2.34943554653488e-07,0.00040047371705973,0.000638309316624457,0.00243341633098764,0.4784,0.387,-0.0914,0.808946488294314,11000046,5000,500,FALSE,TRUE,"parametric_mc20",12
"AIPW","Proposed",0.50264076056506,0.356712359498986,-0.145928401066073,0.709676547317764,0.000677541354203367,0.000408055136250835,0.00111674020225104,0.000978171283952738,0.00347837417015107,0.4784,0.387,-0.0914,0.808946488294314,11000046,5000,500,FALSE,TRUE,"parametric_mc20",12
"G-Formula","Naive",0.44327707174375,0.398040774992795,-0.045236296750955,0.897950289707054,0.000228854917886382,-1.44834652369866e-05,0.000381919509648653,0.000639741358009008,0.00301514431695583,0.4784,0.387,-0.0914,0.808946488294314,11000046,5000,500,TRUE,FALSE,"parametric_mc20",12
"G-Formula","Proposed",0.502219598188628,0.358161824462143,-0.144057773726485,0.713157801395918,0.000339705841155295,-0.000105801974154101,0.000464428732511721,0.00101573852197522,0.00312462917363463,0.4784,0.387,-0.0914,0.808946488294314,11000046,5000,500,TRUE,FALSE,"parametric_mc20",12
"IPW","Naive",0.477239509887885,0.433581096942504,-0.0436584129453807,0.908518863084833,0.000426716060494793,-3.30066639431634e-05,0.000540696009393559,0.00103342539777468,0.0041837672749561,0.4784,0.387,-0.0914,0.808946488294314,11000046,5000,500,TRUE,FALSE,"parametric_mc20",12
"IPW","Proposed",0.497294481615537,0.43315811444829,-0.0641363671672469,0.871029401012273,0.000937804501342654,0.000569460293318001,0.000885729870554603,0.000684613785261255,0.00244721844837784,0.4784,0.387,-0.0914,0.808946488294314,11000046,5000,500,TRUE,FALSE,"parametric_mc20",12
"AIPW","Naive",0.443277577997273,0.398041282841118,-0.0452362951561547,0.897950409852598,0.000228852512772507,-1.448295138799e-05,0.000381918513512786,0.000639736929061273,0.00301511806367793,0.4784,0.387,-0.0914,0.808946488294314,11000046,5000,500,TRUE,FALSE,"parametric_mc20",12
"AIPW","Proposed",0.502359867974283,0.358516395337957,-0.143843472636327,0.713664482761409,0.000689396132067455,0.000336735742074092,0.000918034899267459,0.00093395954718673,0.0031245300308688,0.4784,0.387,-0.0914,0.808946488294314,11000046,5000,500,TRUE,FALSE,"parametric_mc20",12
"G-Formula","Naive",0.48966244371061,0.435567073572501,-0.0540953701381092,0.88952518039125,0.000244617701297267,-3.71801741162366e-06,0.00040240042910822,0.000654454165228734,0.00251312381479137,0.4784,0.387,-0.0914,0.808946488294314,11000046,5000,500,FALSE,FALSE,"parametric_mc20",12
"G-Formula","Proposed",0.496130113047044,0.432913330324241,-0.0632167827228028,0.872580234377331,0.000272973926824706,-2.47930010762524e-05,0.000388457775054785,0.000711017704031996,0.0025983328421823,0.4784,0.387,-0.0914,0.808946488294314,11000046,5000,500,FALSE,FALSE,"parametric_mc20",12
"IPW","Naive",0.477239509887885,0.433581096942504,-0.0436584129453807,0.908518863084833,0.000426716060494793,-3.30066639431634e-05,0.000540696009393559,0.00103342539777468,0.0041837672749561,0.4784,0.387,-0.0914,0.808946488294314,11000046,5000,500,FALSE,FALSE,"parametric_mc20",12
"IPW","Proposed",0.497294481615537,0.43315811444829,-0.0641363671672469,0.871029401012273,0.000937804501342654,0.000569460293318001,0.000885729870554603,0.000684613785261255,0.00244721844837784,0.4784,0.387,-0.0914,0.808946488294314,11000046,5000,500,FALSE,FALSE,"parametric_mc20",12
"AIPW","Naive",0.489663697845242,0.435567656705413,-0.0540960411398296,0.889524093009389,0.000244619018693295,-3.71808422409227e-06,0.000402400060968632,0.000654455248110112,0.00251311224197952,0.4784,0.387,-0.0914,0.808946488294314,11000046,5000,500,FALSE,FALSE,"parametric_mc20",12
"AIPW","Proposed",0.496239075167683,0.433305998739199,-0.0629330764284842,0.873179925609005,0.000885553068847859,0.000510886551602961,0.000857831856058031,0.000721611821699969,0.00260229691455246,0.4784,0.387,-0.0914,0.808946488294314,11000046,5000,500,FALSE,FALSE,"parametric_mc20",12
"G-Formula","Naive",0.436135494246351,0.414165627604704,-0.0219698666416471,0.949626052152413,0.00235270587318555,-9.1715374750006e-05,0.00298869385583009,0.00552483047851565,0.0277820010596255,0.458,0.398,-0.06,0.868995633187773,11000047,500,5000,TRUE,TRUE,"parametric_mc20",12
"G-Formula","Proposed",0.470254266804878,0.382690555383898,-0.0875637114209802,0.813794966676373,0.00231657714146888,-7.15200137037536e-06,0.00339089885806943,0.00572178000227906,0.0223240553863251,0.458,0.398,-0.06,0.868995633187773,11000047,500,5000,TRUE,TRUE,"parametric_mc20",12
"IPW","Naive",0.466823601931149,0.461311246335761,-0.00551235559538776,0.988191780422874,0.00432118666732415,-0.000218437438394231,0.00507805379215748,0.0098361153362701,0.0446462794751282,0.458,0.398,-0.06,0.868995633187773,11000047,500,5000,TRUE,TRUE,"parametric_mc20",12
"IPW","Proposed",0.464820811485711,0.380158817758108,-0.0846619937276032,0.817861008725067,0.00234466054239369,3.9287276353335e-05,0.0029855007657986,0.00525158675548562,0.0207794444080846,0.458,0.398,-0.06,0.868995633187773,11000047,500,5000,TRUE,TRUE,"parametric_mc20",12
"AIPW","Naive",0.436010670984723,0.413597504030296,-0.0224131669544271,0.94859491190019,0.00235271062929632,-9.03274635008445e-05,0.00299960748755003,0.00553297304384804,0.0278162719298597,0.458,0.398,-0.06,0.868995633187773,11000047,500,5000,TRUE,TRUE,"parametric_mc20",12
"AIPW","Proposed",0.470068400483291,0.384430835638828,-0.0856375648444626,0.817818928572063,0.00231082845294427,6.62566663128318e-06,0.00323603978302884,0.00553361690271054,0.0215905867038142,0.458,0.398,-0.06,0.868995633187773,11000047,500,5000,TRUE,TRUE,"parametric_mc20",12
"G-Formula","Naive",0.445429921938211,0.456532617543423,0.0111026956052123,1.02492579653585,0.0025643000051523,-2.7988505658683e-05,0.00269711437081469,0.00531739138728435,0.0274596758048464,0.458,0.398,-0.06,0.868995633187773,11000047,500,5000,FALSE,TRUE,"parametric_mc20",12
"G-Formula","Proposed",0.447572482361309,0.446927084092032,-0.000645398269276953,0.998558002793487,0.00254554874680812,-1.88056383942127e-06,0.00252870254423784,0.0050780124187248,0.0253127117279094,0.458,0.398,-0.06,0.868995633187773,11000047,500,5000,FALSE,TRUE,"parametric_mc20",12
"IPW","Naive",0.466823601931149,0.461311246335761,-0.00551235559538776,0.988191780422874,0.00432118666732415,-0.000218437438394231,0.00507805379215748,0.0098361153362701,0.0446462794751282,0.458,0.398,-0.06,0.868995633187773,11000047,500,5000,FALSE,TRUE,"parametric_mc20",12
"IPW","Proposed",0.464820811485711,0.380158817758108,-0.0846619937276032,0.817861008725067,0.00234466054239369,3.9287276353335e-05,0.0029855007657986,0.00525158675548562,0.0207794444080846,0.458,0.398,-0.06,0.868995633187773,11000047,500,5000,FALSE,TRUE,"parametric_mc20",12
"AIPW","Naive",0.464407800844055,0.445165598246306,-0.019242202597749,0.958566151208536,0.00257350757763586,-3.16279567148445e-06,0.0027377366200921,0.00531756978907093,0.0236859835261363,0.458,0.398,-0.06,0.868995633187773,11000047,500,5000,FALSE,TRUE,"parametric_mc20",12
"AIPW","Proposed",0.464852754626625,0.389566455050599,-0.0752862995760251,0.838042694537766,0.00231098159333676,9.87879657364667e-06,0.00299042979888436,0.00528165379907383,0.0212733175523494,0.458,0.398,-0.06,0.868995633187773,11000047,500,5000,FALSE,TRUE,"parametric_mc20",12
"G-Formula","Naive",0.436135494246351,0.414165627604704,-0.0219698666416471,0.949626052152413,0.00235270587318555,-9.1715374750006e-05,0.00298869385583009,0.00552483047851565,0.0277820010596255,0.458,0.398,-0.06,0.868995633187773,11000047,500,5000,TRUE,FALSE,"parametric_mc20",12
"G-Formula","Proposed",0.470254266804878,0.382690555383898,-0.0875637114209802,0.813794966676373,0.00231657714146888,-7.15200137037536e-06,0.00339089885806943,0.00572178000227906,0.0223240553863251,0.458,0.398,-0.06,0.868995633187773,11000047,500,5000,TRUE,FALSE,"parametric_mc20",12
"IPW","Naive",0.44828654626453,0.472054865482518,0.0237683192179883,1.0530203714924,0.00421836868001022,-0.000301967664301946,0.00523253322518662,0.0100548372338007,0.0524780659727167,0.458,0.398,-0.06,0.868995633187773,11000047,500,5000,TRUE,FALSE,"parametric_mc20",12
"IPW","Proposed",0.447429193766024,0.438821526146097,-0.00860766761992754,0.980761944594012,0.00259937575370213,5.00681647867988e-05,0.00258358485135951,0.00508282427548804,0.0249044760476002,0.458,0.398,-0.06,0.868995633187773,11000047,500,5000,TRUE,FALSE,"parametric_mc20",12
"AIPW","Naive",0.436098489542549,0.414105187123012,-0.0219933024195366,0.949568038076429,0.00235287065008472,-9.16161873061887e-05,0.00298890861089111,0.00552501163558821,0.0277862170806856,0.458,0.398,-0.06,0.868995633187773,11000047,500,5000,TRUE,FALSE,"parametric_mc20",12
"AIPW","Proposed",0.470523636970715,0.379550193238717,-0.090973443731998,0.806654891308553,0.00231179755656466,6.87712613125942e-06,0.00347906845829607,0.00577711176259821,0.0224589456294689,0.458,0.398,-0.06,0.868995633187773,11000047,500,5000,TRUE,FALSE,"parametric_mc20",12
"G-Formula","Naive",0.445429921938211,0.456532617543423,0.0111026956052123,1.02492579653585,0.0025643000051523,-2.7988505658683e-05,0.00269711437081469,0.00531739138728435,0.0274596758048464,0.458,0.398,-0.06,0.868995633187773,11000047,500,5000,FALSE,FALSE,"parametric_mc20",12
"G-Formula","Proposed",0.447572482361309,0.446927084092032,-0.000645398269276953,0.998558002793487,0.00254554874680812,-1.88056383942127e-06,0.00252870254423784,0.0050780124187248,0.0253127117279094,0.458,0.398,-0.06,0.868995633187773,11000047,500,5000,FALSE,FALSE,"parametric_mc20",12
"IPW","Naive",0.44828654626453,0.472054865482518,0.0237683192179883,1.0530203714924,0.00421836868001022,-0.000301967664301946,0.00523253322518662,0.0100548372338007,0.0524780659727167,0.458,0.398,-0.06,0.868995633187773,11000047,500,5000,FALSE,FALSE,"parametric_mc20",12
"IPW","Proposed",0.447429193766024,0.438821526146097,-0.00860766761992754,0.980761944594012,0.00259937575370213,5.00681647867988e-05,0.00258358485135951,0.00508282427548804,0.0249044760476002,0.458,0.398,-0.06,0.868995633187773,11000047,500,5000,FALSE,FALSE,"parametric_mc20",12
"AIPW","Naive",0.445416569291026,0.456481041683881,0.0110644723928547,1.02484072923121,0.00256441683967282,-2.81646132432515e-05,0.00269810212106686,0.00531884818722618,0.0274664610707163,0.458,0.398,-0.06,0.868995633187773,11000047,500,5000,FALSE,FALSE,"parametric_mc20",12
"AIPW","Proposed",0.447609624889048,0.443983400927846,-0.00362622396120166,0.991898690824397,0.00256338484972262,1.48438410016463e-05,0.00253881446013114,0.00507251162785046,0.025112437879661,0.458,0.398,-0.06,0.868995633187773,11000047,500,5000,FALSE,FALSE,"parametric_mc20",12
"G-Formula","Naive",0.467135536580616,0.411879000003957,-0.0552565365766582,0.881711982391384,0.00021814108331584,-1.78370947416289e-05,0.000374410181420879,0.000628225454219976,0.0026370749358362,0.503,0.389,-0.114,0.773359840954274,11000048,5000,5000,TRUE,TRUE,"parametric_mc20",12
"G-Formula","Proposed",0.516966619152628,0.380608404710958,-0.136358214441671,0.736234005466004,0.000205703482303897,-1.22852228702613e-05,0.000438428640882856,0.000668702568927275,0.00212538195013894,0.503,0.389,-0.114,0.773359840954274,11000048,5000,5000,TRUE,TRUE,"parametric_mc20",12
"IPW","Naive",0.517439996052137,0.455397032980595,-0.0620429630715413,0.880096313495469,0.000431081147595317,-2.46382221301801e-05,0.000622831828661966,0.00110318942051764,0.00373529044585527,0.503,0.389,-0.114,0.773359840954274,11000048,5000,5000,TRUE,TRUE,"parametric_mc20",12
"IPW","Proposed",0.516940829657839,0.382830921808478,-0.134109907849361,0.740570099796281,0.00024155220572858,3.71514868392218e-05,0.000516493368575145,0.000683742600625282,0.00222261544619978,0.503,0.389,-0.114,0.773359840954274,11000048,5000,5000,TRUE,TRUE,"parametric_mc20",12
"AIPW","Naive",0.467129277722085,0.411867506031671,-0.055261771690414,0.881699190511258,0.000218132040756978,-1.78452112791037e-05,0.000374367298933282,0.000628189762248468,0.00263695781764034,0.503,0.389,-0.114,0.773359840954274,11000048,5000,5000,TRUE,TRUE,"parametric_mc20",12
"AIPW","Proposed",0.516865363185902,0.38103483587497,-0.135830527310932,0.737203269970176,0.000218564767292106,1.83893073373337e-05,0.000486909123577747,0.000668695276195185,0.00216574709066921,0.503,0.389,-0.114,0.773359840954274,11000048,5000,5000,TRUE,TRUE,"parametric_mc20",12
"G-Formula","Naive",0.509779391105091,0.46542903062624,-0.0443503604788519,0.913000875961835,0.00024085389585176,-5.55783281388964e-06,0.000360479071790392,0.000612448633269931,0.00219873535326241,0.503,0.389,-0.114,0.773359840954274,11000048,5000,5000,FALSE,TRUE,"parametric_mc20",12
"G-Formula","Proposed",0.510203951254246,0.46475279498135,-0.0454511562728955,0.910915710940376,0.000240818066840125,-3.67237101663046e-06,0.000359636318900413,0.000607799127773799,0.00217492198662525,0.503,0.389,-0.114,0.773359840954274,11000048,5000,5000,FALSE,TRUE,"parametric_mc20",12
"IPW","Naive",0.517439996052137,0.455397032980595,-0.0620429630715413,0.880096313495469,0.000431081147595317,-2.46382221301801e-05,0.000622831828661966,0.00110318942051764,0.00373529044585527,0.503,0.389,-0.114,0.773359840954274,11000048,5000,5000,FALSE,TRUE,"parametric_mc20",12
"IPW","Proposed",0.516940829657839,0.382830921808478,-0.134109907849361,0.740570099796281,0.00024155220572858,3.71514868392218e-05,0.000516493368575145,0.000683742600625282,0.00222261544619978,0.503,0.389,-0.114,0.773359840954274,11000048,5000,5000,FALSE,TRUE,"parametric_mc20",12
"AIPW","Naive",0.519145589455943,0.461452163182352,-0.057693426273591,0.888868503469224,0.000230748773262285,-1.39441235772331e-06,0.000358326046798761,0.000591863644776492,0.00201518415856456,0.503,0.389,-0.114,0.773359840954274,11000048,5000,5000,FALSE,TRUE,"parametric_mc20",12
"AIPW","Proposed",0.516160905595224,0.380820444043401,-0.135340461551823,0.737794048164591,0.000216645134837888,2.70393610451155e-05,0.000527939160501872,0.000690505573249529,0.00227446923809874,0.503,0.389,-0.114,0.773359840954274,11000048,5000,5000,FALSE,TRUE,"parametric_mc20",12
"G-Formula","Naive",0.467135536580616,0.411879000003957,-0.0552565365766582,0.881711982391384,0.00021814108331584,-1.78370947416289e-05,0.000374410181420879,0.000628225454219976,0.0026370749358362,0.503,0.389,-0.114,0.773359840954274,11000048,5000,5000,TRUE,FALSE,"parametric_mc20",12
"G-Formula","Proposed",0.516966619152628,0.380608404710958,-0.136358214441671,0.736234005466004,0.000205703482303897,-1.22852228702613e-05,0.000438428640882856,0.000668702568927275,0.00212538195013894,0.503,0.389,-0.114,0.773359840954274,11000048,5000,5000,TRUE,FALSE,"parametric_mc20",12
"IPW","Naive",0.508038356125148,0.459235633612252,-0.0488027225128962,0.903938901611448,0.000446889365458379,-4.13858961694087e-05,0.000640815028954323,0.00117047618675152,0.00418744287175871,0.503,0.389,-0.114,0.773359840954274,11000048,5000,5000,TRUE,FALSE,"parametric_mc20",12
"IPW","Proposed",0.510887416449777,0.464740485821557,-0.0461469306282198,0.909672994201147,0.000306300376774977,5.98784717804503e-05,0.000420532154159381,0.000607075587373457,0.00216492218551103,0.503,0.389,-0.114,0.773359840954274,11000048,5000,5000,TRUE,FALSE,"parametric_mc20",12
"AIPW","Naive",0.467134160099553,0.411879215278211,-0.0552549448213417,0.881715041328671,0.000218137951632945,-1.78369291222595e-05,0.000374409809070138,0.000628221618947602,0.00263708216757318,0.503,0.389,-0.114,0.773359840954274,11000048,5000,5000,TRUE,FALSE,"parametric_mc20",12
"AIPW","Proposed",0.516870726072615,0.380591329949639,-0.136279396122976,0.736337561311549,0.00021857510647405,1.88524206056666e-05,0.000476862931738913,0.00065773319700163,0.00212464148633898,0.503,0.389,-0.114,0.773359840954274,11000048,5000,5000,TRUE,FALSE,"parametric_mc20",12
"G-Formula","Naive",0.509779391105091,0.46542903062624,-0.0443503604788519,0.913000875961835,0.00024085389585176,-5.55783281388964e-06,0.000360479071790392,0.000612448633269931,0.00219873535326241,0.503,0.389,-0.114,0.773359840954274,11000048,5000,5000,FALSE,FALSE,"parametric_mc20",12
"G-Formula","Proposed",0.510203951254246,0.46475279498135,-0.0454511562728955,0.910915710940376,0.000240818066840125,-3.67237101663046e-06,0.000359636318900413,0.000607799127773799,0.00217492198662525,0.503,0.389,-0.114,0.773359840954274,11000048,5000,5000,FALSE,FALSE,"parametric_mc20",12
"IPW","Naive",0.508038356125148,0.459235633612252,-0.0488027225128962,0.903938901611448,0.000446889365458379,-4.13858961694087e-05,0.000640815028954323,0.00117047618675152,0.00418744287175871,0.503,0.389,-0.114,0.773359840954274,11000048,5000,5000,FALSE,FALSE,"parametric_mc20",12
"IPW","Proposed",0.510887416449777,0.464740485821557,-0.0461469306282198,0.909672994201147,0.000306300376774977,5.98784717804503e-05,0.000420532154159381,0.000607075587373457,0.00216492218551103,0.503,0.389,-0.114,0.773359840954274,11000048,5000,5000,FALSE,FALSE,"parametric_mc20",12
"AIPW","Naive",0.509778064048432,0.465429082806514,-0.0443489812419186,0.913003355048826,0.00024085259407738,-5.55724405414732e-06,0.000360479870537131,0.000612446952722805,0.00219874586341715,0.503,0.389,-0.114,0.773359840954274,11000048,5000,5000,FALSE,FALSE,"parametric_mc20",12
"AIPW","Proposed",0.510134658608555,0.464702363539772,-0.0454322950687835,0.9109405834281,0.000283910379787676,3.60365137822617e-05,0.000395878488249842,0.000607715840472995,0.00217423306529833,0.503,0.389,-0.114,0.773359840954274,11000048,5000,5000,FALSE,FALSE,"parametric_mc20",12
"G-Formula","Naive",0.548627226052385,0.393144618488699,-0.155482607563686,0.716596989393961,0.00216004599158638,-6.4998728888957e-05,0.0033964633316278,0.0056865067809921,0.0152789096533797,0.552,0.366,-0.186,0.66304347826087,11000049,500,500,TRUE,TRUE,"parametric_mc20",13
"G-Formula","Proposed",0.586016711605125,0.383944926466161,-0.202071785138963,0.655177435835439,0.0018814639630956,-5.49566382893493e-05,0.0035638427991624,0.0055552200388367,0.0129390981092771,0.552,0.366,-0.186,0.66304347826087,11000049,500,500,TRUE,TRUE,"parametric_mc20",13
"IPW","Naive",0.570693420887792,0.418099898244354,-0.152593522643438,0.732617343991704,0.00499692977771334,-0.000323027310020514,0.00562542555847498,0.0112684099562294,0.0269603086634258,0.552,0.366,-0.186,0.66304347826087,11000049,500,500,TRUE,TRUE,"parametric_mc20",13
"IPW","Proposed",0.581456815854363,0.389076150670833,-0.19238066518353,0.669140235460383,0.00266218527871399,0.000485109496690819,0.00430426104192912,0.00599622732726147,0.0143364467123791,0.552,0.366,-0.186,0.66304347826087,11000049,500,500,TRUE,TRUE,"parametric_mc20",13
"AIPW","Naive",0.548614637559223,0.393139202986982,-0.155475434572242,0.716603561173743,0.00216006675085531,-6.49958347139087e-05,0.00339631698762784,0.00568637540791096,0.0152792166832861,0.552,0.366,-0.186,0.66304347826087,11000049,500,500,TRUE,TRUE,"parametric_mc20",13
"AIPW","Proposed",0.585765799069113,0.382878301149623,-0.20288749791949,0.653637173351679,0.00212412923171314,0.000285204775376236,0.00390986928180484,0.00546358896276551,0.0129532650846465,0.552,0.366,-0.186,0.66304347826087,11000049,500,500,TRUE,TRUE,"parametric_mc20",13
"G-Formula","Naive",0.575769416735816,0.411780365119258,-0.163989051616559,0.715182767875629,0.00238241541178707,-5.06113578817064e-06,0.00345138430174027,0.00584392198510368,0.0141087469295233,0.552,0.366,-0.186,0.66304347826087,11000049,500,500,FALSE,TRUE,"parametric_mc20",13
"G-Formula","Proposed",0.574955083277795,0.416088495181676,-0.158866588096119,0.723688697227569,0.0023357444054276,-3.71066793343566e-06,0.00342189319777296,0.00576505893906743,0.0140681409329444,0.552,0.366,-0.186,0.66304347826087,11000049,500,500,FALSE,TRUE,"parametric_mc20",13
"IPW","Naive",0.570693420887792,0.418099898244354,-0.152593522643438,0.732617343991704,0.00499692977771334,-0.000323027310020514,0.00562542555847498,0.0112684099562294,0.0269603086634258,0.552,0.366,-0.186,0.66304347826087,11000049,500,500,FALSE,TRUE,"parametric_mc20",13
"IPW","Proposed",0.581456815854363,0.389076150670833,-0.19238066518353,0.669140235460383,0.00266218527871399,0.000485109496690819,0.00430426104192912,0.00599622732726147,0.0143364467123791,0.552,0.366,-0.186,0.66304347826087,11000049,500,500,FALSE,TRUE,"parametric_mc20",13
"AIPW","Naive",0.578875647772219,0.410779138496946,-0.168096509275273,0.709615510823118,0.00230035999909587,2.07943231012167e-05,0.00343768162374515,0.00569645297663858,0.0136274730611376,0.552,0.366,-0.186,0.66304347826087,11000049,500,500,FALSE,TRUE,"parametric_mc20",13
"AIPW","Proposed",0.585563911494756,0.382907180782685,-0.202656730712071,0.653911850211612,0.00220581293826231,0.000312218481495745,0.00412585789552708,0.0057072338707979,0.0135927120047013,0.552,0.366,-0.186,0.66304347826087,11000049,500,500,FALSE,TRUE,"parametric_mc20",13
"G-Formula","Naive",0.548627226052385,0.393144618488699,-0.155482607563686,0.716596989393961,0.00216004599158638,-6.4998728888957e-05,0.0033964633316278,0.0056865067809921,0.0152789096533797,0.552,0.366,-0.186,0.66304347826087,11000049,500,500,TRUE,FALSE,"parametric_mc20",13
"G-Formula","Proposed",0.586016711605125,0.383944926466161,-0.202071785138963,0.655177435835439,0.0018814639630956,-5.49566382893493e-05,0.0035638427991624,0.0055552200388367,0.0129390981092771,0.552,0.366,-0.186,0.66304347826087,11000049,500,500,TRUE,FALSE,"parametric_mc20",13
"IPW","Naive",0.567608869092044,0.419013167241205,-0.14859570185084,0.738207575775665,0.00513399495783356,-0.000407779919670203,0.00568775577913394,0.0116373105763079,0.0282065485404499,0.552,0.366,-0.186,0.66304347826087,11000049,500,500,TRUE,FALSE,"parametric_mc20",13
"IPW","Proposed",0.571122853250927,0.414867646160817,-0.15625520709011,0.726407013481112,0.00331080015579366,0.000611199599212328,0.0038897261953168,0.0059781271526858,0.0145586737424203,0.552,0.366,-0.186,0.66304347826087,11000049,500,500,TRUE,FALSE,"parametric_mc20",13
"AIPW","Naive",0.548582306313498,0.393146180503254,-0.155436125810244,0.716658514098307,0.00215992260044252,-6.49375844586256e-05,0.0033973221443514,0.00568711991371117,0.0152844233766747,0.552,0.366,-0.186,0.66304347826087,11000049,500,500,TRUE,FALSE,"parametric_mc20",13
"AIPW","Proposed",0.58574101165793,0.383445328451477,-0.202295683206454,0.654632885216866,0.0021228951004447,0.000283505235234339,0.00389709290996092,0.00545297753993694,0.0129284761385514,0.552,0.366,-0.186,0.66304347826087,11000049,500,500,TRUE,FALSE,"parametric_mc20",13
"G-Formula","Naive",0.575769416735816,0.411780365119258,-0.163989051616559,0.715182767875629,0.00238241541178707,-5.06113578817064e-06,0.00345138430174027,0.00584392198510368,0.0141087469295233,0.552,0.366,-0.186,0.66304347826087,11000049,500,500,FALSE,FALSE,"parametric_mc20",13
"G-Formula","Proposed",0.574955083277795,0.416088495181676,-0.158866588096119,0.723688697227569,0.0023357444054276,-3.71066793343566e-06,0.00342189319777296,0.00576505893906743,0.0140681409329444,0.552,0.366,-0.186,0.66304347826087,11000049,500,500,FALSE,FALSE,"parametric_mc20",13
"IPW","Naive",0.567608869092044,0.419013167241205,-0.14859570185084,0.738207575775665,0.00513399495783356,-0.000407779919670203,0.00568775577913394,0.0116373105763079,0.0282065485404499,0.552,0.366,-0.186,0.66304347826087,11000049,500,500,FALSE,FALSE,"parametric_mc20",13
"IPW","Proposed",0.571122853250927,0.414867646160817,-0.15625520709011,0.726407013481112,0.00331080015579366,0.000611199599212328,0.0038897261953168,0.0059781271526858,0.0145586737424203,0.552,0.366,-0.186,0.66304347826087,11000049,500,500,FALSE,FALSE,"parametric_mc20",13
"AIPW","Naive",0.575723985703404,0.411773387845369,-0.163950597858036,0.71522708462854,0.00238263719901169,-4.92977562346916e-06,0.00345226031547489,0.00584475706573352,0.0141138489776779,0.552,0.366,-0.186,0.66304347826087,11000049,500,500,FALSE,FALSE,"parametric_mc20",13
"AIPW","Proposed",0.574685077069078,0.415626469697708,-0.15905860737137,0.723224747399782,0.00288083962606978,0.000399156162751282,0.00371424632734172,0.00579677362790893,0.0140606812243687,0.552,0.366,-0.186,0.66304347826087,11000049,500,500,FALSE,FALSE,"parametric_mc20",13
"G-Formula","Naive",0.461801579919499,0.390895183703332,-0.070906396216167,0.846457008162408,0.000229296078301007,-1.53561552890062e-05,0.000338812967322579,0.000598821356201599,0.00248099084661973,0.5098,0.3922,-0.1176,0.769321302471557,11000050,5000,500,TRUE,TRUE,"parametric_mc20",13
"G-Formula","Proposed",0.503795742367175,0.363699761010696,-0.140095981356479,0.721919084313391,0.000342944083106382,-0.000115740827917195,0.000447392875127753,0.00102181861406853,0.00312530880014992,0.5098,0.3922,-0.1176,0.769321302471557,11000050,5000,500,TRUE,TRUE,"parametric_mc20",13
"IPW","Naive",0.499171656228857,0.432563435378075,-0.0666082208507822,0.866562494044646,0.000423173622829274,-2.1831103759795e-05,0.000559280210679889,0.00102611604102875,0.00367171668126652,0.5098,0.3922,-0.1176,0.769321302471557,11000050,5000,500,TRUE,TRUE,"parametric_mc20",13
"IPW","Proposed",0.504611729220794,0.360140819559531,-0.144470909661263,0.713698867276924,0.00074559055094084,0.000373862806646667,0.000974036729946456,0.000971901667593962,0.00322096643647744,0.5098,0.3922,-0.1176,0.769321302471557,11000050,5000,500,TRUE,TRUE,"parametric_mc20",13
"AIPW","Naive",0.461790464211212,0.390901516942788,-0.0708889472684247,0.84649109766805,0.000229289905028159,-1.53538179908998e-05,0.0003388361333632,0.000598833674373158,0.00248124658555248,0.5098,0.3922,-0.1176,0.769321302471557,11000050,5000,500,TRUE,TRUE,"parametric_mc20",13
"AIPW","Proposed",0.50442720284735,0.361809275487074,-0.142617927360277,0.717267572892107,0.000696687653210277,0.000341730275649064,0.000929363672267757,0.000942590774179906,0.00313451141734762,0.5098,0.3922,-0.1176,0.769321302471557,11000050,5000,500,TRUE,TRUE,"parametric_mc20",13
"G-Formula","Naive",0.494634715717201,0.439208312478754,-0.0554264032384464,0.887944777272496,0.000245208356845952,-4.25862665310509e-06,0.000356600503466808,0.000610326113618969,0.00227862709336248,0.5098,0.3922,-0.1176,0.769321302471557,11000050,5000,500,FALSE,TRUE,"parametric_mc20",13
"G-Formula","Proposed",0.497035555818471,0.438816287861217,-0.0582192679572536,0.882866995578649,0.000277346754389836,-3.25536591080179e-05,0.000373827439377751,0.000716281511983623,0.00262093681503442,0.5098,0.3922,-0.1176,0.769321302471557,11000050,5000,500,FALSE,TRUE,"parametric_mc20",13
"IPW","Naive",0.499171656228857,0.432563435378075,-0.0666082208507822,0.866562494044646,0.000423173622829274,-2.1831103759795e-05,0.000559280210679889,0.00102611604102875,0.00367171668126652,0.5098,0.3922,-0.1176,0.769321302471557,11000050,5000,500,FALSE,TRUE,"parametric_mc20",13
"IPW","Proposed",0.504611729220794,0.360140819559531,-0.144470909661263,0.713698867276924,0.00074559055094084,0.000373862806646667,0.000974036729946456,0.000971901667593962,0.00322096643647744,0.5098,0.3922,-0.1176,0.769321302471557,11000050,5000,500,FALSE,TRUE,"parametric_mc20",13
"AIPW","Naive",0.50557203603937,0.433596321398715,-0.0719757146406553,0.857635095476186,0.000238127929781403,4.52290835618965e-08,0.000353616855837702,0.000591654327451982,0.0020684077798092,0.5098,0.3922,-0.1176,0.769321302471557,11000050,5000,500,FALSE,TRUE,"parametric_mc20",13
"AIPW","Proposed",0.504866825976355,0.357887469397517,-0.146979356578838,0.708874996303041,0.000686949195335056,0.000418650362674509,0.00115431125137786,0.0010039597213639,0.00355432710944312,0.5098,0.3922,-0.1176,0.769321302471557,11000050,5000,500,FALSE,TRUE,"parametric_mc20",13
"G-Formula","Naive",0.461801579919499,0.390895183703332,-0.070906396216167,0.846457008162408,0.000229296078301007,-1.53561552890062e-05,0.000338812967322579,0.000598821356201599,0.00248099084661973,0.5098,0.3922,-0.1176,0.769321302471557,11000050,5000,500,TRUE,FALSE,"parametric_mc20",13
"G-Formula","Proposed",0.503795742367175,0.363699761010696,-0.140095981356479,0.721919084313391,0.000342944083106382,-0.000115740827917195,0.000447392875127753,0.00102181861406853,0.00312530880014992,0.5098,0.3922,-0.1176,0.769321302471557,11000050,5000,500,TRUE,FALSE,"parametric_mc20",13
"IPW","Naive",0.487876136807203,0.437830617173232,-0.0500455196339705,0.897421669439538,0.000430847811614294,-3.45248702784642e-05,0.000576452117366278,0.0010763496695375,0.00413997119152081,0.5098,0.3922,-0.1176,0.769321302471557,11000050,5000,500,TRUE,FALSE,"parametric_mc20",13
"IPW","Proposed",0.497655176245624,0.437563708119574,-0.0600914681260494,0.879250792527896,0.000923425711935667,0.000549892920003881,0.000898545587571229,0.000722185459499133,0.00260615365493465,0.5098,0.3922,-0.1176,0.769321302471557,11000050,5000,500,TRUE,FALSE,"parametric_mc20",13
"AIPW","Naive",0.46180238812095,0.390894644512818,-0.0709077436081312,0.846454359197554,0.000229296133801471,-1.53565094290699e-05,0.000338812609796572,0.000598821762456183,0.00248097828075193,0.5098,0.3922,-0.1176,0.769321302471557,11000050,5000,500,TRUE,FALSE,"parametric_mc20",13
"AIPW","Proposed",0.504484555348426,0.362927008874929,-0.141557546473497,0.719401624940274,0.00069654495231862,0.000339586752556892,0.000923725362220295,0.000941096809425131,0.00312613445324503,0.5098,0.3922,-0.1176,0.769321302471557,11000050,5000,500,TRUE,FALSE,"parametric_mc20",13
"G-Formula","Naive",0.494634715717201,0.439208312478754,-0.0554264032384464,0.887944777272496,0.000245208356845952,-4.25862665310509e-06,0.000356600503466808,0.000610326113618969,0.00227862709336248,0.5098,0.3922,-0.1176,0.769321302471557,11000050,5000,500,FALSE,FALSE,"parametric_mc20",13
"G-Formula","Proposed",0.497035555818471,0.438816287861217,-0.0582192679572536,0.882866995578649,0.000277346754389836,-3.25536591080179e-05,0.000373827439377751,0.000716281511983623,0.00262093681503442,0.5098,0.3922,-0.1176,0.769321302471557,11000050,5000,500,FALSE,FALSE,"parametric_mc20",13
"IPW","Naive",0.487876136807203,0.437830617173232,-0.0500455196339705,0.897421669439538,0.000430847811614294,-3.45248702784642e-05,0.000576452117366278,0.0010763496695375,0.00413997119152081,0.5098,0.3922,-0.1176,0.769321302471557,11000050,5000,500,FALSE,FALSE,"parametric_mc20",13
"IPW","Proposed",0.497655176245624,0.437563708119574,-0.0600914681260494,0.879250792527896,0.000923425711935667,0.000549892920003881,0.000898545587571229,0.000722185459499133,0.00260615365493465,0.5098,0.3922,-0.1176,0.769321302471557,11000050,5000,500,FALSE,FALSE,"parametric_mc20",13
"AIPW","Naive",0.494635396262946,0.439207701060399,-0.0554276952025463,0.887942319491666,0.000245208664399315,-4.25880010556842e-06,0.000356600472045967,0.000610326736656419,0.00227861848492186,0.5098,0.3922,-0.1176,0.769321302471557,11000050,5000,500,FALSE,FALSE,"parametric_mc20",13
"AIPW","Proposed",0.497881970237201,0.43806188846175,-0.0598200817754502,0.879850877614727,0.00088004624533681,0.000511232019367412,0.000864782638084635,0.000722364844686621,0.00260782143981407,0.5098,0.3922,-0.1176,0.769321302471557,11000050,5000,500,FALSE,FALSE,"parametric_mc20",13
"G-Formula","Naive",0.491222513683092,0.531957334317969,0.0407348206348774,1.08292539429729,0.00218648394849478,-3.10165055940525e-05,0.00611360200466574,0.00836211896434863,0.0362409647956761,0.484,0.408,-0.076,0.84297520661157,11000051,500,5000,TRUE,TRUE,"parametric_mc20",13
"G-Formula","Proposed",0.550629374624478,0.525039888316423,-0.0255894863080549,0.953526841306811,0.00186124408448884,-3.8876425362758e-06,0.00711046832583236,0.00897948769539375,0.0290579231027601,0.484,0.408,-0.076,0.84297520661157,11000051,500,5000,TRUE,TRUE,"parametric_mc20",13
"IPW","Naive",0.553874602369971,0.561324842004684,0.00745023963471303,1.0134511306401,0.00454083078737994,-0.000382725052260692,0.0075204859507082,0.0128267668426095,0.042245800823385,0.484,0.408,-0.076,0.84297520661157,11000051,500,5000,TRUE,TRUE,"parametric_mc20",13
"IPW","Proposed",0.537622734783546,0.545244131350444,0.00762139656689786,1.0141761054245,0.00235726470454338,6.07389638442447e-05,0.00589564168401544,0.00813142846087033,0.0283596203646563,0.484,0.408,-0.076,0.84297520661157,11000051,500,5000,TRUE,TRUE,"parametric_mc20",13
"AIPW","Naive",0.49170713119697,0.532855978339715,0.0411488471427445,1.08368568306621,0.00217677278124546,-3.23554470209575e-05,0.00611681728365754,0.00835830095894491,0.0361627864624443,0.484,0.408,-0.076,0.84297520661157,11000051,500,5000,TRUE,TRUE,"parametric_mc20",13
"AIPW","Proposed",0.546398343198843,0.530306000590032,-0.0160923426088113,0.970548331983219,0.00200338584783358,6.55986714858822e-06,0.00726825375975499,0.00925851987329139,0.0306233552165677,0.484,0.408,-0.076,0.84297520661157,11000051,500,5000,TRUE,TRUE,"parametric_mc20",13
"G-Formula","Naive",0.523251963016828,0.546090335736651,0.0228383727198233,1.04364698908753,0.00253671939437339,-2.16408397605323e-06,0.00489835129295358,0.00743939885527907,0.0279987853053676,0.484,0.408,-0.076,0.84297520661157,11000051,500,5000,FALSE,TRUE,"parametric_mc20",13
"G-Formula","Proposed",0.532358169265,0.544908463019229,0.0125502937542287,1.02357490591636,0.00250667740848912,-1.56688031529863e-06,0.00471194077867101,0.00722175194779072,0.0259042805765163,0.484,0.408,-0.076,0.84297520661157,11000051,500,5000,FALSE,TRUE,"parametric_mc20",13
"IPW","Naive",0.553874602369971,0.561324842004684,0.00745023963471303,1.0134511306401,0.00454083078737994,-0.000382725052260692,0.0075204859507082,0.0128267668426095,0.042245800823385,0.484,0.408,-0.076,0.84297520661157,11000051,500,5000,FALSE,TRUE,"parametric_mc20",13
"IPW","Proposed",0.537622734783546,0.545244131350444,0.00762139656689786,1.0141761054245,0.00235726470454338,6.07389638442447e-05,0.00589564168401544,0.00813142846087033,0.0283596203646563,0.484,0.408,-0.076,0.84297520661157,11000051,500,5000,FALSE,TRUE,"parametric_mc20",13
"AIPW","Naive",0.549983530985098,0.545192192096618,-0.00479133888847982,0.991288213885427,0.00237327038563891,-2.270303805555e-07,0.00491882280247728,0.0072925472488773,0.0239729152063162,0.484,0.408,-0.076,0.84297520661157,11000051,500,5000,FALSE,TRUE,"parametric_mc20",13
"AIPW","Proposed",0.548079419788498,0.534965093475421,-0.0131143263130774,0.976072215376855,0.002000620504395,5.7338522287951e-06,0.00627263490764528,0.00826178770758269,0.0271894475335384,0.484,0.408,-0.076,0.84297520661157,11000051,500,5000,FALSE,TRUE,"parametric_mc20",13
"G-Formula","Naive",0.491222513683092,0.531957334317969,0.0407348206348774,1.08292539429729,0.00218648394849478,-3.10165055940525e-05,0.00611360200466574,0.00836211896434863,0.0362409647956761,0.484,0.408,-0.076,0.84297520661157,11000051,500,5000,TRUE,FALSE,"parametric_mc20",13
"G-Formula","Proposed",0.550629374624478,0.525039888316423,-0.0255894863080549,0.953526841306811,0.00186124408448884,-3.8876425362758e-06,0.00711046832583236,0.00897948769539375,0.0290579231027601,0.484,0.408,-0.076,0.84297520661157,11000051,500,5000,TRUE,FALSE,"parametric_mc20",13
"IPW","Naive",0.526832931715871,0.562578220219187,0.0357452885033153,1.06784938137199,0.00464254857825153,-0.000475935350962421,0.00750508514365819,0.0130995044238346,0.04977590442399,0.484,0.408,-0.076,0.84297520661157,11000051,500,5000,TRUE,FALSE,"parametric_mc20",13
"IPW","Proposed",0.517188761065161,0.551681993556293,0.0344932324911317,1.06669370080682,0.00286374846809415,7.5878935784674e-05,0.00449886597359258,0.00721085657011738,0.0283959236653001,0.484,0.408,-0.076,0.84297520661157,11000051,500,5000,TRUE,FALSE,"parametric_mc20",13
"AIPW","Naive",0.49121371247377,0.533157919412785,0.0419442069390151,1.08538891703121,0.00217087582759592,-3.29794547868873e-05,0.00611102254875064,0.00834785728592033,0.0362220661580242,0.484,0.408,-0.076,0.84297520661157,11000051,500,5000,TRUE,FALSE,"parametric_mc20",13
"AIPW","Proposed",0.548095275847644,0.527024347226068,-0.0210709286215758,0.96155608422461,0.00196787176927643,5.88246466866969e-06,0.007175255774874,0.00913136261481309,0.0299040138636934,0.484,0.408,-0.076,0.84297520661157,11000051,500,5000,TRUE,FALSE,"parametric_mc20",13
"G-Formula","Naive",0.523251963016828,0.546090335736651,0.0228383727198233,1.04364698908753,0.00253671939437339,-2.16408397605323e-06,0.00489835129295358,0.00743939885527907,0.0279987853053676,0.484,0.408,-0.076,0.84297520661157,11000051,500,5000,FALSE,FALSE,"parametric_mc20",13
"G-Formula","Proposed",0.532358169265,0.544908463019229,0.0125502937542287,1.02357490591636,0.00250667740848912,-1.56688031529863e-06,0.00471194077867101,0.00722175194779072,0.0259042805765163,0.484,0.408,-0.076,0.84297520661157,11000051,500,5000,FALSE,FALSE,"parametric_mc20",13
"IPW","Naive",0.526832931715871,0.562578220219187,0.0357452885033153,1.06784938137199,0.00464254857825153,-0.000475935350962421,0.00750508514365819,0.0130995044238346,0.04977590442399,0.484,0.408,-0.076,0.84297520661157,11000051,500,5000,FALSE,FALSE,"parametric_mc20",13
"IPW","Proposed",0.517188761065161,0.551681993556293,0.0344932324911317,1.06669370080682,0.00286374846809415,7.5878935784674e-05,0.00449886597359258,0.00721085657011738,0.0283959236653001,0.484,0.408,-0.076,0.84297520661157,11000051,500,5000,FALSE,FALSE,"parametric_mc20",13
"AIPW","Naive",0.522998199846369,0.547314722031481,0.0243165221851117,1.04649446631414,0.00253664701986425,-4.14988198319519e-06,0.0048946748451101,0.00743962162894073,0.0280826678669987,0.484,0.408,-0.076,0.84297520661157,11000051,500,5000,FALSE,FALSE,"parametric_mc20",13
"AIPW","Proposed",0.527097201549205,0.547220302153988,0.0201231006047835,1.03817721009643,0.00258233345001341,2.43730070099918e-05,0.00476663561175222,0.00730022304774565,0.0269922577768475,0.484,0.408,-0.076,0.84297520661157,11000051,500,5000,FALSE,FALSE,"parametric_mc20",13
"G-Formula","Naive",0.442009201699211,0.394575963109335,-0.0474332385898752,0.892687214638229,0.000217810499859463,-1.63972409013995e-05,0.000390109355572669,0.000640714337234932,0.00303500641055093,0.4992,0.3794,-0.1198,0.760016025641026,11000052,5000,5000,TRUE,TRUE,"parametric_mc20",13
"G-Formula","Proposed",0.495034034271608,0.364494850955538,-0.13053918331607,0.736302608954665,0.000212433842658811,-1.00801582355033e-05,0.000409183340321398,0.000641777499451216,0.0022002754998848,0.4992,0.3794,-0.1198,0.760016025641026,11000052,5000,5000,TRUE,TRUE,"parametric_mc20",13
"IPW","Naive",0.480216333921337,0.435974271208054,-0.0442420627132834,0.907870558354372,0.000398189947554423,-2.12783638250493e-05,0.000578970325668524,0.00101971700087304,0.00410136303424155,0.4992,0.3794,-0.1198,0.760016025641026,11000052,5000,5000,TRUE,TRUE,"parametric_mc20",13
"IPW","Proposed",0.497106345996642,0.355908483671645,-0.141197862324997,0.715960450993818,0.000247402845056442,3.3279976365681e-05,0.000432685672779119,0.0006135285651042,0.0020713048678922,0.4992,0.3794,-0.1198,0.760016025641026,11000052,5000,5000,TRUE,TRUE,"parametric_mc20",13
"AIPW","Naive",0.44201017955297,0.394583072427966,-0.047427107125004,0.892701323817995,0.0002178186811389,-1.64003497533378e-05,0.000390119199999319,0.000640738580644895,0.00303513560246976,0.4992,0.3794,-0.1198,0.760016025641026,11000052,5000,5000,TRUE,TRUE,"parametric_mc20",13
"AIPW","Proposed",0.495805827238017,0.35921181489217,-0.136594012345847,0.724500994458313,0.000223498822314272,1.64715575220136e-05,0.000441358017482463,0.000631913724752708,0.00217556818338694,0.4992,0.3794,-0.1198,0.760016025641026,11000052,5000,5000,TRUE,TRUE,"parametric_mc20",13
"G-Formula","Naive",0.482537702758806,0.433491670735904,-0.0490460320229014,0.898358135037964,0.000244956675370952,-4.89198148429234e-06,0.000413666777673893,0.00066840741601343,0.00266337784093955,0.4992,0.3794,-0.1198,0.760016025641026,11000052,5000,5000,FALSE,TRUE,"parametric_mc20",13
"G-Formula","Proposed",0.489894310233337,0.428816688937304,-0.0610776212960331,0.875324901677381,0.000250520556678633,-3.19339246765808e-06,0.000384168961670034,0.000641076303283983,0.002423814092057,0.4992,0.3794,-0.1198,0.760016025641026,11000052,5000,5000,FALSE,TRUE,"parametric_mc20",13
"IPW","Naive",0.480216333921337,0.435974271208054,-0.0442420627132834,0.907870558354372,0.000398189947554423,-2.12783638250493e-05,0.000578970325668524,0.00101971700087304,0.00410136303424155,0.4992,0.3794,-0.1198,0.760016025641026,11000052,5000,5000,FALSE,TRUE,"parametric_mc20",13
"IPW","Proposed",0.497106345996642,0.355908483671645,-0.141197862324997,0.715960450993818,0.000247402845056442,3.3279976365681e-05,0.000432685672779119,0.0006135285651042,0.0020713048678922,0.4992,0.3794,-0.1198,0.760016025641026,11000052,5000,5000,FALSE,TRUE,"parametric_mc20",13
"AIPW","Naive",0.491004432212548,0.430212342085596,-0.0607920901269524,0.876188306787755,0.000234272675898082,1.57184758320234e-07,0.000410590789063554,0.000644549095444996,0.00244796236324409,0.4992,0.3794,-0.1198,0.760016025641026,11000052,5000,5000,FALSE,TRUE,"parametric_mc20",13
"AIPW","Proposed",0.497333777542471,0.358008052691363,-0.139325724851108,0.719854690868629,0.000218959954615308,2.29740462858944e-05,0.000473379864873172,0.000646391726916691,0.00223888153715543,0.4992,0.3794,-0.1198,0.760016025641026,11000052,5000,5000,FALSE,TRUE,"parametric_mc20",13
"G-Formula","Naive",0.442009201699211,0.394575963109335,-0.0474332385898752,0.892687214638229,0.000217810499859463,-1.63972409013995e-05,0.000390109355572669,0.000640714337234932,0.00303500641055093,0.4992,0.3794,-0.1198,0.760016025641026,11000052,5000,5000,TRUE,FALSE,"parametric_mc20",13
"G-Formula","Proposed",0.495034034271608,0.364494850955538,-0.13053918331607,0.736302608954665,0.000212433842658811,-1.00801582355033e-05,0.000409183340321398,0.000641777499451216,0.0022002754998848,0.4992,0.3794,-0.1198,0.760016025641026,11000052,5000,5000,TRUE,FALSE,"parametric_mc20",13
"IPW","Naive",0.471443321161442,0.439105655415057,-0.0323376657463849,0.931407097534613,0.000411297133389721,-3.40739175158599e-05,0.000592138928904293,0.00107158389732573,0.00455514218332447,0.4992,0.3794,-0.1198,0.760016025641026,11000052,5000,5000,TRUE,FALSE,"parametric_mc20",13
"IPW","Proposed",0.48974291353798,0.428050965069284,-0.0616919484686957,0.874031973177471,0.000317061767746902,5.34415380062207e-05,0.000403367700860927,0.000613546392595387,0.00230213214690599,0.4992,0.3794,-0.1198,0.760016025641026,11000052,5000,5000,TRUE,FALSE,"parametric_mc20",13
"AIPW","Naive",0.442008995888902,0.394575986010938,-0.047433009877964,0.892687682107976,0.000217810122905205,-1.63970775694969e-05,0.000390109437103785,0.000640713715147984,0.00303500763302432,0.4992,0.3794,-0.1198,0.760016025641026,11000052,5000,5000,TRUE,FALSE,"parametric_mc20",13
"AIPW","Proposed",0.495676176867815,0.364178438973302,-0.131497737894512,0.734710393536666,0.000223566497558063,1.65604105158688e-05,0.000442574243898575,0.0006330199204249,0.0021934567872626,0.4992,0.3794,-0.1198,0.760016025641026,11000052,5000,5000,TRUE,FALSE,"parametric_mc20",13
"G-Formula","Naive",0.482537702758806,0.433491670735904,-0.0490460320229014,0.898358135037964,0.000244956675370952,-4.89198148429234e-06,0.000413666777673893,0.00066840741601343,0.00266337784093955,0.4992,0.3794,-0.1198,0.760016025641026,11000052,5000,5000,FALSE,FALSE,"parametric_mc20",13
"G-Formula","Proposed",0.489894310233337,0.428816688937304,-0.0610776212960331,0.875324901677381,0.000250520556678633,-3.19339246765808e-06,0.000384168961670034,0.000641076303283983,0.002423814092057,0.4992,0.3794,-0.1198,0.760016025641026,11000052,5000,5000,FALSE,FALSE,"parametric_mc20",13
"IPW","Naive",0.471443321161442,0.439105655415057,-0.0323376657463849,0.931407097534613,0.000411297133389721,-3.40739175158599e-05,0.000592138928904293,0.00107158389732573,0.00455514218332447,0.4992,0.3794,-0.1198,0.760016025641026,11000052,5000,5000,FALSE,FALSE,"parametric_mc20",13
"IPW","Proposed",0.48974291353798,0.428050965069284,-0.0616919484686957,0.874031973177471,0.000317061767746902,5.34415380062207e-05,0.000403367700860927,0.000613546392595387,0.00230213214690599,0.4992,0.3794,-0.1198,0.760016025641026,11000052,5000,5000,FALSE,FALSE,"parametric_mc20",13
"AIPW","Naive",0.482537780955999,0.433491622715554,-0.0490461582404445,0.898357889939157,0.000244956649355421,-4.89185950986538e-06,0.000413667054271974,0.000668407422647126,0.00266337666067338,0.4992,0.3794,-0.1198,0.760016025641026,11000052,5000,5000,FALSE,FALSE,"parametric_mc20",13
"AIPW","Proposed",0.490158668641872,0.428343916114429,-0.0618147525274432,0.873888280505741,0.000291441065728887,3.16527076464308e-05,0.000413798798786514,0.00064193444922254,0.00241844542048657,0.4992,0.3794,-0.1198,0.760016025641026,11000052,5000,5000,FALSE,FALSE,"parametric_mc20",13
"G-Formula","Naive",0.455420390448847,0.438084167531074,-0.0173362229177732,0.961933582067577,0.00245883037572599,-3.05471330971875e-05,0.00409412888145116,0.00661405352337153,0.0309925433563628,0.48,0.402,-0.078,0.8375,11000053,500,500,TRUE,TRUE,"parametric_mc20",14
"G-Formula","Proposed",0.490370669299688,0.455291099027818,-0.0350795702718705,0.928463155592139,0.00216480684015357,-1.83161911832478e-05,0.00622853701412694,0.00842997623664701,0.03380434378005,0.48,0.402,-0.078,0.8375,11000053,500,500,TRUE,TRUE,"parametric_mc20",14
"IPW","Naive",0.493902229965237,0.419112034039432,-0.0747901959258045,0.848572872547936,0.00413994091438255,-0.000236635724615154,0.00515923188159431,0.00977244424520716,0.0350165184900825,0.48,0.402,-0.078,0.8375,11000053,500,500,TRUE,TRUE,"parametric_mc20",14
"IPW","Proposed",0.4910708313066,0.464446502030306,-0.0266243292762944,0.945783118077988,0.00254553373969985,0.000429696877999985,0.00959348334084933,0.0112796233245492,0.0458538335070631,0.48,0.402,-0.078,0.8375,11000053,500,500,TRUE,TRUE,"parametric_mc20",14
"AIPW","Naive",0.455755260425463,0.437158560940081,-0.0185966994853825,0.959195864315374,0.00245310466497767,-3.00479494695874e-05,0.00408736112499387,0.00660056168891072,0.0308213961355671,0.48,0.402,-0.078,0.8375,11000053,500,500,TRUE,TRUE,"parametric_mc20",14
"AIPW","Proposed",0.490555643784567,0.473817819201326,-0.0167378245832412,0.965879865423398,0.00232983356197109,0.000211432840367459,0.00701867890674421,0.00892564678798038,0.036501089819191,0.48,0.402,-0.078,0.8375,11000053,500,500,TRUE,TRUE,"parametric_mc20",14
"G-Formula","Naive",0.50031410945953,0.435080741116252,-0.0652333683432778,0.869615173528192,0.00237117231721364,-3.72296111863091e-05,0.00331302845526656,0.00575865999485282,0.020657765730769,0.48,0.402,-0.078,0.8375,11000053,500,500,FALSE,TRUE,"parametric_mc20",14
"G-Formula","Proposed",0.479661581818647,0.450156813233021,-0.0295047685856261,0.938488364080029,0.00228932162691147,-3.19183845413917e-05,0.00378578618975071,0.00613894458574496,0.0254787967834341,0.48,0.402,-0.078,0.8375,11000053,500,500,FALSE,TRUE,"parametric_mc20",14
"IPW","Naive",0.493902229965237,0.419112034039432,-0.0747901959258045,0.848572872547936,0.00413994091438255,-0.000236635724615154,0.00515923188159431,0.00977244424520716,0.0350165184900825,0.48,0.402,-0.078,0.8375,11000053,500,500,FALSE,TRUE,"parametric_mc20",14
"IPW","Proposed",0.4910708313066,0.464446502030306,-0.0266243292762944,0.945783118077988,0.00254553373969985,0.000429696877999985,0.00959348334084933,0.0112796233245492,0.0458538335070631,0.48,0.402,-0.078,0.8375,11000053,500,500,FALSE,TRUE,"parametric_mc20",14
"AIPW","Naive",0.508774598855133,0.434349490958302,-0.0744251078968313,0.853716934641969,0.00229773071464525,-3.36341216249963e-05,0.00330983525448365,0.0056748342123789,0.0194780503629948,0.48,0.402,-0.078,0.8375,11000053,500,500,FALSE,TRUE,"parametric_mc20",14
"AIPW","Proposed",0.490813304642361,0.474015240514957,-0.0167980641274034,0.965775043242474,0.00225147190565321,0.000186717556559699,0.00726521223119012,0.00914324902372394,0.0373791614570694,0.48,0.402,-0.078,0.8375,11000053,500,500,FALSE,TRUE,"parametric_mc20",14
"G-Formula","Naive",0.455420390448847,0.438084167531074,-0.0173362229177732,0.961933582067577,0.00245883037572599,-3.05471330971875e-05,0.00409412888145116,0.00661405352337153,0.0309925433563628,0.48,0.402,-0.078,0.8375,11000053,500,500,TRUE,FALSE,"parametric_mc20",14
"G-Formula","Proposed",0.490370669299688,0.455291099027818,-0.0350795702718705,0.928463155592139,0.00216480684015357,-1.83161911832478e-05,0.00622853701412694,0.00842997623664701,0.03380434378005,0.48,0.402,-0.078,0.8375,11000053,500,500,TRUE,FALSE,"parametric_mc20",14
"IPW","Naive",0.484508444884557,0.419433739719716,-0.0650747051648418,0.865689224095264,0.00427683297672882,-0.000339473629182715,0.00519317735393641,0.0101489575890307,0.038279572129199,0.48,0.402,-0.078,0.8375,11000053,500,500,TRUE,FALSE,"parametric_mc20",14
"IPW","Proposed",0.479395417664158,0.442473553832591,-0.0369218638315668,0.922982443154197,0.00293656190109238,0.000549674145890841,0.00405459329363522,0.00589180690294592,0.0241126185740174,0.48,0.402,-0.078,0.8375,11000053,500,500,TRUE,FALSE,"parametric_mc20",14
"AIPW","Naive",0.455551749960092,0.437546719534114,-0.0180050304259785,0.960476432309708,0.00245501147422904,-2.98907170391927e-05,0.00409226822592323,0.00660706113423065,0.0309090357912149,0.48,0.402,-0.078,0.8375,11000053,500,500,TRUE,FALSE,"parametric_mc20",14
"AIPW","Proposed",0.49034751117268,0.449700993716996,-0.040646517455684,0.917106712016389,0.00233240480903275,0.000252223191775049,0.00657710498443887,0.00840506340992153,0.0335892570727903,0.48,0.402,-0.078,0.8375,11000053,500,500,TRUE,FALSE,"parametric_mc20",14
"G-Formula","Naive",0.50031410945953,0.435080741116252,-0.0652333683432778,0.869615173528192,0.00237117231721364,-3.72296111863091e-05,0.00331302845526656,0.00575865999485282,0.020657765730769,0.48,0.402,-0.078,0.8375,11000053,500,500,FALSE,FALSE,"parametric_mc20",14
"G-Formula","Proposed",0.479661581818647,0.450156813233021,-0.0295047685856261,0.938488364080029,0.00228932162691147,-3.19183845413917e-05,0.00378578618975071,0.00613894458574496,0.0254787967834341,0.48,0.402,-0.078,0.8375,11000053,500,500,FALSE,FALSE,"parametric_mc20",14
"IPW","Naive",0.484508444884557,0.419433739719716,-0.0650747051648418,0.865689224095264,0.00427683297672882,-0.000339473629182715,0.00519317735393641,0.0101489575890307,0.038279572129199,0.48,0.402,-0.078,0.8375,11000053,500,500,FALSE,FALSE,"parametric_mc20",14
"IPW","Proposed",0.479395417664158,0.442473553832591,-0.0369218638315668,0.922982443154197,0.00293656190109238,0.000549674145890841,0.00405459329363522,0.00589180690294592,0.0241126185740174,0.48,0.402,-0.078,0.8375,11000053,500,500,FALSE,FALSE,"parametric_mc20",14
"AIPW","Naive",0.500401038587145,0.434543626163841,-0.0658574124233036,0.86839073594002,0.00237024888567118,-3.86917239934217e-05,0.00331532644942229,0.00576295878308032,0.0206466106016819,0.48,0.402,-0.078,0.8375,11000053,500,500,FALSE,FALSE,"parametric_mc20",14
"AIPW","Proposed",0.479615902164688,0.444601830381869,-0.0350140717828188,0.926995598718084,0.0026663576520572,0.000339662430888887,0.00409142742689743,0.00607846021717686,0.0250094231787065,0.48,0.402,-0.078,0.8375,11000053,500,500,FALSE,FALSE,"parametric_mc20",14
"G-Formula","Naive",0.463859108414872,0.406739666916064,-0.0571194414988078,0.876860364574925,0.000237899774703489,-1.00072421868133e-05,0.000386625890754338,0.000644540149831454,0.00272856835131661,0.5044,0.3988,-0.1056,0.790642347343378,11000054,5000,500,TRUE,TRUE,"parametric_mc20",14
"G-Formula","Proposed",0.51198226107304,0.388597814188224,-0.123384446884815,0.759006402631568,0.000395815436574271,-7.53603400633868e-05,0.000488651628027429,0.00103518774472847,0.00317051994024736,0.5044,0.3988,-0.1056,0.790642347343378,11000054,5000,500,TRUE,TRUE,"parametric_mc20",14
"IPW","Naive",0.511657000848392,0.437964589630605,-0.0736924112177867,0.85597302275627,0.000414272444362493,-2.1259870418608e-05,0.000549096024673368,0.00100588820987308,0.00339590960050878,0.5044,0.3988,-0.1056,0.790642347343378,11000054,5000,500,TRUE,TRUE,"parametric_mc20",14
"IPW","Proposed",0.512831668020934,0.385575478437003,-0.127256189583931,0.751855828102377,0.000787110332369782,0.000399353974284889,0.000957044645877862,0.000945447029677868,0.00304747536272157,0.5044,0.3988,-0.1056,0.790642347343378,11000054,5000,500,TRUE,TRUE,"parametric_mc20",14
"AIPW","Naive",0.463862619141167,0.406741585267384,-0.057121033873783,0.876857863693476,0.00023790450572058,-1.0002353059394e-05,0.000386601218753953,0.00064451043059332,0.00272838436118505,0.5044,0.3988,-0.1056,0.790642347343378,11000054,5000,500,TRUE,TRUE,"parametric_mc20",14
"AIPW","Proposed",0.511753805613583,0.386817580802096,-0.124936224811487,0.755866544731033,0.000756393503777691,0.000375667288461026,0.00094376494216075,0.00094882386901639,0.00308527906605618,0.5044,0.3988,-0.1056,0.790642347343378,11000054,5000,500,TRUE,TRUE,"parametric_mc20",14
"G-Formula","Naive",0.498746527933725,0.433739559917076,-0.0650069680166485,0.869659307131484,0.000262143016673482,-4.27070155983764e-06,0.000351342171552807,0.000622026591345965,0.00223933756330457,0.5044,0.3988,-0.1056,0.790642347343378,11000054,5000,500,FALSE,TRUE,"parametric_mc20",14
"G-Formula","Proposed",0.502724102960302,0.431460740951501,-0.0712633620088005,0.858245583235089,0.000318802912629431,-3.14974825627213e-05,0.000362433109340777,0.00074423098709565,0.00257713737956482,0.5044,0.3988,-0.1056,0.790642347343378,11000054,5000,500,FALSE,TRUE,"parametric_mc20",14
"IPW","Naive",0.511657000848392,0.437964589630605,-0.0736924112177867,0.85597302275627,0.000414272444362493,-2.1259870418608e-05,0.000549096024673368,0.00100588820987308,0.00339590960050878,0.5044,0.3988,-0.1056,0.790642347343378,11000054,5000,500,FALSE,TRUE,"parametric_mc20",14
"IPW","Proposed",0.512831668020934,0.385575478437003,-0.127256189583931,0.751855828102377,0.000787110332369782,0.000399353974284889,0.000957044645877862,0.000945447029677868,0.00304747536272157,0.5044,0.3988,-0.1056,0.790642347343378,11000054,5000,500,FALSE,TRUE,"parametric_mc20",14
"AIPW","Naive",0.509933364829174,0.430926848526252,-0.0790065163029218,0.845065018780662,0.000254690468814986,-1.78647366930927e-06,0.000350943496111098,0.000609206912264703,0.00206069307805813,0.5044,0.3988,-0.1056,0.790642347343378,11000054,5000,500,FALSE,TRUE,"parametric_mc20",14
"AIPW","Proposed",0.51136377892539,0.387209901497289,-0.124153877428101,0.75721026293844,0.000734348679118272,0.000416826733273392,0.00104805407395471,0.000948749286526198,0.00320412006239182,0.5044,0.3988,-0.1056,0.790642347343378,11000054,5000,500,FALSE,TRUE,"parametric_mc20",14
"G-Formula","Naive",0.463859108414872,0.406739666916064,-0.0571194414988078,0.876860364574925,0.000237899774703489,-1.00072421868133e-05,0.000386625890754338,0.000644540149831454,0.00272856835131661,0.5044,0.3988,-0.1056,0.790642347343378,11000054,5000,500,TRUE,FALSE,"parametric_mc20",14
"G-Formula","Proposed",0.51198226107304,0.388597814188224,-0.123384446884815,0.759006402631568,0.000395815436574271,-7.53603400633868e-05,0.000488651628027429,0.00103518774472847,0.00317051994024736,0.5044,0.3988,-0.1056,0.790642347343378,11000054,5000,500,TRUE,FALSE,"parametric_mc20",14
"IPW","Naive",0.50029510193629,0.440566729604105,-0.0597283723321851,0.880613717581846,0.000422517090215966,-2.96155797372254e-05,0.000556311802903898,0.00103806005259431,0.00374008525998042,0.5044,0.3988,-0.1056,0.790642347343378,11000054,5000,500,TRUE,FALSE,"parametric_mc20",14
"IPW","Proposed",0.504384020569996,0.42904797466219,-0.0753360459078056,0.850637524514219,0.000978838206539612,0.000534806462608495,0.000853963173135712,0.000763188454458333,0.00256436254692193,0.5044,0.3988,-0.1056,0.790642347343378,11000054,5000,500,TRUE,FALSE,"parametric_mc20",14
"AIPW","Naive",0.463859296399376,0.406734034796623,-0.0571252616027531,0.876847867346461,0.000237900449309515,-1.00081850802239e-05,0.000386614667693946,0.000644531487163909,0.00272849868055456,0.5044,0.3988,-0.1056,0.790642347343378,11000054,5000,500,TRUE,FALSE,"parametric_mc20",14
"AIPW","Proposed",0.512057303922419,0.387382004455361,-0.124675299467059,0.756520806339386,0.000754654540314484,0.0003615612800891,0.000947078324387289,0.000978610304523572,0.00317284230596163,0.5044,0.3988,-0.1056,0.790642347343378,11000054,5000,500,TRUE,FALSE,"parametric_mc20",14
"G-Formula","Naive",0.498746527933725,0.433739559917076,-0.0650069680166485,0.869659307131484,0.000262143016673482,-4.27070155983764e-06,0.000351342171552807,0.000622026591345965,0.00223933756330457,0.5044,0.3988,-0.1056,0.790642347343378,11000054,5000,500,FALSE,FALSE,"parametric_mc20",14
"G-Formula","Proposed",0.502724102960302,0.431460740951501,-0.0712633620088005,0.858245583235089,0.000318802912629431,-3.14974825627213e-05,0.000362433109340777,0.00074423098709565,0.00257713737956482,0.5044,0.3988,-0.1056,0.790642347343378,11000054,5000,500,FALSE,FALSE,"parametric_mc20",14
"IPW","Naive",0.50029510193629,0.440566729604105,-0.0597283723321851,0.880613717581846,0.000422517090215966,-2.96155797372254e-05,0.000556311802903898,0.00103806005259431,0.00374008525998042,0.5044,0.3988,-0.1056,0.790642347343378,11000054,5000,500,FALSE,FALSE,"parametric_mc20",14
"IPW","Proposed",0.504384020569996,0.42904797466219,-0.0753360459078056,0.850637524514219,0.000978838206539612,0.000534806462608495,0.000853963173135712,0.000763188454458333,0.00256436254692193,0.5044,0.3988,-0.1056,0.790642347343378,11000054,5000,500,FALSE,FALSE,"parametric_mc20",14
"AIPW","Naive",0.498746779670391,0.433733634625235,-0.0650131450451555,0.869646987819909,0.000262143957547809,-4.27131127395823e-06,0.000351329046393531,0.000622015626489257,0.00223926665789019,0.5044,0.3988,-0.1056,0.790642347343378,11000054,5000,500,FALSE,FALSE,"parametric_mc20",14
"AIPW","Proposed",0.502962187328458,0.430202994494823,-0.0727591928336342,0.855338642413452,0.000944169073517688,0.000507370252748926,0.000828352815782252,0.000757781383802088,0.00257406659580006,0.5044,0.3988,-0.1056,0.790642347343378,11000054,5000,500,FALSE,FALSE,"parametric_mc20",14
"G-Formula","Naive",0.460369309807369,0.409268014273219,-0.0511012955341502,0.888999343688804,0.00229239002497265,-0.000119755359438336,0.00461011900321164,0.00714201974706096,0.0313049366012225,0.474,0.406,-0.0679999999999999,0.856540084388186,11000055,500,5000,TRUE,TRUE,"parametric_mc20",14
"G-Formula","Proposed",0.502059646444489,0.391895975375759,-0.11016367106873,0.780576527412844,0.00189635121470048,-9.68815218810911e-06,0.00539667103850906,0.00731239855758575,0.0260538787155093,0.474,0.406,-0.0679999999999999,0.856540084388186,11000055,500,5000,TRUE,TRUE,"parametric_mc20",14
"IPW","Naive",0.545346539541286,0.470082201935052,-0.0752643376062341,0.861988053193586,0.00448323523943717,-0.000138116584267152,0.00577862595596234,0.0105380943639338,0.031431724382927,0.474,0.406,-0.0679999999999999,0.856540084388186,11000055,500,5000,TRUE,TRUE,"parametric_mc20",14
"IPW","Proposed",0.503376416277462,0.389688548082077,-0.113687868195385,0.774149394927711,0.00204979390097736,3.88559709395171e-05,0.00604755210579382,0.00801963406489215,0.0284774855108173,0.474,0.406,-0.0679999999999999,0.856540084388186,11000055,500,5000,TRUE,TRUE,"parametric_mc20",14
"AIPW","Naive",0.458812462823966,0.40813095800567,-0.0506815048182964,0.889537645716172,0.00228521360995996,-0.000120443801174945,0.0046058626755568,0.00713196388786665,0.0314874074216109,0.474,0.406,-0.0679999999999999,0.856540084388186,11000055,500,5000,TRUE,TRUE,"parametric_mc20",14
"AIPW","Proposed",0.500098023709581,0.403631139123599,-0.0964668845859824,0.807104047581674,0.00187748003104209,1.83041295275673e-06,0.00599203306085461,0.00786585226599118,0.0288370948035649,0.474,0.406,-0.0679999999999999,0.856540084388186,11000055,500,5000,TRUE,TRUE,"parametric_mc20",14
"G-Formula","Naive",0.546089458836143,0.462032459743233,-0.0840569990929095,0.84607467195566,0.00238019000886747,-2.48419137044471e-05,0.0037627268446678,0.00619260068094416,0.0184720015805583,0.474,0.406,-0.0679999999999999,0.856540084388186,11000055,500,5000,FALSE,TRUE,"parametric_mc20",14
"G-Formula","Proposed",0.539020777543862,0.470791836037476,-0.0682289415063864,0.873420572362196,0.00242880212848178,-1.69486886749582e-06,0.00344748038170556,0.00587967224792234,0.0182529892500332,0.474,0.406,-0.0679999999999999,0.856540084388186,11000055,500,5000,FALSE,TRUE,"parametric_mc20",14
"IPW","Naive",0.545346539541286,0.470082201935052,-0.0752643376062341,0.861988053193586,0.00448323523943717,-0.000138116584267152,0.00577862595596234,0.0105380943639338,0.031431724382927,0.474,0.406,-0.0679999999999999,0.856540084388186,11000055,500,5000,FALSE,TRUE,"parametric_mc20",14
"IPW","Proposed",0.503376416277462,0.389688548082077,-0.113687868195385,0.774149394927711,0.00204979390097736,3.88559709395171e-05,0.00604755210579382,0.00801963406489215,0.0284774855108173,0.474,0.406,-0.0679999999999999,0.856540084388186,11000055,500,5000,FALSE,TRUE,"parametric_mc20",14
"AIPW","Naive",0.539489451960626,0.46205810177021,-0.0774313501904163,0.856472911733467,0.00229974540753047,-9.85801875011543e-06,0.00374828600761438,0.00606774745264508,0.0187327337122169,0.474,0.406,-0.0679999999999999,0.856540084388186,11000055,500,5000,FALSE,TRUE,"parametric_mc20",14
"AIPW","Proposed",0.500729394231212,0.400589468620302,-0.10013992561091,0.800011889126944,0.00195840792734844,1.48282226217462e-05,0.00574045433671206,0.00766920581881701,0.027799422510314,0.474,0.406,-0.0679999999999999,0.856540084388186,11000055,500,5000,FALSE,TRUE,"parametric_mc20",14
"G-Formula","Naive",0.460369309807369,0.409268014273219,-0.0511012955341502,0.888999343688804,0.00229239002497265,-0.000119755359438336,0.00461011900321164,0.00714201974706096,0.0313049366012225,0.474,0.406,-0.0679999999999999,0.856540084388186,11000055,500,5000,TRUE,FALSE,"parametric_mc20",14
"G-Formula","Proposed",0.502059646444489,0.391895975375759,-0.11016367106873,0.780576527412844,0.00189635121470048,-9.68815218810911e-06,0.00539667103850906,0.00731239855758575,0.0260538787155093,0.474,0.406,-0.0679999999999999,0.856540084388186,11000055,500,5000,TRUE,FALSE,"parametric_mc20",14
"IPW","Naive",0.550841504912638,0.469194818227536,-0.0816466866851014,0.851778259341495,0.00478049749883697,-0.000282611047032533,0.00585332208980909,0.0111990416827111,0.0323081424640889,0.474,0.406,-0.0679999999999999,0.856540084388186,11000055,500,5000,TRUE,FALSE,"parametric_mc20",14
"IPW","Proposed",0.540049721124456,0.470126551925721,-0.069923169198735,0.870524571231801,0.00266488063638661,6.68158620486374e-05,0.00341700599063978,0.00594825490292912,0.0182413510788532,0.474,0.406,-0.0679999999999999,0.856540084388186,11000055,500,5000,TRUE,FALSE,"parametric_mc20",14
"AIPW","Naive",0.459018561636541,0.408529632465237,-0.0504889291713039,0.890006781008386,0.00228710457468459,-0.000119149050292181,0.00461598837048592,0.00714139104575487,0.0315129577746549,0.474,0.406,-0.0679999999999999,0.856540084388186,11000055,500,5000,TRUE,FALSE,"parametric_mc20",14
"AIPW","Proposed",0.500095023395276,0.390957316351799,-0.109137707043477,0.781766060572823,0.00188028558635386,2.16868276351097e-06,0.00544514843317653,0.00732109665400337,0.0263536203364813,0.474,0.406,-0.0679999999999999,0.856540084388186,11000055,500,5000,TRUE,FALSE,"parametric_mc20",14
"G-Formula","Naive",0.546089458836143,0.462032459743233,-0.0840569990929095,0.84607467195566,0.00238019000886747,-2.48419137044471e-05,0.0037627268446678,0.00619260068094416,0.0184720015805583,0.474,0.406,-0.0679999999999999,0.856540084388186,11000055,500,5000,FALSE,FALSE,"parametric_mc20",14
"G-Formula","Proposed",0.539020777543862,0.470791836037476,-0.0682289415063864,0.873420572362196,0.00242880212848178,-1.69486886749582e-06,0.00344748038170556,0.00587967224792234,0.0182529892500332,0.474,0.406,-0.0679999999999999,0.856540084388186,11000055,500,5000,FALSE,FALSE,"parametric_mc20",14
"IPW","Naive",0.550841504912638,0.469194818227536,-0.0816466866851014,0.851778259341495,0.00478049749883697,-0.000282611047032533,0.00585332208980909,0.0111990416827111,0.0323081424640889,0.474,0.406,-0.0679999999999999,0.856540084388186,11000055,500,5000,FALSE,FALSE,"parametric_mc20",14
"IPW","Proposed",0.540049721124456,0.470126551925721,-0.069923169198735,0.870524571231801,0.00266488063638661,6.68158620486374e-05,0.00341700599063978,0.00594825490292912,0.0182413510788532,0.474,0.406,-0.0679999999999999,0.856540084388186,11000055,500,5000,FALSE,FALSE,"parametric_mc20",14
"AIPW","Naive",0.544986758887946,0.461227743076112,-0.0837590158118336,0.846309998461714,0.00238477562491133,-2.58840915689931e-05,0.00375092900576832,0.00618747281381764,0.0185273343714695,0.474,0.406,-0.0679999999999999,0.856540084388186,11000055,500,5000,FALSE,FALSE,"parametric_mc20",14
"AIPW","Proposed",0.537907277165252,0.469897682408554,-0.0680095947566979,0.873566323335305,0.00246043755152265,1.97216388369794e-05,0.00345361625195838,0.00587461052580707,0.0183060994619301,0.474,0.406,-0.0679999999999999,0.856540084388186,11000055,500,5000,FALSE,FALSE,"parametric_mc20",14
"G-Formula","Naive",0.464316138362621,0.397765714346193,-0.0665504240164286,0.856670017434427,0.000219985283109728,-1.28542772649361e-05,0.000370802234186287,0.000616496071825888,0.00257094903280754,0.499,0.3902,-0.1088,0.781963927855711,11000056,5000,5000,TRUE,TRUE,"parametric_mc20",14
"G-Formula","Proposed",0.506766254903663,0.377800479722461,-0.128965775181202,0.745512306841112,0.000204989102927653,-8.93902731195966e-06,0.000436508037216214,0.000659375194767787,0.00219525128092514,0.499,0.3902,-0.1088,0.781963927855711,11000056,5000,5000,TRUE,TRUE,"parametric_mc20",14
"IPW","Naive",0.519859220085161,0.437175066552685,-0.082684153532476,0.840948952451144,0.000437864534829686,-2.3553496531034e-05,0.000572981902955136,0.00105795343084689,0.00341254333335097,0.499,0.3902,-0.1088,0.781963927855711,11000056,5000,5000,TRUE,TRUE,"parametric_mc20",14
"IPW","Proposed",0.505649747864627,0.379888106383274,-0.125761641481353,0.751287047976494,0.000240615718423864,3.7805185048991e-05,0.000494307717698343,0.000659313066024225,0.00224229565488089,0.499,0.3902,-0.1088,0.781963927855711,11000056,5000,5000,TRUE,TRUE,"parametric_mc20",14
"AIPW","Naive",0.464304475728403,0.397764064397757,-0.0665404113306454,0.856687982112909,0.000219990728102809,-1.28560847482331e-05,0.000370801723696446,0.000616504621295721,0.00257114227708338,0.499,0.3902,-0.1088,0.781963927855711,11000056,5000,5000,TRUE,TRUE,"parametric_mc20",14
"AIPW","Proposed",0.506681435012965,0.378275913005848,-0.128405522007117,0.746575435502523,0.000217779108790212,1.92164880425774e-05,0.000471960566047181,0.000651306698752238,0.00219943397460591,0.499,0.3902,-0.1088,0.781963927855711,11000056,5000,5000,TRUE,TRUE,"parametric_mc20",14
"G-Formula","Naive",0.507249889560992,0.438836039908523,-0.0684138496524686,0.86512791612103,0.000239888269293612,-3.97811691280507e-06,0.000340776627389342,0.000588621130508564,0.00204896329864986,0.499,0.3902,-0.1088,0.781963927855711,11000056,5000,5000,FALSE,TRUE,"parametric_mc20",14
"G-Formula","Proposed",0.506596641856126,0.439386369880139,-0.067210271975987,0.867329811485259,0.00023799678764404,-2.74789273711436e-06,0.000338560951316932,0.000582053524435201,0.00203539195433589,0.499,0.3902,-0.1088,0.781963927855711,11000056,5000,5000,FALSE,TRUE,"parametric_mc20",14
"IPW","Naive",0.519859220085161,0.437175066552685,-0.082684153532476,0.840948952451144,0.000437864534829686,-2.3553496531034e-05,0.000572981902955136,0.00105795343084689,0.00341254333335097,0.499,0.3902,-0.1088,0.781963927855711,11000056,5000,5000,FALSE,TRUE,"parametric_mc20",14
"IPW","Proposed",0.505649747864627,0.379888106383274,-0.125761641481353,0.751287047976494,0.000240615718423864,3.7805185048991e-05,0.000494307717698343,0.000659313066024225,0.00224229565488089,0.499,0.3902,-0.1088,0.781963927855711,11000056,5000,5000,FALSE,TRUE,"parametric_mc20",14
"AIPW","Naive",0.517590708715576,0.435445279930225,-0.082145428785351,0.84129269053303,0.000230042639821538,-6.24296898753408e-07,0.000339361919358982,0.000570653152978028,0.00187842532745134,0.499,0.3902,-0.1088,0.781963927855711,11000056,5000,5000,FALSE,TRUE,"parametric_mc20",14
"AIPW","Proposed",0.506226974516701,0.378065378741386,-0.128161595775314,0.746829777497196,0.000215204175339025,2.59411124681125e-05,0.000500587578101977,0.000663909528504777,0.00227057861626704,0.499,0.3902,-0.1088,0.781963927855711,11000056,5000,5000,FALSE,TRUE,"parametric_mc20",14
"G-Formula","Naive",0.464316138362621,0.397765714346193,-0.0665504240164286,0.856670017434427,0.000219985283109728,-1.28542772649361e-05,0.000370802234186287,0.000616496071825888,0.00257094903280754,0.499,0.3902,-0.1088,0.781963927855711,11000056,5000,5000,TRUE,FALSE,"parametric_mc20",14
"G-Formula","Proposed",0.506766254903663,0.377800479722461,-0.128965775181202,0.745512306841112,0.000204989102927653,-8.93902731195966e-06,0.000436508037216214,0.000659375194767787,0.00219525128092514,0.499,0.3902,-0.1088,0.781963927855711,11000056,5000,5000,TRUE,FALSE,"parametric_mc20",14
"IPW","Naive",0.509377601274219,0.440407322036349,-0.0689702792378704,0.864598916274803,0.000452410866836118,-3.72969578758956e-05,0.0005856808256822,0.00111268560827011,0.00380923770805602,0.499,0.3902,-0.1088,0.781963927855711,11000056,5000,5000,TRUE,FALSE,"parametric_mc20",14
"IPW","Proposed",0.505925348773591,0.439657080050242,-0.0662682687233494,0.869015717666668,0.00030598905286079,5.6656482164566e-05,0.000390438005288873,0.000583114093820531,0.00204346647638897,0.499,0.3902,-0.1088,0.781963927855711,11000056,5000,5000,TRUE,FALSE,"parametric_mc20",14
"AIPW","Naive",0.464311387313344,0.397767567113069,-0.0665438202002756,0.856682773633187,0.000219983831449862,-1.28552030972124e-05,0.000370805300169485,0.000616499537813772,0.00257104210843916,0.499,0.3902,-0.1088,0.781963927855711,11000056,5000,5000,TRUE,FALSE,"parametric_mc20",14
"AIPW","Proposed",0.506681243088723,0.377835887763225,-0.128845355325498,0.745707272406497,0.000217776789511897,1.89928592331029e-05,0.000471016302392419,0.00065080737343811,0.00219608262249001,0.499,0.3902,-0.1088,0.781963927855711,11000056,5000,5000,TRUE,FALSE,"parametric_mc20",14
"G-Formula","Naive",0.507249889560992,0.438836039908523,-0.0684138496524686,0.86512791612103,0.000239888269293612,-3.97811691280507e-06,0.000340776627389342,0.000588621130508564,0.00204896329864986,0.499,0.3902,-0.1088,0.781963927855711,11000056,5000,5000,FALSE,FALSE,"parametric_mc20",14
"G-Formula","Proposed",0.506596641856126,0.439386369880139,-0.067210271975987,0.867329811485259,0.00023799678764404,-2.74789273711436e-06,0.000338560951316932,0.000582053524435201,0.00203539195433589,0.499,0.3902,-0.1088,0.781963927855711,11000056,5000,5000,FALSE,FALSE,"parametric_mc20",14
"IPW","Naive",0.509377601274219,0.440407322036349,-0.0689702792378704,0.864598916274803,0.000452410866836118,-3.72969578758956e-05,0.0005856808256822,0.00111268560827011,0.00380923770805602,0.499,0.3902,-0.1088,0.781963927855711,11000056,5000,5000,FALSE,FALSE,"parametric_mc20",14
"IPW","Proposed",0.505925348773591,0.439657080050242,-0.0662682687233494,0.869015717666668,0.00030598905286079,5.6656482164566e-05,0.000390438005288873,0.000583114093820531,0.00204346647638897,0.499,0.3902,-0.1088,0.781963927855711,11000056,5000,5000,FALSE,FALSE,"parametric_mc20",14
"AIPW","Naive",0.507244331583305,0.438838201510189,-0.0684061300731159,0.865141656961264,0.000239887452692303,-3.97872603710897e-06,0.000340777878095788,0.000588622782862309,0.00204903737407605,0.499,0.3902,-0.1088,0.781963927855711,11000056,5000,5000,FALSE,FALSE,"parametric_mc20",14
"AIPW","Proposed",0.506498696390545,0.43942423155809,-0.0670744648324558,0.8675722853574,0.000280743809153063,3.43854773316067e-05,0.000370791067743452,0.000582763922233302,0.00203647041341537,0.499,0.3902,-0.1088,0.781963927855711,11000056,5000,5000,FALSE,FALSE,"parametric_mc20",14
"G-Formula","Naive",0.345304787247903,0.492503921885875,0.147199134637972,1.42628755833696,0.00195693214258465,-4.38614732033116e-05,0.00511615350256018,0.00716080859155145,0.0773449124255219,0.466,0.404,-0.062,0.866952789699571,11000057,500,500,TRUE,TRUE,"parametric_mc20",15
"G-Formula","Proposed",0.389938497812475,0.453511098603828,0.0635726007913531,1.16303237856224,0.00241559717001051,-5.14443697893567e-05,0.00754173024203803,0.0100602161516272,0.0718756389128802,0.466,0.404,-0.062,0.866952789699571,11000057,500,500,TRUE,TRUE,"parametric_mc20",15
"IPW","Naive",0.40927526812051,0.567145256600432,0.157869988479922,1.38573058471111,0.00316315752798222,-0.000109087038012913,0.00659542809904912,0.00997675970305716,0.077440751317241,0.466,0.404,-0.062,0.866952789699571,11000057,500,500,TRUE,TRUE,"parametric_mc20",15
"IPW","Proposed",0.402611269613199,0.508051466011272,0.105440196398073,1.26189082213067,0.00241484744431498,0.000482922961496854,0.0108760902467075,0.0123250917680288,0.0833002591573846,0.466,0.404,-0.062,0.866952789699571,11000057,500,500,TRUE,TRUE,"parametric_mc20",15
"AIPW","Naive",0.345435784599451,0.492337002900527,0.146901218301076,1.42526346386323,0.00195672017172136,-4.41520944916852e-05,0.00510857554972468,0.00715359991042942,0.0771774443732778,0.466,0.404,-0.062,0.866952789699571,11000057,500,500,TRUE,TRUE,"parametric_mc20",15
"AIPW","Proposed",0.390108146058887,0.492272176184848,0.102164030125961,1.26188643112964,0.00249756770690451,0.000227466983708132,0.00973561063579099,0.0117782443752792,0.0863331519925872,0.466,0.404,-0.062,0.866952789699571,11000057,500,500,TRUE,TRUE,"parametric_mc20",15
"G-Formula","Naive",0.362064209766872,0.55518399207419,0.193119782307319,1.53338545235296,0.00214970540951961,-1.13330343551445e-05,0.00380211155280734,0.00597448303103724,0.0678264846545121,0.466,0.404,-0.062,0.866952789699571,11000057,500,500,FALSE,TRUE,"parametric_mc20",15
"G-Formula","Proposed",0.361675671121052,0.558481037529519,0.196805366408468,1.54414875570272,0.00222185584750348,-1.62711765278473e-06,0.00377803389511494,0.00600314397792399,0.0694204644082276,0.466,0.404,-0.062,0.866952789699571,11000057,500,500,FALSE,TRUE,"parametric_mc20",15
"IPW","Naive",0.40927526812051,0.567145256600432,0.157869988479922,1.38573058471111,0.00316315752798222,-0.000109087038012913,0.00659542809904912,0.00997675970305716,0.077440751317241,0.466,0.404,-0.062,0.866952789699571,11000057,500,500,FALSE,TRUE,"parametric_mc20",15
"IPW","Proposed",0.402611269613199,0.508051466011272,0.105440196398073,1.26189082213067,0.00241484744431498,0.000482922961496854,0.0108760902467075,0.0123250917680288,0.0833002591573846,0.466,0.404,-0.062,0.866952789699571,11000057,500,500,FALSE,TRUE,"parametric_mc20",15
"AIPW","Naive",0.37467468824911,0.548815352055461,0.174140663806351,1.46477829772843,0.00217146420764287,8.57162395953434e-06,0.00382560165443676,0.00597992261416055,0.060261171836839,0.466,0.404,-0.062,0.866952789699571,11000057,500,500,FALSE,TRUE,"parametric_mc20",15
"AIPW","Proposed",0.387720781702251,0.5012601107804,0.113539329078149,1.2928378731201,0.00227629890041805,0.000267514399280159,0.00867860465967489,0.0104198747615326,0.0784392768488767,0.466,0.404,-0.062,0.866952789699571,11000057,500,500,FALSE,TRUE,"parametric_mc20",15
"G-Formula","Naive",0.345304787247903,0.492503921885875,0.147199134637972,1.42628755833696,0.00195693214258465,-4.38614732033116e-05,0.00511615350256018,0.00716080859155145,0.0773449124255219,0.466,0.404,-0.062,0.866952789699571,11000057,500,500,TRUE,FALSE,"parametric_mc20",15
"G-Formula","Proposed",0.389938497812475,0.453511098603828,0.0635726007913531,1.16303237856224,0.00241559717001051,-5.14443697893567e-05,0.00754173024203803,0.0100602161516272,0.0718756389128802,0.466,0.404,-0.062,0.866952789699571,11000057,500,500,TRUE,FALSE,"parametric_mc20",15
"IPW","Naive",0.397131052991719,0.573003946889095,0.175872893897376,1.4428585792334,0.00313915383905263,-0.000201471937365572,0.00670351831408316,0.0102456160278669,0.087628297677383,0.466,0.404,-0.062,0.866952789699571,11000057,500,500,TRUE,FALSE,"parametric_mc20",15
"IPW","Proposed",0.375968170699592,0.546745400355165,0.170777229655573,1.45423321165139,0.00250434622767264,0.00053278389485171,0.00461432015186336,0.00605309858983259,0.0591495640497173,0.466,0.404,-0.062,0.866952789699571,11000057,500,500,TRUE,FALSE,"parametric_mc20",15
"AIPW","Naive",0.345329416706331,0.492474570110965,0.147145153404634,1.4261008367259,0.00195718419317651,-4.42904679722265e-05,0.00511655013053657,0.00716231525965752,0.0773428876382372,0.466,0.404,-0.062,0.866952789699571,11000057,500,500,TRUE,FALSE,"parametric_mc20",15
"AIPW","Proposed",0.389692547726193,0.443843213426019,0.0541506656998252,1.13895740633427,0.00251727799993608,0.000220277478054967,0.00828368215479181,0.010360405198618,0.0727470149957774,0.466,0.404,-0.062,0.866952789699571,11000057,500,500,TRUE,FALSE,"parametric_mc20",15
"G-Formula","Naive",0.362064209766872,0.55518399207419,0.193119782307319,1.53338545235296,0.00214970540951961,-1.13330343551445e-05,0.00380211155280734,0.00597448303103724,0.0678264846545121,0.466,0.404,-0.062,0.866952789699571,11000057,500,500,FALSE,FALSE,"parametric_mc20",15
"G-Formula","Proposed",0.361675671121052,0.558481037529519,0.196805366408468,1.54414875570272,0.00222185584750348,-1.62711765278473e-06,0.00377803389511494,0.00600314397792399,0.0694204644082276,0.466,0.404,-0.062,0.866952789699571,11000057,500,500,FALSE,FALSE,"parametric_mc20",15
"IPW","Naive",0.397131052991719,0.573003946889095,0.175872893897376,1.4428585792334,0.00313915383905263,-0.000201471937365572,0.00670351831408316,0.0102456160278669,0.087628297677383,0.466,0.404,-0.062,0.866952789699571,11000057,500,500,FALSE,FALSE,"parametric_mc20",15
"IPW","Proposed",0.375968170699592,0.546745400355165,0.170777229655573,1.45423321165139,0.00250434622767264,0.00053278389485171,0.00461432015186336,0.00605309858983259,0.0591495640497173,0.466,0.404,-0.062,0.866952789699571,11000057,500,500,FALSE,FALSE,"parametric_mc20",15
"AIPW","Naive",0.362098095305307,0.555162608301726,0.193064512996419,1.53318290126225,0.00214983979681635,-1.12801531896687e-05,0.00380209708675332,0.00597449718994901,0.0678046340501223,0.466,0.404,-0.062,0.866952789699571,11000057,500,500,FALSE,FALSE,"parametric_mc20",15
"AIPW","Proposed",0.362057464714299,0.549944845305919,0.187887380591621,1.51894353494378,0.00243208220307953,0.000328484814113739,0.00438872141247953,0.00616383398733158,0.0686734129526883,0.466,0.404,-0.062,0.866952789699571,11000057,500,500,FALSE,FALSE,"parametric_mc20",15
"G-Formula","Naive",0.457366056618138,0.42234774535356,-0.0350183112645772,0.923434826966588,0.000221374322328506,-1.32941625597864e-05,0.000447559180548501,0.00069552182799658,0.0031593507388422,0.511,0.3912,-0.1198,0.765557729941292,11000058,5000,500,TRUE,TRUE,"parametric_mc20",15
"G-Formula","Proposed",0.489203029911734,0.410984200683871,-0.0782188292278636,0.84010967952922,0.000363667307108963,-9.3897634126215e-05,0.000569720815584979,0.00112118339094637,0.00411232546772495,0.511,0.3912,-0.1198,0.765557729941292,11000058,5000,500,TRUE,TRUE,"parametric_mc20",15
"IPW","Naive",0.522693751850271,0.469371216765448,-0.0533225350848227,0.89798513011478,0.000431458814596479,-2.3895786513664e-05,0.000640846141998864,0.00112009652962267,0.00377616318736633,0.511,0.3912,-0.1198,0.765557729941292,11000058,5000,500,TRUE,TRUE,"parametric_mc20",15
"IPW","Proposed",0.489899399288318,0.406861912986863,-0.0830374863014548,0.830500942801554,0.000720148027965511,0.000390484075203294,0.00114721911830549,0.00108639899586441,0.00414719768869069,0.511,0.3912,-0.1198,0.765557729941292,11000058,5000,500,TRUE,TRUE,"parametric_mc20",15
"AIPW","Naive",0.457368672722403,0.422322701587628,-0.0350459711347754,0.923374788819333,0.000221361745175179,-1.32844853491042e-05,0.000447481643460382,0.00069541235933377,0.00315868226920374,0.511,0.3912,-0.1198,0.765557729941292,11000058,5000,500,TRUE,TRUE,"parametric_mc20",15
"AIPW","Proposed",0.489404279456232,0.405870545613154,-0.0835337338430787,0.829315481393233,0.000671584828631987,0.000358553949248082,0.00111252829497163,0.00106700522510746,0.00409037120283186,0.511,0.3912,-0.1198,0.765557729941292,11000058,5000,500,TRUE,TRUE,"parametric_mc20",15
"G-Formula","Naive",0.496587998877331,0.460953503335091,-0.0356344955422401,0.928241327573761,0.000248393103940995,-5.09050713770437e-06,0.00040234016273187,0.000660914280948274,0.00253777352186021,0.511,0.3912,-0.1198,0.765557729941292,11000058,5000,500,FALSE,TRUE,"parametric_mc20",15
"G-Formula","Proposed",0.488306531070454,0.467298498568851,-0.0210080325016032,0.956977776939518,0.000290106571154964,-3.37778894276479e-05,0.000415016871106276,0.000772679221116536,0.00312589124069742,0.511,0.3912,-0.1198,0.765557729941292,11000058,5000,500,FALSE,TRUE,"parametric_mc20",15
"IPW","Naive",0.522693751850271,0.469371216765448,-0.0533225350848227,0.89798513011478,0.000431458814596479,-2.3895786513664e-05,0.000640846141998864,0.00112009652962267,0.00377616318736633,0.511,0.3912,-0.1198,0.765557729941292,11000058,5000,500,FALSE,TRUE,"parametric_mc20",15
"IPW","Proposed",0.489899399288318,0.406861912986863,-0.0830374863014548,0.830500942801554,0.000720148027965511,0.000390484075203294,0.00114721911830549,0.00108639899586441,0.00414719768869069,0.511,0.3912,-0.1198,0.765557729941292,11000058,5000,500,FALSE,TRUE,"parametric_mc20",15
"AIPW","Naive",0.508947982277239,0.457284537731657,-0.0516634445455821,0.89848973501296,0.000239634874967945,-1.89351606178744e-06,0.000401954399657174,0.000645376306748694,0.00231175876763773,0.511,0.3912,-0.1198,0.765557729941292,11000058,5000,500,FALSE,TRUE,"parametric_mc20",15
"AIPW","Proposed",0.489951961265625,0.404712216553761,-0.085239744711864,0.826024281050583,0.000672785449912953,0.000415821492489371,0.00128819952166995,0.00112934198660416,0.00441692005536733,0.511,0.3912,-0.1198,0.765557729941292,11000058,5000,500,FALSE,TRUE,"parametric_mc20",15
"G-Formula","Naive",0.457366056618138,0.42234774535356,-0.0350183112645772,0.923434826966588,0.000221374322328506,-1.32941625597864e-05,0.000447559180548501,0.00069552182799658,0.0031593507388422,0.511,0.3912,-0.1198,0.765557729941292,11000058,5000,500,TRUE,FALSE,"parametric_mc20",15
"G-Formula","Proposed",0.489203029911734,0.410984200683871,-0.0782188292278636,0.84010967952922,0.000363667307108963,-9.3897634126215e-05,0.000569720815584979,0.00112118339094637,0.00411232546772495,0.511,0.3912,-0.1198,0.765557729941292,11000058,5000,500,TRUE,FALSE,"parametric_mc20",15
"IPW","Naive",0.510534887557849,0.472667454093778,-0.0378674334640716,0.92582792207363,0.000443770844858494,-3.71033337778382e-05,0.000652388570328193,0.00117036608274236,0.00422593539158126,0.511,0.3912,-0.1198,0.765557729941292,11000058,5000,500,TRUE,FALSE,"parametric_mc20",15
"IPW","Proposed",0.488381949146419,0.467087121483864,-0.0212948276625551,0.956397185236322,0.00091692332379927,0.000574384224175454,0.00100321913624717,0.000771374011695534,0.00311611397541975,0.511,0.3912,-0.1198,0.765557729941292,11000058,5000,500,TRUE,FALSE,"parametric_mc20",15
"AIPW","Naive",0.457366315836344,0.422347922595472,-0.0350183932408726,0.923434691125345,0.000221376224921707,-1.32942666808164e-05,0.000447559252081743,0.000695524010365082,0.00315935589197099,0.511,0.3912,-0.1198,0.765557729941292,11000058,5000,500,TRUE,FALSE,"parametric_mc20",15
"AIPW","Proposed",0.48939887335384,0.410888189503141,-0.0785106838506991,0.839577309786868,0.000671690964252838,0.000356056344718182,0.00110362059203564,0.00106319886685211,0.00408838912522368,0.511,0.3912,-0.1198,0.765557729941292,11000058,5000,500,TRUE,FALSE,"parametric_mc20",15
"G-Formula","Naive",0.496587998877331,0.460953503335091,-0.0356344955422401,0.928241327573761,0.000248393103940995,-5.09050713770437e-06,0.00040234016273187,0.000660914280948274,0.00253777352186021,0.511,0.3912,-0.1198,0.765557729941292,11000058,5000,500,FALSE,FALSE,"parametric_mc20",15
"G-Formula","Proposed",0.488306531070454,0.467298498568851,-0.0210080325016032,0.956977776939518,0.000290106571154964,-3.37778894276479e-05,0.000415016871106276,0.000772679221116536,0.00312589124069742,0.511,0.3912,-0.1198,0.765557729941292,11000058,5000,500,FALSE,FALSE,"parametric_mc20",15
"IPW","Naive",0.510534887557849,0.472667454093778,-0.0378674334640716,0.92582792207363,0.000443770844858494,-3.71033337778382e-05,0.000652388570328193,0.00117036608274236,0.00422593539158126,0.511,0.3912,-0.1198,0.765557729941292,11000058,5000,500,FALSE,FALSE,"parametric_mc20",15
"IPW","Proposed",0.488381949146419,0.467087121483864,-0.0212948276625551,0.956397185236322,0.00091692332379927,0.000574384224175454,0.00100321913624717,0.000771374011695534,0.00311611397541975,0.511,0.3912,-0.1198,0.765557729941292,11000058,5000,500,FALSE,FALSE,"parametric_mc20",15
"AIPW","Naive",0.496587875540469,0.460952777361515,-0.0356350981789542,0.928240096196126,0.000248395180809711,-5.08992110810868e-06,0.00040234030037427,0.000660915323400199,0.00253777583198703,0.511,0.3912,-0.1198,0.765557729941292,11000058,5000,500,FALSE,FALSE,"parametric_mc20",15
"AIPW","Proposed",0.488428542627924,0.467032838280032,-0.0213957043478921,0.956194811562864,0.000872465062641939,0.000535031460103827,0.000969333501722938,0.000771735644157223,0.00311803955224361,0.511,0.3912,-0.1198,0.765557729941292,11000058,5000,500,FALSE,FALSE,"parametric_mc20",15
"G-Formula","Naive",0.461848591998805,0.44434330909686,-0.0175052829019445,0.962097355702256,0.00184390581498365,-0.000212605997556387,0.00340920877276367,0.00567832658286009,0.0259023643600449,0.492,0.412,-0.08,0.83739837398374,11000059,500,5000,TRUE,TRUE,"parametric_mc20",15
"G-Formula","Proposed",0.522851124652285,0.423240518719472,-0.0996106059328127,0.809485719287575,0.00131061801590802,-1.57822346561826e-05,0.00415471282427999,0.00549689530950038,0.0184329221017825,0.492,0.412,-0.08,0.83739837398374,11000059,500,5000,TRUE,TRUE,"parametric_mc20",15
"IPW","Naive",0.526597201295463,0.499955909879857,-0.0266412914156059,0.949408596646419,0.00421038445579301,-0.000224171662515432,0.00596066559405593,0.0106193933748798,0.0367158298921392,0.492,0.412,-0.08,0.83739837398374,11000059,500,5000,TRUE,TRUE,"parametric_mc20",15
"IPW","Proposed",0.523686381184545,0.418623105235849,-0.105063275948697,0.799377490567828,0.00166692050951482,4.02835208487378e-05,0.00431417257577777,0.00590052604359511,0.0193800856069546,0.492,0.412,-0.08,0.83739837398374,11000059,500,5000,TRUE,TRUE,"parametric_mc20",15
"AIPW","Naive",0.462397358587894,0.444252431270588,-0.0181449273173062,0.960759016070683,0.00184397535774739,-0.000213183726459278,0.00341114127682126,0.00568148408748721,0.0258305955001704,0.492,0.412,-0.08,0.83739837398374,11000059,500,5000,TRUE,TRUE,"parametric_mc20",15
"AIPW","Proposed",0.523250756080841,0.424014003430628,-0.0992367526502132,0.810345706151486,0.00130044780777905,-3.77428151766908e-06,0.00420694590875693,0.00551494227957132,0.0185068485737439,0.492,0.412,-0.08,0.83739837398374,11000059,500,5000,TRUE,TRUE,"parametric_mc20",15
"G-Formula","Naive",0.499175807070209,0.494823176273186,-0.00435263079702275,0.991280365083057,0.00229900644506131,-5.94799455714309e-05,0.00312217070872861,0.00554013704493278,0.0220694241368486,0.492,0.412,-0.08,0.83739837398374,11000059,500,5000,FALSE,TRUE,"parametric_mc20",15
"G-Formula","Proposed",0.497934618882817,0.504839473249967,0.00690485436714983,1.01386698997278,0.00226262991502328,-4.59007527588615e-06,0.00295001680015572,0.00522182686573078,0.0213163054075886,0.492,0.412,-0.08,0.83739837398374,11000059,500,5000,FALSE,TRUE,"parametric_mc20",15
"IPW","Naive",0.526597201295463,0.499955909879857,-0.0266412914156059,0.949408596646419,0.00421038445579301,-0.000224171662515432,0.00596066559405593,0.0106193933748798,0.0367158298921392,0.492,0.412,-0.08,0.83739837398374,11000059,500,5000,FALSE,TRUE,"parametric_mc20",15
"IPW","Proposed",0.523686381184545,0.418623105235849,-0.105063275948697,0.799377490567828,0.00166692050951482,4.02835208487378e-05,0.00431417257577777,0.00590052604359511,0.0193800856069546,0.492,0.412,-0.08,0.83739837398374,11000059,500,5000,FALSE,TRUE,"parametric_mc20",15
"AIPW","Naive",0.52296418046219,0.487479594548392,-0.035484585913798,0.932147196233522,0.00212334961394777,-1.41991826938971e-05,0.00311719598733275,0.00526894396666832,0.0182405738222549,0.492,0.412,-0.08,0.83739837398374,11000059,500,5000,FALSE,TRUE,"parametric_mc20",15
"AIPW","Proposed",0.522342245248785,0.423998020313852,-0.0983442249349325,0.811724542999404,0.00155728133090898,4.22568347198052e-06,0.00423443145136622,0.00578326141533124,0.0192553565702641,0.492,0.412,-0.08,0.83739837398374,11000059,500,5000,FALSE,TRUE,"parametric_mc20",15
"G-Formula","Naive",0.461848591998805,0.44434330909686,-0.0175052829019445,0.962097355702256,0.00184390581498365,-0.000212605997556387,0.00340920877276367,0.00567832658286009,0.0259023643600449,0.492,0.412,-0.08,0.83739837398374,11000059,500,5000,TRUE,FALSE,"parametric_mc20",15
"G-Formula","Proposed",0.522851124652285,0.423240518719472,-0.0996106059328127,0.809485719287575,0.00131061801590802,-1.57822346561826e-05,0.00415471282427999,0.00549689530950038,0.0184329221017825,0.492,0.412,-0.08,0.83739837398374,11000059,500,5000,TRUE,FALSE,"parametric_mc20",15
"IPW","Naive",0.503227387559309,0.507615197907273,0.00438781034796387,1.00871933932143,0.00429836585063367,-0.00036790839919586,0.00612051341564834,0.0111546960646737,0.0443709286442688,0.492,0.412,-0.08,0.83739837398374,11000059,500,5000,TRUE,FALSE,"parametric_mc20",15
"IPW","Proposed",0.500029775467811,0.503480684361654,0.00345090889384347,1.00690140680245,0.00238125083927447,6.27823259437081e-05,0.00304619780024684,0.00530188398763389,0.021333454245859,0.492,0.412,-0.08,0.83739837398374,11000059,500,5000,TRUE,FALSE,"parametric_mc20",15
"AIPW","Naive",0.461712429880122,0.444248045703556,-0.0174643841765666,0.962174758472279,0.00184331055494617,-0.000213097404156572,0.00340732357970674,0.00567682894296605,0.0259120944414222,0.492,0.412,-0.08,0.83739837398374,11000059,500,5000,TRUE,FALSE,"parametric_mc20",15
"AIPW","Proposed",0.522740439671162,0.423192833719186,-0.0995476059519761,0.80956589848951,0.00130010494588775,-3.10351805883758e-06,0.00418002276652474,0.00548633474853016,0.0184336435037272,0.492,0.412,-0.08,0.83739837398374,11000059,500,5000,TRUE,FALSE,"parametric_mc20",15
"G-Formula","Naive",0.499175807070209,0.494823176273186,-0.00435263079702275,0.991280365083057,0.00229900644506131,-5.94799455714309e-05,0.00312217070872861,0.00554013704493278,0.0220694241368486,0.492,0.412,-0.08,0.83739837398374,11000059,500,5000,FALSE,FALSE,"parametric_mc20",15
"G-Formula","Proposed",0.497934618882817,0.504839473249967,0.00690485436714983,1.01386698997278,0.00226262991502328,-4.59007527588615e-06,0.00295001680015572,0.00522182686573078,0.0213163054075886,0.492,0.412,-0.08,0.83739837398374,11000059,500,5000,FALSE,FALSE,"parametric_mc20",15
"IPW","Naive",0.503227387559309,0.507615197907273,0.00438781034796387,1.00871933932143,0.00429836585063367,-0.00036790839919586,0.00612051341564834,0.0111546960646737,0.0443709286442688,0.492,0.412,-0.08,0.83739837398374,11000059,500,5000,FALSE,FALSE,"parametric_mc20",15
"IPW","Proposed",0.500029775467811,0.503480684361654,0.00345090889384347,1.00690140680245,0.00238125083927447,6.27823259437081e-05,0.00304619780024684,0.00530188398763389,0.021333454245859,0.492,0.412,-0.08,0.83739837398374,11000059,500,5000,FALSE,FALSE,"parametric_mc20",15
"AIPW","Naive",0.499088165334157,0.494738388445451,-0.00434977688870619,0.991284552127591,0.00229866586681595,-5.96139920055925e-05,0.00312034025112456,0.0055382341019517,0.0220696291171736,0.492,0.412,-0.08,0.83739837398374,11000059,500,5000,FALSE,FALSE,"parametric_mc20",15
"AIPW","Proposed",0.497584450699498,0.504802870199316,0.00721841949981739,1.01450692337687,0.00228353563579856,1.64383654782927e-05,0.00297072413086937,0.00522138303571134,0.0213564147240524,0.492,0.412,-0.08,0.83739837398374,11000059,500,5000,FALSE,FALSE,"parametric_mc20",15
"G-Formula","Naive",0.449445669333605,0.394598490451334,-0.054847178882271,0.87796705447492,0.000238029414569986,-1.53737113279016e-05,0.00035350222691766,0.000622279064143449,0.00279194461477217,0.507,0.387,-0.12,0.763313609467456,11000060,5000,5000,TRUE,TRUE,"parametric_mc20",15
"G-Formula","Proposed",0.478701691235726,0.378671845780257,-0.100029845455469,0.791039289630979,0.00026287270113566,-1.05109778944646e-05,0.00037700140327359,0.00066089606019818,0.00243555950027004,0.507,0.387,-0.12,0.763313609467456,11000060,5000,5000,TRUE,TRUE,"parametric_mc20",15
"IPW","Naive",0.504952885698052,0.442118437622681,-0.0628344480753709,0.875563740984453,0.000430498010233117,-2.0209966231649e-05,0.000568713306369055,0.00103963124906547,0.00366357314213388,0.507,0.387,-0.12,0.763313609467456,11000060,5000,5000,TRUE,TRUE,"parametric_mc20",15
"IPW","Proposed",0.486973376068853,0.382487844470123,-0.10448553159873,0.785438923905448,0.000261291796743966,3.61511380052183e-05,0.000463496010097285,0.000652485530830815,0.00239476379108696,0.507,0.387,-0.12,0.763313609467456,11000060,5000,5000,TRUE,TRUE,"parametric_mc20",15
"AIPW","Naive",0.44945403162319,0.394612848323079,-0.0548411833001104,0.877982664651927,0.000238021931491661,-1.53751301170115e-05,0.000353515814676537,0.000622288006402221,0.00279192644038886,0.507,0.387,-0.12,0.763313609467456,11000060,5000,5000,TRUE,TRUE,"parametric_mc20",15
"AIPW","Proposed",0.47895721959636,0.380596082950463,-0.0983611366458971,0.794634817847008,0.000274138009582795,1.69907692850342e-05,0.000428211985413065,0.000668368456425792,0.0025035395065502,0.507,0.387,-0.12,0.763313609467456,11000060,5000,5000,TRUE,TRUE,"parametric_mc20",15
"G-Formula","Naive",0.481601819632661,0.430494851789031,-0.0511069678436299,0.893881281672458,0.000269312147840117,-5.49417336558914e-06,0.000369358784651506,0.000649659279222801,0.00256258973007438,0.507,0.387,-0.12,0.763313609467456,11000060,5000,5000,FALSE,TRUE,"parametric_mc20",15
"G-Formula","Proposed",0.472133389373011,0.436986730136841,-0.0351466592361699,0.925557776621466,0.000290397309222974,-3.59846276966954e-06,0.00035610248493133,0.000653696719693643,0.00274341560434074,0.507,0.387,-0.12,0.763313609467456,11000060,5000,5000,FALSE,TRUE,"parametric_mc20",15
"IPW","Naive",0.504952885698052,0.442118437622681,-0.0628344480753709,0.875563740984453,0.000430498010233117,-2.0209966231649e-05,0.000568713306369055,0.00103963124906547,0.00366357314213388,0.507,0.387,-0.12,0.763313609467456,11000060,5000,5000,FALSE,TRUE,"parametric_mc20",15
"IPW","Proposed",0.486973376068853,0.382487844470123,-0.10448553159873,0.785438923905448,0.000261291796743966,3.61511380052183e-05,0.000463496010097285,0.000652485530830815,0.00239476379108696,0.507,0.387,-0.12,0.763313609467456,11000060,5000,5000,FALSE,TRUE,"parametric_mc20",15
"AIPW","Naive",0.486465486158082,0.428368038678269,-0.0580974474798127,0.880572313693528,0.000261941139332585,-1.95030951966325e-06,0.000367065322094142,0.000632907080466053,0.00242389383049371,0.507,0.387,-0.12,0.763313609467456,11000060,5000,5000,FALSE,TRUE,"parametric_mc20",15
"AIPW","Proposed",0.477922234376604,0.380336396732737,-0.0975858376438674,0.795812308730191,0.000267910471057408,2.25060396711473e-05,0.00045215997927983,0.000675058370994943,0.00256561445209031,0.507,0.387,-0.12,0.763313609467456,11000060,5000,5000,FALSE,TRUE,"parametric_mc20",15
"G-Formula","Naive",0.449445669333605,0.394598490451334,-0.054847178882271,0.87796705447492,0.000238029414569986,-1.53737113279016e-05,0.00035350222691766,0.000622279064143449,0.00279194461477217,0.507,0.387,-0.12,0.763313609467456,11000060,5000,5000,TRUE,FALSE,"parametric_mc20",15
"G-Formula","Proposed",0.478701691235726,0.378671845780257,-0.100029845455469,0.791039289630979,0.00026287270113566,-1.05109778944646e-05,0.00037700140327359,0.00066089606019818,0.00243555950027004,0.507,0.387,-0.12,0.763313609467456,11000060,5000,5000,TRUE,FALSE,"parametric_mc20",15
"IPW","Naive",0.500108980899874,0.444088583349886,-0.0560203975499876,0.887983620191769,0.000442138526861474,-3.01019954977744e-05,0.000578229095748102,0.00108057161360513,0.00391957947347123,0.507,0.387,-0.12,0.763313609467456,11000060,5000,5000,TRUE,FALSE,"parametric_mc20",15
"IPW","Proposed",0.481193494025116,0.436371921074971,-0.0448215729501457,0.906853327181921,0.000320045702967918,5.25385512476283e-05,0.000414261176438602,0.000629229776911263,0.00251426854478276,0.507,0.387,-0.12,0.763313609467456,11000060,5000,5000,TRUE,FALSE,"parametric_mc20",15
"AIPW","Naive",0.449457216138264,0.394612529533664,-0.0548446866045999,0.877975734652065,0.000238024417337897,-1.53732816616319e-05,0.000353519132941868,0.000622290113603029,0.002791881328979,0.507,0.387,-0.12,0.763313609467456,11000060,5000,5000,TRUE,FALSE,"parametric_mc20",15
"AIPW","Proposed",0.479013147069583,0.378832521049589,-0.100180626019995,0.790860383200626,0.000274054779922198,1.70371058638046e-05,0.000415049767343732,0.000655030335538321,0.00243845456256291,0.507,0.387,-0.12,0.763313609467456,11000060,5000,5000,TRUE,FALSE,"parametric_mc20",15
"G-Formula","Naive",0.481601819632661,0.430494851789031,-0.0511069678436299,0.893881281672458,0.000269312147840117,-5.49417336558914e-06,0.000369358784651506,0.000649659279222801,0.00256258973007438,0.507,0.387,-0.12,0.763313609467456,11000060,5000,5000,FALSE,FALSE,"parametric_mc20",15
"G-Formula","Proposed",0.472133389373011,0.436986730136841,-0.0351466592361699,0.925557776621466,0.000290397309222974,-3.59846276966954e-06,0.00035610248493133,0.000653696719693643,0.00274341560434074,0.507,0.387,-0.12,0.763313609467456,11000060,5000,5000,FALSE,FALSE,"parametric_mc20",15
"IPW","Naive",0.500108980899874,0.444088583349886,-0.0560203975499876,0.887983620191769,0.000442138526861474,-3.01019954977744e-05,0.000578229095748102,0.00108057161360513,0.00391957947347123,0.507,0.387,-0.12,0.763313609467456,11000060,5000,5000,FALSE,FALSE,"parametric_mc20",15
"IPW","Proposed",0.481193494025116,0.436371921074971,-0.0448215729501457,0.906853327181921,0.000320045702967918,5.25385512476283e-05,0.000414261176438602,0.000629229776911263,0.00251426854478276,0.507,0.387,-0.12,0.763313609467456,11000060,5000,5000,FALSE,FALSE,"parametric_mc20",15
"AIPW","Naive",0.481606181452521,0.430503184132013,-0.051102997320508,0.893890487106329,0.000269310312244147,-5.49668079865343e-06,0.000369361349746082,0.000649665023587536,0.00256258691944914,0.507,0.387,-0.12,0.763313609467456,11000060,5000,5000,FALSE,FALSE,"parametric_mc20",15
"AIPW","Proposed",0.472204957465579,0.436776292609594,-0.0354286648559848,0.924971848990875,0.00032739082359976,3.08652680044627e-05,0.000388050903586521,0.000653711191177355,0.00274044941331576,0.507,0.387,-0.12,0.763313609467456,11000060,5000,5000,FALSE,FALSE,"parametric_mc20",15
"G-Formula","Naive",0.450456599304762,0.206984010884317,-0.243472588420445,0.459498231802525,0.00234437882180077,-0.000172961891192338,0.00162758537712328,0.00431788798130872,0.0112439641120981,0.518,0.382,-0.136,0.737451737451737,11000061,500,500,TRUE,TRUE,"parametric_mc20",16
"G-Formula","Proposed",0.495172959436194,0.170238026653921,-0.324934932782274,0.343795078890726,0.00217990822050451,-0.000109320751979373,0.00109315246960057,0.00349170219406383,0.00581564628637508,0.518,0.382,-0.136,0.737451737451737,11000061,500,500,TRUE,TRUE,"parametric_mc20",16
"IPW","Naive",0.521120219036801,0.319934892745249,-0.201185326291551,0.613936825050836,0.00414241742911772,-7.15905151365987e-05,0.00529874930158097,0.00958434776097188,0.0255849393143689,0.518,0.382,-0.136,0.737451737451737,11000061,500,500,TRUE,TRUE,"parametric_mc20",16
"IPW","Proposed",0.494481718529117,0.186308773853851,-0.308172944675266,0.37677585818146,0.00245891507231018,0.000179225275753298,0.00152256646382692,0.0036230309846305,0.00710221765218237,0.518,0.382,-0.136,0.737451737451737,11000061,500,500,TRUE,TRUE,"parametric_mc20",16
"AIPW","Naive",0.450104258804824,0.207210881056687,-0.242893377748138,0.460361965040944,0.00234455359423289,-0.000172150090878569,0.00162604216062626,0.00431489593661629,0.0112611194327492,0.518,0.382,-0.136,0.737451737451737,11000061,500,500,TRUE,TRUE,"parametric_mc20",16
"AIPW","Proposed",0.495307999597289,0.170923220207516,-0.324384779389773,0.345084715664769,0.00230067056491814,9.11723221350295e-05,0.00122865716837154,0.00334698308901962,0.00586844066042058,0.518,0.382,-0.136,0.737451737451737,11000061,500,500,TRUE,TRUE,"parametric_mc20",16
"G-Formula","Naive",0.505112470308671,0.319645310353387,-0.185467159955284,0.632820073038494,0.00245101099518387,-2.82895773094953e-05,0.00357804049196347,0.00608563064176633,0.0180113071600312,0.518,0.382,-0.136,0.737451737451737,11000061,500,500,FALSE,TRUE,"parametric_mc20",16
"G-Formula","Proposed",0.499776920585758,0.317034528909722,-0.182742391676036,0.634352079600125,0.00246690519851443,-2.3601318824838e-05,0.00352136131804005,0.00603546915420416,0.0181922031177959,0.518,0.382,-0.136,0.737451737451737,11000061,500,500,FALSE,TRUE,"parametric_mc20",16
"IPW","Naive",0.521120219036801,0.319934892745249,-0.201185326291551,0.613936825050836,0.00414241742911772,-7.15905151365987e-05,0.00529874930158097,0.00958434776097188,0.0255849393143689,0.518,0.382,-0.136,0.737451737451737,11000061,500,500,FALSE,TRUE,"parametric_mc20",16
"IPW","Proposed",0.494481718529117,0.186308773853851,-0.308172944675266,0.37677585818146,0.00245891507231018,0.000179225275753298,0.00152256646382692,0.0036230309846305,0.00710221765218237,0.518,0.382,-0.136,0.737451737451737,11000061,500,500,FALSE,TRUE,"parametric_mc20",16
"AIPW","Naive",0.51898529440476,0.318008354827661,-0.200976939577099,0.612750222898694,0.0023170490941153,7.98727755441809e-06,0.00353697043355739,0.00583804497256385,0.0163252922174616,0.518,0.382,-0.136,0.737451737451737,11000061,500,500,FALSE,TRUE,"parametric_mc20",16
"AIPW","Proposed",0.496254115727097,0.232906854400713,-0.263347261326385,0.469329819178354,0.0022636092867804,0.000187244097637972,0.00296321941947705,0.0048523405109815,0.0133434521669514,0.518,0.382,-0.136,0.737451737451737,11000061,500,500,FALSE,TRUE,"parametric_mc20",16
"G-Formula","Naive",0.450456599304762,0.206984010884317,-0.243472588420445,0.459498231802525,0.00234437882180077,-0.000172961891192338,0.00162758537712328,0.00431788798130872,0.0112439641120981,0.518,0.382,-0.136,0.737451737451737,11000061,500,500,TRUE,FALSE,"parametric_mc20",16
"G-Formula","Proposed",0.495172959436194,0.170238026653921,-0.324934932782274,0.343795078890726,0.00217990822050451,-0.000109320751979373,0.00109315246960057,0.00349170219406383,0.00581564628637508,0.518,0.382,-0.136,0.737451737451737,11000061,500,500,TRUE,FALSE,"parametric_mc20",16
"IPW","Naive",0.506725923567715,0.322959601678835,-0.18376632188888,0.637345726078048,0.00443680307159148,-0.000312240078028453,0.00549943277135539,0.0105607159990038,0.0299866790704487,0.518,0.382,-0.136,0.737451737451737,11000061,500,500,TRUE,FALSE,"parametric_mc20",16
"IPW","Proposed",0.498012010475371,0.318549061563347,-0.179462948912024,0.639641323628481,0.00308015235665186,0.000389613129920502,0.00386836548600495,0.00616929158281581,0.0186687857003182,0.518,0.382,-0.136,0.737451737451737,11000061,500,500,TRUE,FALSE,"parametric_mc20",16
"AIPW","Naive",0.450433211609648,0.207220991391691,-0.243212220217957,0.460048207038675,0.00234416015162814,-0.000171261079147697,0.00162577269170246,0.004312455001626,0.0112350375915758,0.518,0.382,-0.136,0.737451737451737,11000061,500,500,TRUE,FALSE,"parametric_mc20",16
"AIPW","Proposed",0.495294091959444,0.1704652171822,-0.324828874777244,0.344169696246161,0.00230034109316099,9.30474562486384e-05,0.00123043337462015,0.00334467955528386,0.00586535549626285,0.518,0.382,-0.136,0.737451737451737,11000061,500,500,TRUE,FALSE,"parametric_mc20",16
"G-Formula","Naive",0.505112470308671,0.319645310353387,-0.185467159955284,0.632820073038494,0.00245101099518387,-2.82895773094953e-05,0.00357804049196347,0.00608563064176633,0.0180113071600312,0.518,0.382,-0.136,0.737451737451737,11000061,500,500,FALSE,FALSE,"parametric_mc20",16
"G-Formula","Proposed",0.499776920585758,0.317034528909722,-0.182742391676036,0.634352079600125,0.00246690519851443,-2.3601318824838e-05,0.00352136131804005,0.00603546915420416,0.0181922031177959,0.518,0.382,-0.136,0.737451737451737,11000061,500,500,FALSE,FALSE,"parametric_mc20",16
"IPW","Naive",0.506725923567715,0.322959601678835,-0.18376632188888,0.637345726078048,0.00443680307159148,-0.000312240078028453,0.00549943277135539,0.0105607159990038,0.0299866790704487,0.518,0.382,-0.136,0.737451737451737,11000061,500,500,FALSE,FALSE,"parametric_mc20",16
"IPW","Proposed",0.498012010475371,0.318549061563347,-0.179462948912024,0.639641323628481,0.00308015235665186,0.000389613129920502,0.00386836548600495,0.00616929158281581,0.0186687857003182,0.518,0.382,-0.136,0.737451737451737,11000061,500,500,FALSE,FALSE,"parametric_mc20",16
"AIPW","Naive",0.505049490762362,0.319845556628086,-0.185203934134277,0.633295473964908,0.00244983365979858,-2.75625467459743e-05,0.00357774961865128,0.00608270837194181,0.018015087042872,0.518,0.382,-0.136,0.737451737451737,11000061,500,500,FALSE,FALSE,"parametric_mc20",16
"AIPW","Proposed",0.499678700494045,0.317235093496442,-0.182443606997604,0.634878159070584,0.00287869112051329,0.000242102554258945,0.00370327073421395,0.00609775674620936,0.018248142194054,0.518,0.382,-0.136,0.737451737451737,11000061,500,500,FALSE,FALSE,"parametric_mc20",16
"G-Formula","Naive",0.437689722688615,0.411909346107737,-0.0257803765808781,0.941098967500274,0.000218937406980302,-1.34626858753442e-05,0.00033734423732789,0.00058320701605888,0.00290537510388568,0.4908,0.3924,-0.0984,0.799511002444988,11000062,5000,500,TRUE,TRUE,"parametric_mc20",16
"G-Formula","Proposed",0.4707911488757,0.400928706156828,-0.0698624427188719,0.851606295305868,0.000354977609660053,-9.90229449546581e-05,0.000474992935268626,0.001028016434838,0.00406548517157996,0.4908,0.3924,-0.0984,0.799511002444988,11000062,5000,500,TRUE,TRUE,"parametric_mc20",16
"IPW","Naive",0.473676576206893,0.438138396147584,-0.0355381800593088,0.924973744017719,0.000419673768500352,-2.52187225345066e-05,0.000554073382776455,0.00102418459634582,0.00427771904613995,0.4908,0.3924,-0.0984,0.799511002444988,11000062,5000,500,TRUE,TRUE,"parametric_mc20",16
"IPW","Proposed",0.470268310879702,0.403514380234193,-0.0667539306455091,0.858051395126674,0.000661080252667179,0.000361875493812644,0.00105224381810244,0.000989573083144333,0.00415076002900363,0.4908,0.3924,-0.0984,0.799511002444988,11000062,5000,500,TRUE,TRUE,"parametric_mc20",16
"AIPW","Naive",0.437706054531794,0.411945416720485,-0.0257606378113092,0.941146261184655,0.000218950683229505,-1.34643577074634e-05,0.000337340806541313,0.000583220205185745,0.0029053265660739,0.4908,0.3924,-0.0984,0.799511002444988,11000062,5000,500,TRUE,TRUE,"parametric_mc20",16
"AIPW","Proposed",0.471260959908303,0.405128331259406,-0.0661326286488971,0.859668773195715,0.000615101263091783,0.00032306914590327,0.00101203780610088,0.000981000777386124,0.00410267988423978,0.4908,0.3924,-0.0984,0.799511002444988,11000062,5000,500,TRUE,TRUE,"parametric_mc20",16
"G-Formula","Naive",0.469749182853595,0.444338600596962,-0.0254105822566323,0.945906063950404,0.000245682911349766,-3.85632023553033e-06,0.000334570823015738,0.000587966374836564,0.00254544199327749,0.4908,0.3924,-0.0984,0.799511002444988,11000062,5000,500,FALSE,TRUE,"parametric_mc20",16
"G-Formula","Proposed",0.453222714046581,0.458867730549118,0.00564501650253718,1.01245528153727,0.000270885343795528,-2.60233987678075e-05,0.000376335838443037,0.00069926797977418,0.00344045234779326,0.4908,0.3924,-0.0984,0.799511002444988,11000062,5000,500,FALSE,TRUE,"parametric_mc20",16
"IPW","Naive",0.473676576206893,0.438138396147584,-0.0355381800593088,0.924973744017719,0.000419673768500352,-2.52187225345066e-05,0.000554073382776455,0.00102418459634582,0.00427771904613995,0.4908,0.3924,-0.0984,0.799511002444988,11000062,5000,500,FALSE,TRUE,"parametric_mc20",16
"IPW","Proposed",0.470268310879702,0.403514380234193,-0.0667539306455091,0.858051395126674,0.000661080252667179,0.000361875493812644,0.00105224381810244,0.000989573083144333,0.00415076002900363,0.4908,0.3924,-0.0984,0.799511002444988,11000062,5000,500,FALSE,TRUE,"parametric_mc20",16
"AIPW","Naive",0.478724980107377,0.44086181935824,-0.0378631607491368,0.920908324565298,0.000237738341075405,-3.32042456987412e-07,0.000332478972743171,0.000570881398732551,0.0023331677394774,0.4908,0.3924,-0.0984,0.799511002444988,11000062,5000,500,FALSE,TRUE,"parametric_mc20",16
"AIPW","Proposed",0.470705766705866,0.403255694648597,-0.0674500720572688,0.85670438556701,0.0005890215971578,0.000355392619158173,0.00116657202440958,0.00104480838325104,0.00446799788538185,0.4908,0.3924,-0.0984,0.799511002444988,11000062,5000,500,FALSE,TRUE,"parametric_mc20",16
"G-Formula","Naive",0.437689722688615,0.411909346107737,-0.0257803765808781,0.941098967500274,0.000218937406980302,-1.34626858753442e-05,0.00033734423732789,0.00058320701605888,0.00290537510388568,0.4908,0.3924,-0.0984,0.799511002444988,11000062,5000,500,TRUE,FALSE,"parametric_mc20",16
"G-Formula","Proposed",0.4707911488757,0.400928706156828,-0.0698624427188719,0.851606295305868,0.000354977609660053,-9.90229449546581e-05,0.000474992935268626,0.001028016434838,0.00406548517157996,0.4908,0.3924,-0.0984,0.799511002444988,11000062,5000,500,TRUE,FALSE,"parametric_mc20",16
"IPW","Naive",0.464672355843637,0.441463191038364,-0.0232091648052736,0.950052624148178,0.000428608359690179,-3.56994787205057e-05,0.000565702121989901,0.00106570943912109,0.00472580079308687,0.4908,0.3924,-0.0984,0.799511002444988,11000062,5000,500,TRUE,FALSE,"parametric_mc20",16
"IPW","Proposed",0.453222482715611,0.459230229342533,0.00600774662692199,1.0132556235757,0.000805650784306943,0.000530656704910124,0.000947919951882045,0.00069225732636874,0.00340629578198563,0.4908,0.3924,-0.0984,0.799511002444988,11000062,5000,500,TRUE,FALSE,"parametric_mc20",16
"AIPW","Naive",0.437703640134481,0.411925527578715,-0.0257781125557666,0.941106012854162,0.000218957450328243,-1.34628869882854e-05,0.00033733199256304,0.000583215216867855,0.00290523721107416,0.4908,0.3924,-0.0984,0.799511002444988,11000062,5000,500,TRUE,FALSE,"parametric_mc20",16
"AIPW","Proposed",0.471095286254663,0.400736818783179,-0.0703584674714847,0.850649179636558,0.00061597385443802,0.000328017810255345,0.00100776458737204,0.00096770282129937,0.00403472484494061,0.4908,0.3924,-0.0984,0.799511002444988,11000062,5000,500,TRUE,FALSE,"parametric_mc20",16
"G-Formula","Naive",0.469749182853595,0.444338600596962,-0.0254105822566323,0.945906063950404,0.000245682911349766,-3.85632023553033e-06,0.000334570823015738,0.000587966374836564,0.00254544199327749,0.4908,0.3924,-0.0984,0.799511002444988,11000062,5000,500,FALSE,FALSE,"parametric_mc20",16
"G-Formula","Proposed",0.453222714046581,0.458867730549118,0.00564501650253718,1.01245528153727,0.000270885343795528,-2.60233987678075e-05,0.000376335838443037,0.00069926797977418,0.00344045234779326,0.4908,0.3924,-0.0984,0.799511002444988,11000062,5000,500,FALSE,FALSE,"parametric_mc20",16
"IPW","Naive",0.464672355843637,0.441463191038364,-0.0232091648052736,0.950052624148178,0.000428608359690179,-3.56994787205057e-05,0.000565702121989901,0.00106570943912109,0.00472580079308687,0.4908,0.3924,-0.0984,0.799511002444988,11000062,5000,500,FALSE,FALSE,"parametric_mc20",16
"IPW","Proposed",0.453222482715611,0.459230229342533,0.00600774662692199,1.0132556235757,0.000805650784306943,0.000530656704910124,0.000947919951882045,0.00069225732636874,0.00340629578198563,0.4908,0.3924,-0.0984,0.799511002444988,11000062,5000,500,FALSE,FALSE,"parametric_mc20",16
"AIPW","Naive",0.469768248460867,0.444357524433554,-0.0254107240273129,0.945907957571488,0.000245690884748811,-3.85842019754708e-06,0.000334568081888197,0.000587975807032102,0.00254527734623736,0.4908,0.3924,-0.0984,0.799511002444988,11000062,5000,500,FALSE,FALSE,"parametric_mc20",16
"AIPW","Proposed",0.453546060637487,0.459037425926305,0.00549136528881866,1.01210762426445,0.000767546298815886,0.000491623302928049,0.000911600758522567,0.000695900451482354,0.00341604642614694,0.4908,0.3924,-0.0984,0.799511002444988,11000062,5000,500,FALSE,FALSE,"parametric_mc20",16
"G-Formula","Naive",0.469158914005252,0.476418906821999,0.007259992816747,1.01547448551018,0.00253768896239785,-0.000122679822836669,0.00452876188834308,0.00731181049641427,0.0335957064105321,0.464,0.422,-0.042,0.90948275862069,11000063,500,5000,TRUE,TRUE,"parametric_mc20",16
"G-Formula","Proposed",0.535904417781773,0.441483244300781,-0.0944211734809926,0.823809675106202,0.0023407948752407,-8.33360208947384e-06,0.00629173128313877,0.00864919336255842,0.0274869385042923,0.464,0.422,-0.042,0.90948275862069,11000063,500,5000,TRUE,TRUE,"parametric_mc20",16
"IPW","Naive",0.519487092859513,0.557255326446201,0.0377682335866886,1.07270292968935,0.00457506894551247,-0.000235299589866451,0.0070640194630133,0.0121096875882587,0.0475542897041005,0.464,0.422,-0.042,0.90948275862069,11000063,500,5000,TRUE,TRUE,"parametric_mc20",16
"IPW","Proposed",0.530856274107469,0.421627088858986,-0.109229185248484,0.794239626474923,0.00241217442109127,5.07266697772273e-05,0.00570591768201356,0.00801663876355038,0.0253611299746354,0.464,0.422,-0.042,0.90948275862069,11000063,500,5000,TRUE,TRUE,"parametric_mc20",16
"AIPW","Naive",0.469274991548334,0.476181831010648,0.00690683946231396,1.01471810683865,0.00253814113393251,-0.000124326908008297,0.00450534609521182,0.00729214104516092,0.0334715135844677,0.464,0.422,-0.042,0.90948275862069,11000063,500,5000,TRUE,TRUE,"parametric_mc20",16
"AIPW","Proposed",0.537382936561254,0.43191016643544,-0.105472770125814,0.803728844088834,0.00230943842020763,1.16516427207525e-05,0.00567570849559217,0.00796184363035829,0.0247552452401551,0.464,0.422,-0.042,0.90948275862069,11000063,500,5000,TRUE,TRUE,"parametric_mc20",16
"G-Formula","Naive",0.51390475694855,0.5351087786401,0.0212040216915502,1.04126060598749,0.00266614025514795,-1.71819674424562e-05,0.00358635908320346,0.00628686327323632,0.0246606591716222,0.464,0.422,-0.042,0.90948275862069,11000063,500,5000,FALSE,TRUE,"parametric_mc20",16
"G-Formula","Proposed",0.525018402968771,0.535857972844172,0.010839569875401,1.02064607605011,0.00282082974442214,-1.24624985934465e-06,0.00316882174126632,0.00599214398540715,0.0221657965169498,0.464,0.422,-0.042,0.90948275862069,11000063,500,5000,FALSE,TRUE,"parametric_mc20",16
"IPW","Naive",0.519487092859513,0.557255326446201,0.0377682335866886,1.07270292968935,0.00457506894551247,-0.000235299589866451,0.0070640194630133,0.0121096875882587,0.0475542897041005,0.464,0.422,-0.042,0.90948275862069,11000063,500,5000,FALSE,TRUE,"parametric_mc20",16
"IPW","Proposed",0.530856274107469,0.421627088858986,-0.109229185248484,0.794239626474923,0.00241217442109127,5.07266697772273e-05,0.00570591768201356,0.00801663876355038,0.0253611299746354,0.464,0.422,-0.042,0.90948275862069,11000063,500,5000,FALSE,TRUE,"parametric_mc20",16
"AIPW","Naive",0.531690797927128,0.529627553719931,-0.00206324420719728,0.996119466021904,0.00257124284375427,3.40456864885942e-05,0.00358630467533652,0.0060894561461136,0.0214712013294725,0.464,0.422,-0.042,0.90948275862069,11000063,500,5000,FALSE,TRUE,"parametric_mc20",16
"AIPW","Proposed",0.534533682813069,0.424804232334024,-0.109729450479045,0.794719296449989,0.00230775068588838,2.30205042579736e-05,0.00626579537547138,0.00852750505284381,0.026902434752232,0.464,0.422,-0.042,0.90948275862069,11000063,500,5000,FALSE,TRUE,"parametric_mc20",16
"G-Formula","Naive",0.469158914005252,0.476418906821999,0.007259992816747,1.01547448551018,0.00253768896239785,-0.000122679822836669,0.00452876188834308,0.00731181049641427,0.0335957064105321,0.464,0.422,-0.042,0.90948275862069,11000063,500,5000,TRUE,FALSE,"parametric_mc20",16
"G-Formula","Proposed",0.535904417781773,0.441483244300781,-0.0944211734809926,0.823809675106202,0.0023407948752407,-8.33360208947384e-06,0.00629173128313877,0.00864919336255842,0.0274869385042923,0.464,0.422,-0.042,0.90948275862069,11000063,500,5000,TRUE,FALSE,"parametric_mc20",16
"IPW","Naive",0.502080050443937,0.563625983285008,0.0615459328410718,1.12258191255887,0.00471308595236539,-0.000468497591797654,0.00730982443413694,0.0129599055700976,0.0567312538036593,0.464,0.422,-0.042,0.90948275862069,11000063,500,5000,TRUE,FALSE,"parametric_mc20",16
"IPW","Proposed",0.523522367084461,0.550657517579039,0.0271351504945778,1.05183188379457,0.00295636389314788,7.6882785977942e-05,0.00364102974979579,0.00644362807098778,0.0246284843966204,0.464,0.422,-0.042,0.90948275862069,11000063,500,5000,TRUE,FALSE,"parametric_mc20",16
"AIPW","Naive",0.469370503012629,0.476787238394666,0.00741673538203685,1.01580145180499,0.00253712863978382,-0.000123696009376015,0.00452751544123478,0.00731203609977063,0.0335745270494766,0.464,0.422,-0.042,0.90948275862069,11000063,500,5000,TRUE,FALSE,"parametric_mc20",16
"AIPW","Proposed",0.537366863865221,0.441376459565198,-0.0959904043000224,0.821368955261636,0.00231226757853795,8.6671553371615e-06,0.00632938625991605,0.00862431952777968,0.0272718758889179,0.464,0.422,-0.042,0.90948275862069,11000063,500,5000,TRUE,FALSE,"parametric_mc20",16
"G-Formula","Naive",0.51390475694855,0.5351087786401,0.0212040216915502,1.04126060598749,0.00266614025514795,-1.71819674424562e-05,0.00358635908320346,0.00628686327323632,0.0246606591716222,0.464,0.422,-0.042,0.90948275862069,11000063,500,5000,FALSE,FALSE,"parametric_mc20",16
"G-Formula","Proposed",0.525018402968771,0.535857972844172,0.010839569875401,1.02064607605011,0.00282082974442214,-1.24624985934465e-06,0.00316882174126632,0.00599214398540715,0.0221657965169498,0.464,0.422,-0.042,0.90948275862069,11000063,500,5000,FALSE,FALSE,"parametric_mc20",16
"IPW","Naive",0.502080050443937,0.563625983285008,0.0615459328410718,1.12258191255887,0.00471308595236539,-0.000468497591797654,0.00730982443413694,0.0129599055700976,0.0567312538036593,0.464,0.422,-0.042,0.90948275862069,11000063,500,5000,FALSE,FALSE,"parametric_mc20",16
"IPW","Proposed",0.523522367084461,0.550657517579039,0.0271351504945778,1.05183188379457,0.00295636389314788,7.6882785977942e-05,0.00364102974979579,0.00644362807098778,0.0246284843966204,0.464,0.422,-0.042,0.90948275862069,11000063,500,5000,FALSE,FALSE,"parametric_mc20",16
"AIPW","Naive",0.514196841659584,0.53567955564561,0.0214827139860257,1.04177916363058,0.00266580459846083,-1.74059828046413e-05,0.00357939884580322,0.00628001540987333,0.0246176730014681,0.464,0.422,-0.042,0.90948275862069,11000063,500,5000,FALSE,FALSE,"parametric_mc20",16
"AIPW","Proposed",0.527330319234264,0.536433345516642,0.00910302628237813,1.01726247467735,0.00283195602279773,2.23075007369e-05,0.00315737419582705,0.00594471521715098,0.0217297954241509,0.464,0.422,-0.042,0.90948275862069,11000063,500,5000,FALSE,FALSE,"parametric_mc20",16
"G-Formula","Naive",0.466641237009519,0.407953216468703,-0.0586880205408156,0.874233102678797,0.00028446818452984,-1.63860331529354e-05,0.000395147932334067,0.000712388183169778,0.00294466495461728,0.5058,0.3946,-0.1112,0.780150257018584,11000064,5000,5000,TRUE,TRUE,"parametric_mc20",16
"G-Formula","Proposed",0.509285790016177,0.385114504796839,-0.124171285219338,0.756185450971655,0.000298543881630769,-1.10675577014228e-05,0.000428454575815171,0.000749133572848785,0.00237460130127564,0.5058,0.3946,-0.1112,0.780150257018584,11000064,5000,5000,TRUE,TRUE,"parametric_mc20",16
"IPW","Naive",0.520305796910447,0.459838783013515,-0.0604670138969315,0.883785623270042,0.000434900660620833,-1.75258072819325e-05,0.000575369300653587,0.00104532157583829,0.00349455116293604,0.5058,0.3946,-0.1112,0.780150257018584,11000064,5000,5000,TRUE,TRUE,"parametric_mc20",16
"IPW","Proposed",0.508833377991828,0.392370794210863,-0.116462583780964,0.77111842733156,0.000276175158360193,3.98799090951135e-05,0.000573922658744479,0.000770337998914444,0.0026133984480127,0.5058,0.3946,-0.1112,0.780150257018584,11000064,5000,5000,TRUE,TRUE,"parametric_mc20",16
"AIPW","Naive",0.466645877566297,0.407962029662767,-0.05868384790353,0.874243295130808,0.000284468585436711,-1.6383466330914e-05,0.000395245985475239,0.000712481503573778,0.00294506228422451,0.5058,0.3946,-0.1112,0.780150257018584,11000064,5000,5000,TRUE,TRUE,"parametric_mc20",16
"AIPW","Proposed",0.509678412634513,0.393486583210683,-0.11619182942383,0.772029133383856,0.000312705883026283,1.77867337352929e-05,0.00051671936170838,0.000793851777264077,0.0026008852322421,0.5058,0.3946,-0.1112,0.780150257018584,11000064,5000,5000,TRUE,TRUE,"parametric_mc20",16
"G-Formula","Naive",0.514595584316113,0.449793279463482,-0.0648023048526304,0.874071393483193,0.000318190097467103,-5.98496667494683e-06,0.000393115689003325,0.000723275719820322,0.00244204952947026,0.5058,0.3946,-0.1112,0.780150257018584,11000064,5000,5000,FALSE,TRUE,"parametric_mc20",16
"G-Formula","Proposed",0.515117068023247,0.451339875506798,-0.0637771925164482,0.876188935534223,0.000349176328016996,-3.7369029173211e-06,0.000372180427396193,0.000728830561247831,0.00243755327971561,0.5058,0.3946,-0.1112,0.780150257018584,11000064,5000,5000,FALSE,TRUE,"parametric_mc20",16
"IPW","Naive",0.520305796910447,0.459838783013515,-0.0604670138969315,0.883785623270042,0.000434900660620833,-1.75258072819325e-05,0.000575369300653587,0.00104532157583829,0.00349455116293604,0.5058,0.3946,-0.1112,0.780150257018584,11000064,5000,5000,FALSE,TRUE,"parametric_mc20",16
"IPW","Proposed",0.508833377991828,0.392370794210863,-0.116462583780964,0.77111842733156,0.000276175158360193,3.98799090951135e-05,0.000573922658744479,0.000770337998914444,0.0026133984480127,0.5058,0.3946,-0.1112,0.780150257018584,11000064,5000,5000,FALSE,TRUE,"parametric_mc20",16
"AIPW","Naive",0.521610629829156,0.447155425767982,-0.0744552040611736,0.857259036140502,0.0003085815821563,-2.38367866839448e-06,0.000391286681078003,0.000704635620571092,0.00228665605137613,0.5058,0.3946,-0.1112,0.780150257018584,11000064,5000,5000,FALSE,TRUE,"parametric_mc20",16
"AIPW","Proposed",0.511139607054827,0.391754041993364,-0.119385565061463,0.76643256868831,0.000326172617038962,2.61995899902874e-05,0.000544437954338221,0.000818211391396608,0.00266350616627732,0.5058,0.3946,-0.1112,0.780150257018584,11000064,5000,5000,FALSE,TRUE,"parametric_mc20",16
"G-Formula","Naive",0.466641237009519,0.407953216468703,-0.0586880205408156,0.874233102678797,0.00028446818452984,-1.63860331529354e-05,0.000395147932334067,0.000712388183169778,0.00294466495461728,0.5058,0.3946,-0.1112,0.780150257018584,11000064,5000,5000,TRUE,FALSE,"parametric_mc20",16
"G-Formula","Proposed",0.509285790016177,0.385114504796839,-0.124171285219338,0.756185450971655,0.000298543881630769,-1.10675577014228e-05,0.000428454575815171,0.000749133572848785,0.00237460130127564,0.5058,0.3946,-0.1112,0.780150257018584,11000064,5000,5000,TRUE,FALSE,"parametric_mc20",16
"IPW","Naive",0.513343390621402,0.462501608398308,-0.0508417822230936,0.900959507511045,0.000450867541267343,-3.15562216074274e-05,0.00058823632118408,0.00110221630566628,0.00383680323152711,0.5058,0.3946,-0.1112,0.780150257018584,11000064,5000,5000,TRUE,FALSE,"parametric_mc20",16
"IPW","Proposed",0.5130550478621,0.454665899293613,-0.0583891485684869,0.886193209068316,0.00034615639423718,5.96707481482181e-05,0.000455410706840878,0.000682225604781621,0.0023610973691937,0.5058,0.3946,-0.1112,0.780150257018584,11000064,5000,5000,TRUE,FALSE,"parametric_mc20",16
"AIPW","Naive",0.466645542541474,0.407943546551631,-0.0587019959898429,0.87420431432788,0.000284473902673043,-1.63809985593647e-05,0.000395163467872817,0.00071239936766459,0.00294459151722886,0.5058,0.3946,-0.1112,0.780150257018584,11000064,5000,5000,TRUE,FALSE,"parametric_mc20",16
"AIPW","Proposed",0.509584754082015,0.386983523471181,-0.122601230610833,0.759409539573664,0.000312736525293937,1.80801548328485e-05,0.000470762279515627,0.000747338495143867,0.00240167111169086,0.5058,0.3946,-0.1112,0.780150257018584,11000064,5000,5000,TRUE,FALSE,"parametric_mc20",16
"G-Formula","Naive",0.514595584316113,0.449793279463482,-0.0648023048526304,0.874071393483193,0.000318190097467103,-5.98496667494683e-06,0.000393115689003325,0.000723275719820322,0.00244204952947026,0.5058,0.3946,-0.1112,0.780150257018584,11000064,5000,5000,FALSE,FALSE,"parametric_mc20",16
"G-Formula","Proposed",0.515117068023247,0.451339875506798,-0.0637771925164482,0.876188935534223,0.000349176328016996,-3.7369029173211e-06,0.000372180427396193,0.000728830561247831,0.00243755327971561,0.5058,0.3946,-0.1112,0.780150257018584,11000064,5000,5000,FALSE,FALSE,"parametric_mc20",16
"IPW","Naive",0.513343390621402,0.462501608398308,-0.0508417822230936,0.900959507511045,0.000450867541267343,-3.15562216074274e-05,0.00058823632118408,0.00110221630566628,0.00383680323152711,0.5058,0.3946,-0.1112,0.780150257018584,11000064,5000,5000,FALSE,FALSE,"parametric_mc20",16
"IPW","Proposed",0.5130550478621,0.454665899293613,-0.0583891485684869,0.886193209068316,0.00034615639423718,5.96707481482181e-05,0.000455410706840878,0.000682225604781621,0.0023610973691937,0.5058,0.3946,-0.1112,0.780150257018584,11000064,5000,5000,FALSE,FALSE,"parametric_mc20",16
"AIPW","Naive",0.51459832774078,0.449791310590197,-0.0648070171505828,0.874062907598044,0.000318191306435959,-5.98267406643427e-06,0.000393134654278006,0.000723291308846833,0.00244206525469734,0.5058,0.3946,-0.1112,0.780150257018584,11000064,5000,5000,FALSE,FALSE,"parametric_mc20",16
"AIPW","Proposed",0.515358256130502,0.45356810782317,-0.0617901483073325,0.880102535328966,0.000393009526244673,3.44737316122991e-05,0.000412787194952006,0.00073684925797208,0.00247190650271839,0.5058,0.3946,-0.1112,0.780150257018584,11000064,5000,5000,FALSE,FALSE,"parametric_mc20",16
"G-Formula","Naive",0.495589661983342,0.371017673333666,-0.124571988649676,0.748638847406259,0.002263450857014,-4.16615359531885e-05,0.00357098125820328,0.00591775518712365,0.0199582744841635,0.504,0.38,-0.124,0.753968253968254,11000065,500,500,TRUE,TRUE,"parametric_mc20",17
"G-Formula","Proposed",0.541752813430435,0.366246995466626,-0.175505817963809,0.676040781675894,0.00208481774969625,-2.53647650937057e-05,0.00501459490386619,0.00715014218374986,0.0204490504055126,0.504,0.38,-0.124,0.753968253968254,11000065,500,500,TRUE,TRUE,"parametric_mc20",17
"IPW","Naive",0.53125171853174,0.368208542909467,-0.163043175622274,0.693096191626658,0.00412504408406781,-0.000225236915306573,0.00457466945192455,0.0091501873666055,0.0243366355815465,0.504,0.38,-0.124,0.753968253968254,11000065,500,500,TRUE,TRUE,"parametric_mc20",17
"IPW","Proposed",0.541137882716715,0.367691720864333,-0.173446161852382,0.679478803107227,0.00243347993385801,0.000400984886052566,0.0053504164998831,0.00698192666163598,0.020247268687018,0.504,0.38,-0.124,0.753968253968254,11000065,500,500,TRUE,TRUE,"parametric_mc20",17
"AIPW","Naive",0.495508639087368,0.371126693601832,-0.124381945485536,0.748981277673335,0.00226168117527518,-4.18271403898109e-05,0.00357192280466763,0.00591725826072244,0.0199704476114095,0.504,0.38,-0.124,0.753968253968254,11000065,500,500,TRUE,TRUE,"parametric_mc20",17
"AIPW","Proposed",0.541125842456865,0.369138490520866,-0.171987351935999,0.682167550610542,0.00225005485192346,0.000215783512926613,0.00547586361118454,0.00729435143725477,0.0212710587799178,0.504,0.38,-0.124,0.753968253968254,11000065,500,500,TRUE,TRUE,"parametric_mc20",17
"G-Formula","Naive",0.55688639987874,0.377156011541359,-0.179730388337381,0.677258434796546,0.0021371512224926,-3.13762114524092e-05,0.00317695765919857,0.00537686130459599,0.0135421458790667,0.504,0.38,-0.124,0.753968253968254,11000065,500,500,FALSE,TRUE,"parametric_mc20",17
"G-Formula","Proposed",0.537162104150584,0.378403083867468,-0.158759020283117,0.704448584409798,0.00226485558206777,-1.69414598119054e-05,0.0033533333074458,0.00565207180913738,0.0155995111050021,0.504,0.38,-0.124,0.753968253968254,11000065,500,500,FALSE,TRUE,"parametric_mc20",17
"IPW","Naive",0.53125171853174,0.368208542909467,-0.163043175622274,0.693096191626658,0.00412504408406781,-0.000225236915306573,0.00457466945192455,0.0091501873666055,0.0243366355815465,0.504,0.38,-0.124,0.753968253968254,11000065,500,500,FALSE,TRUE,"parametric_mc20",17
"IPW","Proposed",0.541137882716715,0.367691720864333,-0.173446161852382,0.679478803107227,0.00243347993385801,0.000400984886052566,0.0053504164998831,0.00698192666163598,0.020247268687018,0.504,0.38,-0.124,0.753968253968254,11000065,500,500,FALSE,TRUE,"parametric_mc20",17
"AIPW","Naive",0.548755489320334,0.377828144275976,-0.170927345044357,0.688518204608648,0.00209141823734867,-2.38545473852543e-05,0.00318119242946951,0.00532031976158869,0.0139655862933678,0.504,0.38,-0.124,0.753968253968254,11000065,500,500,FALSE,TRUE,"parametric_mc20",17
"AIPW","Proposed",0.541430491113806,0.369439999094735,-0.171990492019071,0.682340586941714,0.00218155971237004,0.000229763450579691,0.00546357381621881,0.00718560662742946,0.0210328945888919,0.504,0.38,-0.124,0.753968253968254,11000065,500,500,FALSE,TRUE,"parametric_mc20",17
"G-Formula","Naive",0.495589661983342,0.371017673333666,-0.124571988649676,0.748638847406259,0.002263450857014,-4.16615359531885e-05,0.00357098125820328,0.00591775518712365,0.0199582744841635,0.504,0.38,-0.124,0.753968253968254,11000065,500,500,TRUE,FALSE,"parametric_mc20",17
"G-Formula","Proposed",0.541752813430435,0.366246995466626,-0.175505817963809,0.676040781675894,0.00208481774969625,-2.53647650937057e-05,0.00501459490386619,0.00715014218374986,0.0204490504055126,0.504,0.38,-0.124,0.753968253968254,11000065,500,500,TRUE,FALSE,"parametric_mc20",17
"IPW","Naive",0.540136841754621,0.36758746012816,-0.172549381626461,0.680545061384929,0.00437266106604739,-0.000314245844670778,0.0046059327169011,0.00960708547229004,0.0241949060127744,0.504,0.38,-0.124,0.753968253968254,11000065,500,500,TRUE,FALSE,"parametric_mc20",17
"IPW","Proposed",0.535753281259659,0.378410241081107,-0.157343040178552,0.706314369538516,0.00295166709279637,0.000506736389170679,0.0039551613646398,0.00589335567909481,0.0164158196474442,0.504,0.38,-0.124,0.753968253968254,11000065,500,500,TRUE,FALSE,"parametric_mc20",17
"AIPW","Naive",0.495574464544712,0.371026962283088,-0.124547502261624,0.748680549196483,0.00226330858898316,-4.21900115537136e-05,0.00357007216458326,0.00591776077667385,0.0199592839629129,0.504,0.38,-0.124,0.753968253968254,11000065,500,500,TRUE,FALSE,"parametric_mc20",17
"AIPW","Proposed",0.541467146358298,0.366410453705379,-0.175056692652919,0.676699327317855,0.00224876163784469,0.000205497177084851,0.00524965139668633,0.00708741868036132,0.020469174681574,0.504,0.38,-0.124,0.753968253968254,11000065,500,500,TRUE,FALSE,"parametric_mc20",17
"G-Formula","Naive",0.55688639987874,0.377156011541359,-0.179730388337381,0.677258434796546,0.0021371512224926,-3.13762114524092e-05,0.00317695765919857,0.00537686130459599,0.0135421458790667,0.504,0.38,-0.124,0.753968253968254,11000065,500,500,FALSE,FALSE,"parametric_mc20",17
"G-Formula","Proposed",0.537162104150584,0.378403083867468,-0.158759020283117,0.704448584409798,0.00226485558206777,-1.69414598119054e-05,0.0033533333074458,0.00565207180913738,0.0155995111050021,0.504,0.38,-0.124,0.753968253968254,11000065,500,500,FALSE,FALSE,"parametric_mc20",17
"IPW","Naive",0.540136841754621,0.36758746012816,-0.172549381626461,0.680545061384929,0.00437266106604739,-0.000314245844670778,0.0046059327169011,0.00960708547229004,0.0241949060127744,0.504,0.38,-0.124,0.753968253968254,11000065,500,500,FALSE,FALSE,"parametric_mc20",17
"IPW","Proposed",0.535753281259659,0.378410241081107,-0.157343040178552,0.706314369538516,0.00295166709279637,0.000506736389170679,0.0039551613646398,0.00589335567909481,0.0164158196474442,0.504,0.38,-0.124,0.753968253968254,11000065,500,500,FALSE,FALSE,"parametric_mc20",17
"AIPW","Naive",0.556919071745614,0.377168471580744,-0.17975060016487,0.677241076335459,0.00213653528567062,-3.12650119678862e-05,0.00317679326809369,0.00537585857770008,0.0135384650240793,0.504,0.38,-0.124,0.753968253968254,11000065,500,500,FALSE,FALSE,"parametric_mc20",17
"AIPW","Proposed",0.53617978457589,0.378667186901281,-0.157512597674609,0.706231748742263,0.00272278010218983,0.000313317018253543,0.00359748438827799,0.00569363045396074,0.0156978598312395,0.504,0.38,-0.124,0.753968253968254,11000065,500,500,FALSE,FALSE,"parametric_mc20",17
"G-Formula","Naive",0.44584667326682,0.420221364181516,-0.0256253090853044,0.942524390958125,0.000222718000775902,-1.3319675146958e-05,0.000390613083126519,0.000639970434196336,0.00308670715845744,0.4952,0.3902,-0.105,0.787964458804523,11000066,5000,500,TRUE,TRUE,"parametric_mc20",17
"G-Formula","Proposed",0.489620052479714,0.389508479834233,-0.100111572645482,0.795532123044267,0.000333321777920867,-8.31486695482643e-05,0.000501001804306806,0.0010006209213242,0.00352168793468758,0.4952,0.3902,-0.105,0.787964458804523,11000066,5000,500,TRUE,TRUE,"parametric_mc20",17
"IPW","Naive",0.498680985729888,0.470170975029289,-0.028510010700599,0.942829160291984,0.000412541064577151,-2.44032460873537e-05,0.000632457589579724,0.00109380514633158,0.00420291594566488,0.4952,0.3902,-0.105,0.787964458804523,11000066,5000,500,TRUE,TRUE,"parametric_mc20",17
"IPW","Proposed",0.490331034645489,0.388089704530044,-0.102241330115446,0.791485092944675,0.000712943930685944,0.000405165889418008,0.00105627141532011,0.000958883567170034,0.00358336430885398,0.4952,0.3902,-0.105,0.787964458804523,11000066,5000,500,TRUE,TRUE,"parametric_mc20",17
"AIPW","Naive",0.445841412934549,0.420253123454881,-0.0255882894796682,0.942606745947522,0.000222721963316078,-1.33163762423407e-05,0.000390664876063428,0.000640019591864188,0.00308721197063016,0.4952,0.3902,-0.105,0.787964458804523,11000066,5000,500,TRUE,TRUE,"parametric_mc20",17
"AIPW","Proposed",0.489737477511129,0.388571394691423,-0.101166082819706,0.793427933402531,0.000666071850284955,0.000367036408336943,0.00102934900883495,0.000961348042446016,0.00361164039825129,0.4952,0.3902,-0.105,0.787964458804523,11000066,5000,500,TRUE,TRUE,"parametric_mc20",17
"G-Formula","Naive",0.481940874832279,0.473618125798344,-0.00832274903393532,0.982730767468454,0.000249321445690951,-2.19833872002294e-06,0.000369619671139023,0.00062333779427002,0.00264663091670953,0.4952,0.3902,-0.105,0.787964458804523,11000066,5000,500,FALSE,TRUE,"parametric_mc20",17
"G-Formula","Proposed",0.486013183216856,0.468965626163766,-0.0170475570530897,0.964923673592033,0.000268653630498947,-1.2305843896281e-05,0.000381557912778953,0.000674823231070463,0.00277484867911372,0.4952,0.3902,-0.105,0.787964458804523,11000066,5000,500,FALSE,TRUE,"parametric_mc20",17
"IPW","Naive",0.498680985729888,0.470170975029289,-0.028510010700599,0.942829160291984,0.000412541064577151,-2.44032460873537e-05,0.000632457589579724,0.00109380514633158,0.00420291594566488,0.4952,0.3902,-0.105,0.787964458804523,11000066,5000,500,FALSE,TRUE,"parametric_mc20",17
"IPW","Proposed",0.490331034645489,0.388089704530044,-0.102241330115446,0.791485092944675,0.000712943930685944,0.000405165889418008,0.00105627141532011,0.000958883567170034,0.00358336430885398,0.4952,0.3902,-0.105,0.787964458804523,11000066,5000,500,FALSE,TRUE,"parametric_mc20",17
"AIPW","Naive",0.492272749097819,0.469563886721266,-0.0227088623765521,0.953869349018059,0.000240887421357812,1.64463631092555e-06,0.000367692134906545,0.000605290283642505,0.00240879843888207,0.4952,0.3902,-0.105,0.787964458804523,11000066,5000,500,FALSE,TRUE,"parametric_mc20",17
"AIPW","Proposed",0.488426848393481,0.388303497372767,-0.100123351020715,0.795008502603742,0.000655552449575134,0.000445068086801557,0.00125138553270339,0.00101680180867541,0.00401597479972726,0.4952,0.3902,-0.105,0.787964458804523,11000066,5000,500,FALSE,TRUE,"parametric_mc20",17
"G-Formula","Naive",0.44584667326682,0.420221364181516,-0.0256253090853044,0.942524390958125,0.000222718000775902,-1.3319675146958e-05,0.000390613083126519,0.000639970434196336,0.00308670715845744,0.4952,0.3902,-0.105,0.787964458804523,11000066,5000,500,TRUE,FALSE,"parametric_mc20",17
"G-Formula","Proposed",0.489620052479714,0.389508479834233,-0.100111572645482,0.795532123044267,0.000333321777920867,-8.31486695482643e-05,0.000501001804306806,0.0010006209213242,0.00352168793468758,0.4952,0.3902,-0.105,0.787964458804523,11000066,5000,500,TRUE,FALSE,"parametric_mc20",17
"IPW","Naive",0.488401498622368,0.474252566137104,-0.0141489324852634,0.97103012065857,0.000425053771779968,-3.99187551750324e-05,0.0006497240712363,0.00115461535336633,0.00472897832018103,0.4952,0.3902,-0.105,0.787964458804523,11000066,5000,500,TRUE,FALSE,"parametric_mc20",17
"IPW","Proposed",0.488089369582888,0.468906101925101,-0.0191832676577866,0.960697222981561,0.00091091598218015,0.000600638943877946,0.000968304721427981,0.000677942815852239,0.00274926343364114,0.4952,0.3902,-0.105,0.787964458804523,11000066,5000,500,TRUE,FALSE,"parametric_mc20",17
"AIPW","Naive",0.445846701431324,0.420222424885796,-0.0256242765455279,0.942526710496534,0.000222717165062446,-1.33196217141554e-05,0.000390611373613372,0.000639967782104129,0.00308669913672451,0.4952,0.3902,-0.105,0.787964458804523,11000066,5000,500,TRUE,FALSE,"parametric_mc20",17
"AIPW","Proposed",0.48972156178898,0.389737697197407,-0.0999838645915737,0.79583528193791,0.000666431324943783,0.000372355817249869,0.00101456702229238,0.000936286712736423,0.00351914215593882,0.4952,0.3902,-0.105,0.787964458804523,11000066,5000,500,TRUE,FALSE,"parametric_mc20",17
"G-Formula","Naive",0.481940874832279,0.473618125798344,-0.00832274903393532,0.982730767468454,0.000249321445690951,-2.19833872002294e-06,0.000369619671139023,0.00062333779427002,0.00264663091670953,0.4952,0.3902,-0.105,0.787964458804523,11000066,5000,500,FALSE,FALSE,"parametric_mc20",17
"G-Formula","Proposed",0.486013183216856,0.468965626163766,-0.0170475570530897,0.964923673592033,0.000268653630498947,-1.2305843896281e-05,0.000381557912778953,0.000674823231070463,0.00277484867911372,0.4952,0.3902,-0.105,0.787964458804523,11000066,5000,500,FALSE,FALSE,"parametric_mc20",17
"IPW","Naive",0.488401498622368,0.474252566137104,-0.0141489324852634,0.97103012065857,0.000425053771779968,-3.99187551750324e-05,0.0006497240712363,0.00115461535336633,0.00472897832018103,0.4952,0.3902,-0.105,0.787964458804523,11000066,5000,500,FALSE,FALSE,"parametric_mc20",17
"IPW","Proposed",0.488089369582888,0.468906101925101,-0.0191832676577866,0.960697222981561,0.00091091598218015,0.000600638943877946,0.000968304721427981,0.000677942815852239,0.00274926343364114,0.4952,0.3902,-0.105,0.787964458804523,11000066,5000,500,FALSE,FALSE,"parametric_mc20",17
"AIPW","Naive",0.481943018522648,0.473618404122565,-0.00832461440008309,0.982726973770465,0.000249320885881276,-2.19815164445075e-06,0.000369619798239719,0.000623336987409896,0.00264659593321427,0.4952,0.3902,-0.105,0.787964458804523,11000066,5000,500,FALSE,FALSE,"parametric_mc20",17
"AIPW","Proposed",0.486191458867625,0.46908102814974,-0.0171104307178855,0.964807216569092,0.000856976024280141,0.000554219400043754,0.000926958324257331,0.000675495548449965,0.00277198293756264,0.4952,0.3902,-0.105,0.787964458804523,11000066,5000,500,FALSE,FALSE,"parametric_mc20",17
"G-Formula","Naive",0.414673162620584,0.442822739903669,0.0281495772830848,1.06788376924417,0.00212490889884144,-0.000184115189156134,0.00325527322240858,0.00574841249956229,0.0353100304368193,0.462,0.37,-0.092,0.800865800865801,11000067,500,5000,TRUE,TRUE,"parametric_mc20",17
"G-Formula","Proposed",0.477514781781091,0.413589572979587,-0.0639252088015042,0.866129361350724,0.00235497792506716,-9.99054788094307e-06,0.00367862210922973,0.00605358113005878,0.0239565697801914,0.462,0.37,-0.092,0.800865800865801,11000067,500,5000,TRUE,TRUE,"parametric_mc20",17
"IPW","Naive",0.43386761892161,0.450551287336208,0.0166836684145982,1.03845336154854,0.00418461392072884,-0.000340009785726838,0.00606384448384424,0.0109284779760268,0.0599371706803422,0.462,0.37,-0.092,0.800865800865801,11000067,500,5000,TRUE,TRUE,"parametric_mc20",17
"IPW","Proposed",0.483736466856679,0.413690111078597,-0.0700463557780815,0.855197280797863,0.00232530480537323,3.17053822826219e-05,0.00383664978769775,0.00609854382850573,0.023431789906287,0.462,0.37,-0.092,0.800865800865801,11000067,500,5000,TRUE,TRUE,"parametric_mc20",17
"AIPW","Naive",0.415241736235631,0.443114419647619,0.0278726834119888,1.06712399303757,0.00212168728719085,-0.000185664055482468,0.00325572346911524,0.00574873886727103,0.0351922926466025,0.462,0.37,-0.092,0.800865800865801,11000067,500,5000,TRUE,TRUE,"parametric_mc20",17
"AIPW","Proposed",0.477512746329573,0.413856328054136,-0.0636564182754367,0.866691687782713,0.00234400927355289,3.42857734007798e-07,0.00370341488984547,0.00604673844793035,0.0239609308195313,0.462,0.37,-0.092,0.800865800865801,11000067,500,5000,TRUE,TRUE,"parametric_mc20",17
"G-Formula","Naive",0.423908298681839,0.456773122481661,0.0328648237998213,1.07752814441712,0.00249997496425817,-9.21025670763339e-05,0.00336543693705214,0.00604961703546298,0.0359856676142054,0.462,0.37,-0.092,0.800865800865801,11000067,500,5000,FALSE,TRUE,"parametric_mc20",17
"G-Formula","Proposed",0.425360446216533,0.455028436006196,0.029667989789663,1.06974788101139,0.00249546769586264,-5.53543848051467e-06,0.00337551108316102,0.00588204965598468,0.0345051499880005,0.462,0.37,-0.092,0.800865800865801,11000067,500,5000,FALSE,TRUE,"parametric_mc20",17
"IPW","Naive",0.43386761892161,0.450551287336208,0.0166836684145982,1.03845336154854,0.00418461392072884,-0.000340009785726838,0.00606384448384424,0.0109284779760268,0.0599371706803422,0.462,0.37,-0.092,0.800865800865801,11000067,500,5000,FALSE,TRUE,"parametric_mc20",17
"IPW","Proposed",0.483736466856679,0.413690111078597,-0.0700463557780815,0.855197280797863,0.00232530480537323,3.17053822826219e-05,0.00383664978769775,0.00609854382850573,0.023431789906287,0.462,0.37,-0.092,0.800865800865801,11000067,500,5000,FALSE,TRUE,"parametric_mc20",17
"AIPW","Naive",0.43571740293446,0.45290567419519,0.0171882712607305,1.0394482091947,0.00246615905281612,-5.96559793557363e-05,0.00333737787424371,0.0059228488857713,0.0322674506797441,0.462,0.37,-0.092,0.800865800865801,11000067,500,5000,FALSE,TRUE,"parametric_mc20",17
"AIPW","Proposed",0.477787605924738,0.415979607488163,-0.0618079984365756,0.870637082942014,0.00239042994560175,-2.91453495914e-06,0.00368898398177331,0.00608524299729334,0.0241195120023048,0.462,0.37,-0.092,0.800865800865801,11000067,500,5000,FALSE,TRUE,"parametric_mc20",17
"G-Formula","Naive",0.414673162620584,0.442822739903669,0.0281495772830848,1.06788376924417,0.00212490889884144,-0.000184115189156134,0.00325527322240858,0.00574841249956229,0.0353100304368193,0.462,0.37,-0.092,0.800865800865801,11000067,500,5000,TRUE,FALSE,"parametric_mc20",17
"G-Formula","Proposed",0.477514781781091,0.413589572979587,-0.0639252088015042,0.866129361350724,0.00235497792506716,-9.99054788094307e-06,0.00367862210922973,0.00605358113005878,0.0239565697801914,0.462,0.37,-0.092,0.800865800865801,11000067,500,5000,TRUE,FALSE,"parametric_mc20",17
"IPW","Naive",0.422149824739613,0.45396449021218,0.0318146654725669,1.07536344588604,0.00415495138660116,-0.000375423993399708,0.00613731631324393,0.0110431156866445,0.0659308257988782,0.462,0.37,-0.092,0.800865800865801,11000067,500,5000,TRUE,FALSE,"parametric_mc20",17
"IPW","Proposed",0.427559562070861,0.455689229716127,0.0281296676452656,1.06579122569268,0.00246813113821248,4.61323691308456e-05,0.00345948760495792,0.00583535400490871,0.0337225804778321,0.462,0.37,-0.092,0.800865800865801,11000067,500,5000,TRUE,FALSE,"parametric_mc20",17
"AIPW","Naive",0.414737372149262,0.44275377158875,0.0280163994394879,1.06755214581773,0.00212519973005764,-0.000184394367866578,0.00325413436512843,0.00574812283091923,0.0352884110119207,0.462,0.37,-0.092,0.800865800865801,11000067,500,5000,TRUE,FALSE,"parametric_mc20",17
"AIPW","Proposed",0.477553235633074,0.413466126141695,-0.0640871094913784,0.865801119729781,0.00234770459828636,1.0210181120008e-06,0.00370321714256884,0.0060488797046312,0.0239471424787356,0.462,0.37,-0.092,0.800865800865801,11000067,500,5000,TRUE,FALSE,"parametric_mc20",17
"G-Formula","Naive",0.423908298681839,0.456773122481661,0.0328648237998213,1.07752814441712,0.00249997496425817,-9.21025670763339e-05,0.00336543693705214,0.00604961703546298,0.0359856676142054,0.462,0.37,-0.092,0.800865800865801,11000067,500,5000,FALSE,FALSE,"parametric_mc20",17
"G-Formula","Proposed",0.425360446216533,0.455028436006196,0.029667989789663,1.06974788101139,0.00249546769586264,-5.53543848051467e-06,0.00337551108316102,0.00588204965598468,0.0345051499880005,0.462,0.37,-0.092,0.800865800865801,11000067,500,5000,FALSE,FALSE,"parametric_mc20",17
"IPW","Naive",0.422149824739613,0.45396449021218,0.0318146654725669,1.07536344588604,0.00415495138660116,-0.000375423993399708,0.00613731631324393,0.0110431156866445,0.0659308257988782,0.462,0.37,-0.092,0.800865800865801,11000067,500,5000,FALSE,FALSE,"parametric_mc20",17
"IPW","Proposed",0.427559562070861,0.455689229716127,0.0281296676452656,1.06579122569268,0.00246813113821248,4.61323691308456e-05,0.00345948760495792,0.00583535400490871,0.0337225804778321,0.462,0.37,-0.092,0.800865800865801,11000067,500,5000,FALSE,FALSE,"parametric_mc20",17
"AIPW","Naive",0.423956172217101,0.45669523831297,0.0327390660958695,1.07722276084497,0.00249909827109197,-9.21784100651571e-05,0.00336404669314585,0.00604750178436814,0.0359555898886952,0.462,0.37,-0.092,0.800865800865801,11000067,500,5000,FALSE,FALSE,"parametric_mc20",17
"AIPW","Proposed",0.425380528823225,0.454906220863747,0.0295256920405219,1.06941006943172,0.00251024119687929,1.11695203201025e-05,0.00339033547934827,0.00587823763558736,0.0344697502114963,0.462,0.37,-0.092,0.800865800865801,11000067,500,5000,FALSE,FALSE,"parametric_mc20",17
"G-Formula","Naive",0.456792447097346,0.411676943934308,-0.0451155031630373,0.901234130621641,0.000224782031447679,-1.03327357976397e-05,0.000375803771681525,0.000621251274724484,0.00276527917370282,0.507,0.3746,-0.1324,0.738856015779093,11000068,5000,5000,TRUE,TRUE,"parametric_mc20",17
"G-Formula","Proposed",0.495402241241054,0.389684676231027,-0.105717565010028,0.786602570175722,0.000212858705537715,-7.16357202770937e-06,0.000436804518230474,0.000663990367823609,0.00236236355137931,0.507,0.3746,-0.1324,0.738856015779093,11000068,5000,5000,TRUE,TRUE,"parametric_mc20",17
"IPW","Naive",0.503257580007197,0.438136763317109,-0.0651208166900881,0.870601419080152,0.000438615587555121,-2.69260012578982e-05,0.000571953856941331,0.00106442144701225,0.00375603732325545,0.507,0.3746,-0.1324,0.738856015779093,11000068,5000,5000,TRUE,TRUE,"parametric_mc20",17
"IPW","Proposed",0.494474188164591,0.38966638651367,-0.104807801650921,0.788041915716671,0.000253679158351777,3.93774118421257e-05,0.000496338711917247,0.000671263046584772,0.00242046007410413,0.507,0.3746,-0.1324,0.738856015779093,11000068,5000,5000,TRUE,TRUE,"parametric_mc20",17
"AIPW","Naive",0.45674713857797,0.411659793491352,-0.0450873450866188,0.901285982377486,0.000224774724055988,-1.03499014259084e-05,0.000375728030742795,0.0006212025576506,0.00276569047089845,0.507,0.3746,-0.1324,0.738856015779093,11000068,5000,5000,TRUE,TRUE,"parametric_mc20",17
"AIPW","Proposed",0.495464402675973,0.389049331422146,-0.106415071253827,0.785221560461082,0.00022828284348847,2.05879302532853e-05,0.000470267090491254,0.000657374073473153,0.00235732526302581,0.507,0.3746,-0.1324,0.738856015779093,11000068,5000,5000,TRUE,TRUE,"parametric_mc20",17
"G-Formula","Naive",0.492271474749348,0.446766882365404,-0.0455045923839434,0.907561996341321,0.000244818938109037,-3.29033866765282e-06,0.000341010817407101,0.000592410432851444,0.00226397960506377,0.507,0.3746,-0.1324,0.738856015779093,11000068,5000,5000,FALSE,TRUE,"parametric_mc20",17
"G-Formula","Proposed",0.491881572044209,0.443229503624906,-0.0486520684193033,0.90108987369234,0.000243082460975479,-2.29364146846865e-06,0.000334068631689336,0.000581738375601752,0.00221360494647266,0.507,0.3746,-0.1324,0.738856015779093,11000068,5000,5000,FALSE,TRUE,"parametric_mc20",17
"IPW","Naive",0.503257580007197,0.438136763317109,-0.0651208166900881,0.870601419080152,0.000438615587555121,-2.69260012578982e-05,0.000571953856941331,0.00106442144701225,0.00375603732325545,0.507,0.3746,-0.1324,0.738856015779093,11000068,5000,5000,FALSE,TRUE,"parametric_mc20",17
"IPW","Proposed",0.494474188164591,0.38966638651367,-0.104807801650921,0.788041915716671,0.000253679158351777,3.93774118421257e-05,0.000496338711917247,0.000671263046584772,0.00242046007410413,0.507,0.3746,-0.1324,0.738856015779093,11000068,5000,5000,FALSE,TRUE,"parametric_mc20",17
"AIPW","Naive",0.501962725086653,0.443447154520591,-0.0585155705660625,0.883426462480932,0.000237689252733171,-5.7160662454368e-07,0.000339861742783505,0.000578694208765763,0.0020890645245977,0.507,0.3746,-0.1324,0.738856015779093,11000068,5000,5000,FALSE,TRUE,"parametric_mc20",17
"AIPW","Proposed",0.494760624314021,0.388451045176292,-0.106309579137729,0.785129264712354,0.000228605403815679,2.59146258127178e-05,0.00049487798977454,0.000671654141964784,0.00243109918609604,0.507,0.3746,-0.1324,0.738856015779093,11000068,5000,5000,FALSE,TRUE,"parametric_mc20",17
"G-Formula","Naive",0.456792447097346,0.411676943934308,-0.0451155031630373,0.901234130621641,0.000224782031447679,-1.03327357976397e-05,0.000375803771681525,0.000621251274724484,0.00276527917370282,0.507,0.3746,-0.1324,0.738856015779093,11000068,5000,5000,TRUE,FALSE,"parametric_mc20",17
"G-Formula","Proposed",0.495402241241054,0.389684676231027,-0.105717565010028,0.786602570175722,0.000212858705537715,-7.16357202770937e-06,0.000436804518230474,0.000663990367823609,0.00236236355137931,0.507,0.3746,-0.1324,0.738856015779093,11000068,5000,5000,TRUE,FALSE,"parametric_mc20",17
"IPW","Naive",0.493570403608129,0.441417502631373,-0.0521529009767565,0.894335437061248,0.000449158160220888,-3.89836240323341e-05,0.000583863523440352,0.00111098893172591,0.00415762061449626,0.507,0.3746,-0.1324,0.738856015779093,11000068,5000,5000,TRUE,FALSE,"parametric_mc20",17
"IPW","Proposed",0.491633399105418,0.442868593331806,-0.0487648057736124,0.900810632755331,0.000308022774532855,5.60164231527722e-05,0.000389600447485342,0.000585590375712652,0.00222846748575953,0.507,0.3746,-0.1324,0.738856015779093,11000068,5000,5000,TRUE,FALSE,"parametric_mc20",17
"AIPW","Naive",0.45679672345925,0.411693720307369,-0.0451030031518809,0.901262419725074,0.000224785866462654,-1.03336706705818e-05,0.000375812751433125,0.000621265959236942,0.00276535116979958,0.507,0.3746,-0.1324,0.738856015779093,11000068,5000,5000,TRUE,FALSE,"parametric_mc20",17
"AIPW","Proposed",0.49541349543427,0.389670779389075,-0.105742716045194,0.78655665011204,0.000228411946106927,2.11683149762748e-05,0.000471620632808306,0.000657695948962684,0.0023616579205291,0.507,0.3746,-0.1324,0.738856015779093,11000068,5000,5000,TRUE,FALSE,"parametric_mc20",17
"G-Formula","Naive",0.492271474749348,0.446766882365404,-0.0455045923839434,0.907561996341321,0.000244818938109037,-3.29033866765282e-06,0.000341010817407101,0.000592410432851444,0.00226397960506377,0.507,0.3746,-0.1324,0.738856015779093,11000068,5000,5000,FALSE,FALSE,"parametric_mc20",17
"G-Formula","Proposed",0.491881572044209,0.443229503624906,-0.0486520684193033,0.90108987369234,0.000243082460975479,-2.29364146846865e-06,0.000334068631689336,0.000581738375601752,0.00221360494647266,0.507,0.3746,-0.1324,0.738856015779093,11000068,5000,5000,FALSE,FALSE,"parametric_mc20",17
"IPW","Naive",0.493570403608129,0.441417502631373,-0.0521529009767565,0.894335437061248,0.000449158160220888,-3.89836240323341e-05,0.000583863523440352,0.00111098893172591,0.00415762061449626,0.507,0.3746,-0.1324,0.738856015779093,11000068,5000,5000,FALSE,FALSE,"parametric_mc20",17
"IPW","Proposed",0.491633399105418,0.442868593331806,-0.0487648057736124,0.900810632755331,0.000308022774532855,5.60164231527722e-05,0.000389600447485342,0.000585590375712652,0.00222846748575953,0.507,0.3746,-0.1324,0.738856015779093,11000068,5000,5000,FALSE,FALSE,"parametric_mc20",17
"AIPW","Naive",0.492278168515926,0.446783493290833,-0.0454946752250933,0.907583398706779,0.000244826067866822,-3.29155632322414e-06,0.000341023869555542,0.000592433050068813,0.0022640450776897,0.507,0.3746,-0.1324,0.738856015779093,11000068,5000,5000,FALSE,FALSE,"parametric_mc20",17
"AIPW","Proposed",0.49192023822815,0.443215239176033,-0.0487049990521168,0.900990048249392,0.000283662295995948,3.40349634355444e-05,0.000366543018967685,0.000582135388092544,0.00221288008967493,0.507,0.3746,-0.1324,0.738856015779093,11000068,5000,5000,FALSE,FALSE,"parametric_mc20",17
"G-Formula","Naive",0.446735442867286,0.524788063035918,0.0780526201686321,1.1747177695767,0.00198250942226831,-0.000159564349868496,0.00364897316985435,0.00595061129185966,0.0338706223397638,0.54,0.392,-0.148,0.725925925925926,11000069,500,500,TRUE,TRUE,"parametric_mc20",18
"G-Formula","Proposed",0.477384589577441,0.512453127898769,0.0350685383213283,1.07345972008097,0.00185405617340209,-8.81615936442186e-05,0.00372462728883847,0.005755006649529,0.0265487769219494,0.54,0.392,-0.148,0.725925925925926,11000069,500,500,TRUE,TRUE,"parametric_mc20",18
"IPW","Naive",0.487568818446397,0.565183550832161,0.0776147323857641,1.15918723562569,0.00385212767144949,-0.000342557129557835,0.00827214655734859,0.0128093884879138,0.0599120112283201,0.54,0.392,-0.148,0.725925925925926,11000069,500,500,TRUE,TRUE,"parametric_mc20",18
"IPW","Proposed",0.476104613461897,0.528190753521277,0.0520861400593804,1.10940062033982,0.00226919171246946,0.000446880095006674,0.00563769301409758,0.00701312453655369,0.0328178564148558,0.54,0.392,-0.148,0.725925925925926,11000069,500,500,TRUE,TRUE,"parametric_mc20",18
"AIPW","Naive",0.446755876018908,0.524544233603572,0.0777883575846644,1.17411826404578,0.00198461718389211,-0.000160822932933388,0.00363271796076617,0.00593898101052505,0.033800501692107,0.54,0.392,-0.148,0.725925925925926,11000069,500,500,TRUE,TRUE,"parametric_mc20",18
"AIPW","Proposed",0.477463472084108,0.510642840287253,0.0331793682031455,1.06949090379274,0.00196844881493384,0.000200072953106799,0.00409665659460134,0.00566495950332158,0.0259692138607581,0.54,0.392,-0.148,0.725925925925926,11000069,500,500,TRUE,TRUE,"parametric_mc20",18
"G-Formula","Naive",0.473414316235225,0.563800997661564,0.0903866814263394,1.19092511216207,0.00225216471203899,-3.85639621745709e-05,0.00360101247736214,0.00593030511375028,0.0307294436892833,0.54,0.392,-0.148,0.725925925925926,11000069,500,500,FALSE,TRUE,"parametric_mc20",18
"G-Formula","Proposed",0.476162380049448,0.561984132262482,0.0858217522130343,1.18023631393165,0.00222742395275551,-3.028493610397e-05,0.00353483452880343,0.00582282835376688,0.0295903085149153,0.54,0.392,-0.148,0.725925925925926,11000069,500,500,FALSE,TRUE,"parametric_mc20",18
"IPW","Naive",0.487568818446397,0.565183550832161,0.0776147323857641,1.15918723562569,0.00385212767144949,-0.000342557129557835,0.00827214655734859,0.0128093884879138,0.0599120112283201,0.54,0.392,-0.148,0.725925925925926,11000069,500,500,FALSE,TRUE,"parametric_mc20",18
"IPW","Proposed",0.476104613461897,0.528190753521277,0.0520861400593804,1.10940062033982,0.00226919171246946,0.000446880095006674,0.00563769301409758,0.00701312453655369,0.0328178564148558,0.54,0.392,-0.148,0.725925925925926,11000069,500,500,FALSE,TRUE,"parametric_mc20",18
"AIPW","Naive",0.495063109622165,0.558611646348822,0.0635485367266566,1.1283645165465,0.00218967635032653,-3.44641878550418e-05,0.00355772186752531,0.00581632659356193,0.0262086348036498,0.54,0.392,-0.148,0.725925925925926,11000069,500,500,FALSE,TRUE,"parametric_mc20",18
"AIPW","Proposed",0.476985319044416,0.516253905814193,0.0392685867697763,1.08232661510096,0.00201857891063891,0.000251705754376582,0.00447491181151457,0.00599007921340032,0.0276671076660694,0.54,0.392,-0.148,0.725925925925926,11000069,500,500,FALSE,TRUE,"parametric_mc20",18
"G-Formula","Naive",0.446735442867286,0.524788063035918,0.0780526201686321,1.1747177695767,0.00198250942226831,-0.000159564349868496,0.00364897316985435,0.00595061129185966,0.0338706223397638,0.54,0.392,-0.148,0.725925925925926,11000069,500,500,TRUE,FALSE,"parametric_mc20",18
"G-Formula","Proposed",0.477384589577441,0.512453127898769,0.0350685383213283,1.07345972008097,0.00185405617340209,-8.81615936442186e-05,0.00372462728883847,0.005755006649529,0.0265487769219494,0.54,0.392,-0.148,0.725925925925926,11000069,500,500,TRUE,FALSE,"parametric_mc20",18
"IPW","Naive",0.465892719893294,0.568531983534456,0.102639263641163,1.22030664841612,0.00385622120718213,-0.000445343515442036,0.00828390610845194,0.0130308143465181,0.0696285792132013,0.54,0.392,-0.148,0.725925925925926,11000069,500,500,TRUE,FALSE,"parametric_mc20",18
"IPW","Proposed",0.475267689198682,0.555211181820596,0.0799434926219142,1.1682072954648,0.00285521311132939,0.000685692406013663,0.00422632231837456,0.00571015061767662,0.0288684769237766,0.54,0.392,-0.148,0.725925925925926,11000069,500,500,TRUE,FALSE,"parametric_mc20",18
"AIPW","Naive",0.446691533063511,0.524575652350511,0.077884119287,1.17435772456409,0.00198234745495233,-0.000159344198324709,0.0036475380620702,0.00594857391367195,0.0338573992107001,0.54,0.392,-0.148,0.725925925925926,11000069,500,500,TRUE,FALSE,"parametric_mc20",18
"AIPW","Proposed",0.477460637353298,0.509485358992468,0.0320247216391699,1.06707300902686,0.00196851233905319,0.000227616851109124,0.00429312879887165,0.00580640743570659,0.0265334609947175,0.54,0.392,-0.148,0.725925925925926,11000069,500,500,TRUE,FALSE,"parametric_mc20",18
"G-Formula","Naive",0.473414316235225,0.563800997661564,0.0903866814263394,1.19092511216207,0.00225216471203899,-3.85639621745709e-05,0.00360101247736214,0.00593030511375028,0.0307294436892833,0.54,0.392,-0.148,0.725925925925926,11000069,500,500,FALSE,FALSE,"parametric_mc20",18
"G-Formula","Proposed",0.476162380049448,0.561984132262482,0.0858217522130343,1.18023631393165,0.00222742395275551,-3.028493610397e-05,0.00353483452880343,0.00582282835376688,0.0295903085149153,0.54,0.392,-0.148,0.725925925925926,11000069,500,500,FALSE,FALSE,"parametric_mc20",18
"IPW","Naive",0.465892719893294,0.568531983534456,0.102639263641163,1.22030664841612,0.00385622120718213,-0.000445343515442036,0.00828390610845194,0.0130308143465181,0.0696285792132013,0.54,0.392,-0.148,0.725925925925926,11000069,500,500,FALSE,FALSE,"parametric_mc20",18
"IPW","Proposed",0.475267689198682,0.555211181820596,0.0799434926219142,1.1682072954648,0.00285521311132939,0.000685692406013663,0.00422632231837456,0.00571015061767662,0.0288684769237766,0.54,0.392,-0.148,0.725925925925926,11000069,500,500,FALSE,FALSE,"parametric_mc20",18
"AIPW","Naive",0.473291554406076,0.563597479697089,0.0903059252910131,1.19080400748823,0.00225209825810544,-3.92501221766356e-05,0.00359916300009268,0.00592976150255139,0.0307410633390944,0.54,0.392,-0.148,0.725925925925926,11000069,500,500,FALSE,FALSE,"parametric_mc20",18
"AIPW","Proposed",0.476145915170857,0.55912872199162,0.0829828068207628,1.17428020314106,0.00260997612329937,0.00041780376673461,0.00405779462785075,0.0058321632176809,0.0294446509231872,0.54,0.392,-0.148,0.725925925925926,11000069,500,500,FALSE,FALSE,"parametric_mc20",18
"G-Formula","Naive",0.446022626175846,0.417664217275138,-0.0283584089007078,0.936419349072378,0.000212302789021595,-1.2257548159053e-05,0.000365858070576657,0.000602675955916358,0.00289026760289558,0.4954,0.3824,-0.113,0.77190149374243,11000070,5000,500,TRUE,TRUE,"parametric_mc20",18
"G-Formula","Proposed",0.508985086022979,0.384499277643678,-0.124485808379301,0.755423465642212,0.000351080490616416,-8.80254690343173e-05,0.000508936453532975,0.00103606788221803,0.0032512150100889,0.4954,0.3824,-0.113,0.77190149374243,11000070,5000,500,TRUE,TRUE,"parametric_mc20",18
"IPW","Naive",0.487070508674847,0.448596145441289,-0.0384743632335585,0.921008637254113,0.000412668803416656,-2.33991181514349e-05,0.000543931912339904,0.00100339895205943,0.00394997394392843,0.4954,0.3824,-0.113,0.77190149374243,11000070,5000,500,TRUE,TRUE,"parametric_mc20",18
"IPW","Proposed",0.507891852168528,0.384457541908917,-0.123434310259611,0.756967335206132,0.000746310268678899,0.000393515965990673,0.00100385986744934,0.000963138204146891,0.0032398699621179,0.4954,0.3824,-0.113,0.77190149374243,11000070,5000,500,TRUE,TRUE,"parametric_mc20",18
"AIPW","Naive",0.445837486919551,0.417688639111166,-0.0281488478083848,0.936862985652294,0.000212290063390225,-1.22609992402961e-05,0.000365975284775114,0.000602787346645931,0.00289417691778253,0.4954,0.3824,-0.113,0.77190149374243,11000070,5000,500,TRUE,TRUE,"parametric_mc20",18
"AIPW","Proposed",0.509254341638649,0.385236683389795,-0.124017658248853,0.756472064921829,0.000701432759429559,0.000358876423501161,0.000990121276761304,0.00097380118918854,0.00327198363284232,0.4954,0.3824,-0.113,0.77190149374243,11000070,5000,500,TRUE,TRUE,"parametric_mc20",18
"G-Formula","Naive",0.478395301451042,0.459384866103418,-0.0190104353476238,0.960262077637547,0.000235418552873577,-4.24980530884007e-06,0.000323588956224094,0.000567507119715351,0.00239808648861083,0.4954,0.3824,-0.113,0.77190149374243,11000070,5000,500,FALSE,TRUE,"parametric_mc20",18
"G-Formula","Proposed",0.484986549837925,0.454265782935836,-0.0307207669020891,0.936656455911292,0.000271582930916573,-2.68952538702598e-05,0.000341245441419969,0.000666618880077062,0.00267798995382998,0.4954,0.3824,-0.113,0.77190149374243,11000070,5000,500,FALSE,TRUE,"parametric_mc20",18
"IPW","Naive",0.487070508674847,0.448596145441289,-0.0384743632335585,0.921008637254113,0.000412668803416656,-2.33991181514349e-05,0.000543931912339904,0.00100339895205943,0.00394997394392843,0.4954,0.3824,-0.113,0.77190149374243,11000070,5000,500,FALSE,TRUE,"parametric_mc20",18
"IPW","Proposed",0.507891852168528,0.384457541908917,-0.123434310259611,0.756967335206132,0.000746310268678899,0.000393515965990673,0.00100385986744934,0.000963138204146891,0.0032398699621179,0.4954,0.3824,-0.113,0.77190149374243,11000070,5000,500,FALSE,TRUE,"parametric_mc20",18
"AIPW","Naive",0.494958313005377,0.454132428208726,-0.0408258847966516,0.917516518615967,0.000227498541255302,-9.33173870460396e-07,0.000322657180722783,0.000552022069719006,0.00210579768714767,0.4954,0.3824,-0.113,0.77190149374243,11000070,5000,500,FALSE,TRUE,"parametric_mc20",18
"AIPW","Proposed",0.507663497571856,0.386456656153649,-0.121206841418207,0.76124570311252,0.000652891689720778,0.000402792913265911,0.00115943976551323,0.00100674562870219,0.0035873448375004,0.4954,0.3824,-0.113,0.77190149374243,11000070,5000,500,FALSE,TRUE,"parametric_mc20",18
"G-Formula","Naive",0.446022626175846,0.417664217275138,-0.0283584089007078,0.936419349072378,0.000212302789021595,-1.2257548159053e-05,0.000365858070576657,0.000602675955916358,0.00289026760289558,0.4954,0.3824,-0.113,0.77190149374243,11000070,5000,500,TRUE,FALSE,"parametric_mc20",18
"G-Formula","Proposed",0.508985086022979,0.384499277643678,-0.124485808379301,0.755423465642212,0.000351080490616416,-8.80254690343173e-05,0.000508936453532975,0.00103606788221803,0.0032512150100889,0.4954,0.3824,-0.113,0.77190149374243,11000070,5000,500,TRUE,FALSE,"parametric_mc20",18
"IPW","Naive",0.470674856977832,0.454299886574624,-0.0163749704032078,0.965209591801121,0.000417476953833882,-3.53472851167844e-05,0.000558638763389125,0.00104681028745658,0.0045853184854037,0.4954,0.3824,-0.113,0.77190149374243,11000070,5000,500,TRUE,FALSE,"parametric_mc20",18
"IPW","Proposed",0.485226164243631,0.454664376163527,-0.0305617880801032,0.937015374824763,0.000898955624308621,0.000560062841642841,0.000889516070548821,0.00066834601157176,0.00267248689700013,0.4954,0.3824,-0.113,0.77190149374243,11000070,5000,500,TRUE,FALSE,"parametric_mc20",18
"AIPW","Naive",0.446037379349332,0.417666099422768,-0.0283712799265635,0.936392595687942,0.000212352326987717,-1.22543086731744e-05,0.000365890679380421,0.000602751623714487,0.00289037138452661,0.4954,0.3824,-0.113,0.77190149374243,11000070,5000,500,TRUE,FALSE,"parametric_mc20",18
"AIPW","Proposed",0.509025083338862,0.38458291303671,-0.124442170302152,0.755528412301619,0.000700609288612115,0.000361047062381725,0.000987541006160055,0.00096605617000872,0.00324925189688794,0.4954,0.3824,-0.113,0.77190149374243,11000070,5000,500,TRUE,FALSE,"parametric_mc20",18
"G-Formula","Naive",0.478395301451042,0.459384866103418,-0.0190104353476238,0.960262077637547,0.000235418552873577,-4.24980530884007e-06,0.000323588956224094,0.000567507119715351,0.00239808648861083,0.4954,0.3824,-0.113,0.77190149374243,11000070,5000,500,FALSE,FALSE,"parametric_mc20",18
"G-Formula","Proposed",0.484986549837925,0.454265782935836,-0.0307207669020891,0.936656455911292,0.000271582930916573,-2.68952538702598e-05,0.000341245441419969,0.000666618880077062,0.00267798995382998,0.4954,0.3824,-0.113,0.77190149374243,11000070,5000,500,FALSE,FALSE,"parametric_mc20",18
"IPW","Naive",0.470674856977832,0.454299886574624,-0.0163749704032078,0.965209591801121,0.000417476953833882,-3.53472851167844e-05,0.000558638763389125,0.00104681028745658,0.0045853184854037,0.4954,0.3824,-0.113,0.77190149374243,11000070,5000,500,FALSE,FALSE,"parametric_mc20",18
"IPW","Proposed",0.485226164243631,0.454664376163527,-0.0305617880801032,0.937015374824763,0.000898955624308621,0.000560062841642841,0.000889516070548821,0.00066834601157176,0.00267248689700013,0.4954,0.3824,-0.113,0.77190149374243,11000070,5000,500,FALSE,FALSE,"parametric_mc20",18
"AIPW","Naive",0.478409205017283,0.459399428890783,-0.0190097761264996,0.960264610448261,0.000235418319863774,-4.25159465033568e-06,0.000323593876309952,0.000567515385474398,0.00239798777400209,0.4954,0.3824,-0.113,0.77190149374243,11000070,5000,500,FALSE,FALSE,"parametric_mc20",18
"AIPW","Proposed",0.485025351527758,0.454356846962416,-0.0306685045653415,0.936769275113682,0.000857550540504507,0.000520506712746568,0.000852256127467971,0.000668793242479342,0.00267630128886463,0.4954,0.3824,-0.113,0.77190149374243,11000070,5000,500,FALSE,FALSE,"parametric_mc20",18
"G-Formula","Naive",0.436662595514749,0.340391350074689,-0.0962712454400602,0.779529443490407,0.0019214435501199,-0.000117089657583356,0.00377345502008182,0.00592907788536843,0.0268709678725778,0.516,0.374,-0.142,0.724806201550388,11000071,500,5000,TRUE,TRUE,"parametric_mc20",18
"G-Formula","Proposed",0.504744614425637,0.322309680490567,-0.18243493393507,0.638559919767212,0.00162552737343344,-7.42686873966243e-06,0.00494076053591711,0.00658114164682987,0.0220321541255453,0.516,0.374,-0.142,0.724806201550388,11000071,500,5000,TRUE,TRUE,"parametric_mc20",18
"IPW","Naive",0.511309246341569,0.379377772628604,-0.131931473712965,0.741973229201432,0.00414595784312118,-0.00019855772084081,0.00520479206118433,0.00974786534598712,0.0297658219260814,0.516,0.374,-0.142,0.724806201550388,11000071,500,5000,TRUE,TRUE,"parametric_mc20",18
"IPW","Proposed",0.504356293668028,0.319162599058377,-0.185193694609651,0.632811770300724,0.00186612404534631,3.01101954181668e-05,0.00475922465420123,0.00656512830871121,0.0214974011034153,0.516,0.374,-0.142,0.724806201550388,11000071,500,5000,TRUE,TRUE,"parametric_mc20",18
"AIPW","Naive",0.436359597749391,0.340385938478998,-0.095973659270393,0.780058328577174,0.00192251959615147,-0.000116463682191092,0.00377490124613598,0.00593034820666963,0.0269231771260934,0.516,0.374,-0.142,0.724806201550388,11000071,500,5000,TRUE,TRUE,"parametric_mc20",18
"AIPW","Proposed",0.5031146409283,0.319241670474871,-0.183872970453429,0.63453067055619,0.00160475551176567,-4.59088910351675e-07,0.00479658161844103,0.00640225530802741,0.0215043941328773,0.516,0.374,-0.142,0.724806201550388,11000071,500,5000,TRUE,TRUE,"parametric_mc20",18
"G-Formula","Naive",0.481222436967582,0.371058215902691,-0.110164221064891,0.771074221395226,0.00240038150176721,-3.39676887186543e-05,0.00340260229196396,0.00587091917116849,0.0210823478894348,0.516,0.374,-0.142,0.724806201550388,11000071,500,5000,FALSE,TRUE,"parametric_mc20",18
"G-Formula","Proposed",0.478123249333888,0.373954757000147,-0.104168492333741,0.782130460129545,0.00238655870090352,-1.84283705927788e-06,0.00340488163187661,0.00579512600689868,0.0212933071448779,0.516,0.374,-0.142,0.724806201550388,11000071,500,5000,FALSE,TRUE,"parametric_mc20",18
"IPW","Naive",0.511309246341569,0.379377772628604,-0.131931473712965,0.741973229201432,0.00414595784312118,-0.00019855772084081,0.00520479206118433,0.00974786534598712,0.0297658219260814,0.516,0.374,-0.142,0.724806201550388,11000071,500,5000,FALSE,TRUE,"parametric_mc20",18
"IPW","Proposed",0.504356293668028,0.319162599058377,-0.185193694609651,0.632811770300724,0.00186612404534631,3.01101954181668e-05,0.00475922465420123,0.00656512830871121,0.0214974011034153,0.516,0.374,-0.142,0.724806201550388,11000071,500,5000,FALSE,TRUE,"parametric_mc20",18
"AIPW","Naive",0.499834197735908,0.367510885548575,-0.132323312187333,0.735265588495713,0.00227633814219955,-6.66445153093294e-06,0.00337988513431041,0.00566955217957182,0.0184934992956758,0.516,0.374,-0.142,0.724806201550388,11000071,500,5000,FALSE,TRUE,"parametric_mc20",18
"AIPW","Proposed",0.50510511090831,0.319707853942242,-0.185397256966067,0.63295311616888,0.00179124971877996,3.31460251315187e-06,0.00486680688946412,0.00665142740321778,0.0218720377813323,0.516,0.374,-0.142,0.724806201550388,11000071,500,5000,FALSE,TRUE,"parametric_mc20",18
"G-Formula","Naive",0.436662595514749,0.340391350074689,-0.0962712454400602,0.779529443490407,0.0019214435501199,-0.000117089657583356,0.00377345502008182,0.00592907788536843,0.0268709678725778,0.516,0.374,-0.142,0.724806201550388,11000071,500,5000,TRUE,FALSE,"parametric_mc20",18
"G-Formula","Proposed",0.504744614425637,0.322309680490567,-0.18243493393507,0.638559919767212,0.00162552737343344,-7.42686873966243e-06,0.00494076053591711,0.00658114164682987,0.0220321541255453,0.516,0.374,-0.142,0.724806201550388,11000071,500,5000,TRUE,FALSE,"parametric_mc20",18
"IPW","Naive",0.493392284593513,0.382932341657504,-0.110459942936009,0.776121462809228,0.00426785893341971,-0.000313314342754733,0.00530277809146376,0.0101972657103929,0.0343413739965507,0.516,0.374,-0.142,0.724806201550388,11000071,500,5000,TRUE,FALSE,"parametric_mc20",18
"IPW","Proposed",0.478151527748025,0.373194370429456,-0.104957157318569,0.780493941297456,0.00244885184409469,4.51248787791446e-05,0.00339693636436694,0.00575553845090334,0.0210746162961917,0.516,0.374,-0.142,0.724806201550388,11000071,500,5000,TRUE,FALSE,"parametric_mc20",18
"AIPW","Naive",0.43650301169773,0.340342989524795,-0.0961600221729347,0.779703645574103,0.00192071425423811,-0.000116905210283431,0.00377249592072251,0.00592702059552748,0.0268847023124136,0.516,0.374,-0.142,0.724806201550388,11000071,500,5000,TRUE,FALSE,"parametric_mc20",18
"AIPW","Proposed",0.503850265284477,0.321032997777629,-0.182817267506848,0.63715952912394,0.00160037565891414,-3.60408063023472e-07,0.00492976050678042,0.00653085698182061,0.021979894586637,0.516,0.374,-0.142,0.724806201550388,11000071,500,5000,TRUE,FALSE,"parametric_mc20",18
"G-Formula","Naive",0.481222436967582,0.371058215902691,-0.110164221064891,0.771074221395226,0.00240038150176721,-3.39676887186543e-05,0.00340260229196396,0.00587091917116849,0.0210823478894348,0.516,0.374,-0.142,0.724806201550388,11000071,500,5000,FALSE,FALSE,"parametric_mc20",18
"G-Formula","Proposed",0.478123249333888,0.373954757000147,-0.104168492333741,0.782130460129545,0.00238655870090352,-1.84283705927788e-06,0.00340488163187661,0.00579512600689868,0.0212933071448779,0.516,0.374,-0.142,0.724806201550388,11000071,500,5000,FALSE,FALSE,"parametric_mc20",18
"IPW","Naive",0.493392284593513,0.382932341657504,-0.110459942936009,0.776121462809228,0.00426785893341971,-0.000313314342754733,0.00530277809146376,0.0101972657103929,0.0343413739965507,0.516,0.374,-0.142,0.724806201550388,11000071,500,5000,FALSE,FALSE,"parametric_mc20",18
"IPW","Proposed",0.478151527748025,0.373194370429456,-0.104957157318569,0.780493941297456,0.00244885184409469,4.51248787791446e-05,0.00339693636436694,0.00575553845090334,0.0210746162961917,0.516,0.374,-0.142,0.724806201550388,11000071,500,5000,FALSE,FALSE,"parametric_mc20",18
"AIPW","Naive",0.481073980969401,0.371028046520064,-0.110045934449336,0.771249456834923,0.0023994136494226,-3.38545371230443e-05,0.00340189783905702,0.0058690205627257,0.0210919306491963,0.516,0.374,-0.142,0.724806201550388,11000071,500,5000,FALSE,FALSE,"parametric_mc20",18
"AIPW","Proposed",0.477759828497295,0.372876254697164,-0.104883573800131,0.780467993447623,0.00239899373614196,1.30402969004075e-05,0.00339629645169121,0.00576920959403235,0.0211923187098359,0.516,0.374,-0.142,0.724806201550388,11000071,500,5000,FALSE,FALSE,"parametric_mc20",18
"G-Formula","Naive",0.461493884020765,0.406923370824581,-0.0545705131961843,0.881752467181713,0.000221790817664061,-1.53226988473431e-05,0.000339600421802848,0.000592036637161596,0.00253108385305572,0.4968,0.3822,-0.1146,0.769323671497585,11000072,5000,5000,TRUE,TRUE,"parametric_mc20",18
"G-Formula","Proposed",0.511854890135824,0.380351489071742,-0.131503401064083,0.743084605425598,0.000211202059789111,-1.00733220007964e-05,0.000392209188042847,0.000623557891833551,0.00199927263025637,0.4968,0.3822,-0.1146,0.769323671497585,11000072,5000,5000,TRUE,TRUE,"parametric_mc20",18
"IPW","Naive",0.519385567360646,0.450324590817122,-0.0690609765435242,0.867033316126841,0.00043891195266156,-2.38470804938997e-05,0.000577845345933993,0.00106445145958335,0.003518474214035,0.4968,0.3822,-0.1146,0.769323671497585,11000072,5000,5000,TRUE,TRUE,"parametric_mc20",18
"IPW","Proposed",0.512423656507347,0.375911047641173,-0.136512608866173,0.733594249343139,0.000246112543225423,3.70690910278413e-05,0.000449270914745393,0.000621245275915133,0.00200828560695292,0.4968,0.3822,-0.1146,0.769323671497585,11000072,5000,5000,TRUE,TRUE,"parametric_mc20",18
"AIPW","Naive",0.461511687402036,0.406868615941564,-0.0546430714604728,0.881599810032825,0.000221797174946424,-1.53203246168067e-05,0.000339478981184735,0.000591916805364772,0.00253001968708186,0.4968,0.3822,-0.1146,0.769323671497585,11000072,5000,5000,TRUE,TRUE,"parametric_mc20",18
"AIPW","Proposed",0.511995533130612,0.375856310301281,-0.136139222829332,0.734100760612296,0.000224752065669182,1.8760335023862e-05,0.000422268754567244,0.000609500150188702,0.00196782521749906,0.4968,0.3822,-0.1146,0.769323671497585,11000072,5000,5000,TRUE,TRUE,"parametric_mc20",18
"G-Formula","Naive",0.504187376032445,0.447442149859108,-0.0567452261733377,0.887452108341392,0.000243789703138349,-4.26469285956544e-06,0.000343376767339351,0.000595695856196831,0.00213586727446953,0.4968,0.3822,-0.1146,0.769323671497585,11000072,5000,5000,FALSE,TRUE,"parametric_mc20",18
"G-Formula","Proposed",0.504409683476917,0.447222704665334,-0.057186978811582,0.886625929904062,0.000242031928409593,-3.21662801475737e-06,0.000340819537650039,0.000589284722089147,0.00210976656446482,0.4968,0.3822,-0.1146,0.769323671497585,11000072,5000,5000,FALSE,TRUE,"parametric_mc20",18
"IPW","Naive",0.519385567360646,0.450324590817122,-0.0690609765435242,0.867033316126841,0.00043891195266156,-2.38470804938997e-05,0.000577845345933993,0.00106445145958335,0.003518474214035,0.4968,0.3822,-0.1146,0.769323671497585,11000072,5000,5000,FALSE,TRUE,"parametric_mc20",18
"IPW","Proposed",0.512423656507347,0.375911047641173,-0.136512608866173,0.733594249343139,0.000246112543225423,3.70690910278413e-05,0.000449270914745393,0.000621245275915133,0.00200828560695292,0.4968,0.3822,-0.1146,0.769323671497585,11000072,5000,5000,FALSE,TRUE,"parametric_mc20",18
"AIPW","Naive",0.512523766209823,0.444402946427808,-0.0681208197820146,0.867087490818667,0.000234026156886646,-5.24109892291663e-07,0.000340882241315354,0.000575956617986584,0.00197099257259063,0.4968,0.3822,-0.1146,0.769323671497585,11000072,5000,5000,FALSE,TRUE,"parametric_mc20",18
"AIPW","Proposed",0.512023010416312,0.375620872266839,-0.136402138149473,0.733601546464546,0.000218782955145181,2.50091402254715e-05,0.000456148497291656,0.000624913171985894,0.00204906241909675,0.4968,0.3822,-0.1146,0.769323671497585,11000072,5000,5000,FALSE,TRUE,"parametric_mc20",18
"G-Formula","Naive",0.461493884020765,0.406923370824581,-0.0545705131961843,0.881752467181713,0.000221790817664061,-1.53226988473431e-05,0.000339600421802848,0.000592036637161596,0.00253108385305572,0.4968,0.3822,-0.1146,0.769323671497585,11000072,5000,5000,TRUE,FALSE,"parametric_mc20",18
"G-Formula","Proposed",0.511854890135824,0.380351489071742,-0.131503401064083,0.743084605425598,0.000211202059789111,-1.00733220007964e-05,0.000392209188042847,0.000623557891833551,0.00199927263025637,0.4968,0.3822,-0.1146,0.769323671497585,11000072,5000,5000,TRUE,FALSE,"parametric_mc20",18
"IPW","Naive",0.511090296100752,0.453159875360754,-0.0579304207399979,0.886653256416792,0.000454002175197734,-3.74384671602272e-05,0.000590611267692101,0.00111949037721029,0.00388156654313338,0.4968,0.3822,-0.1146,0.769323671497585,11000072,5000,5000,TRUE,FALSE,"parametric_mc20",18
"IPW","Proposed",0.504933367148691,0.446926120423726,-0.0580072467249643,0.885119006785934,0.000310332050846839,5.74846709813256e-05,0.00039582337906535,0.000591186087949537,0.00210696524207971,0.4968,0.3822,-0.1146,0.769323671497585,11000072,5000,5000,TRUE,FALSE,"parametric_mc20",18
"AIPW","Naive",0.461505876037243,0.406939070262972,-0.0545668057742701,0.881763573103744,0.000221794048763507,-1.53154955020781e-05,0.000339615973220949,0.000592041012988612,0.00253099947691621,0.4968,0.3822,-0.1146,0.769323671497585,11000072,5000,5000,TRUE,FALSE,"parametric_mc20",18
"AIPW","Proposed",0.512059561405525,0.380558080769747,-0.131501480635778,0.743191045442396,0.000224738706554072,1.92060288578484e-05,0.000427883280737734,0.00061420992957611,0.00199640122352331,0.4968,0.3822,-0.1146,0.769323671497585,11000072,5000,5000,TRUE,FALSE,"parametric_mc20",18
"G-Formula","Naive",0.504187376032445,0.447442149859108,-0.0567452261733377,0.887452108341392,0.000243789703138349,-4.26469285956544e-06,0.000343376767339351,0.000595695856196831,0.00213586727446953,0.4968,0.3822,-0.1146,0.769323671497585,11000072,5000,5000,FALSE,FALSE,"parametric_mc20",18
"G-Formula","Proposed",0.504409683476917,0.447222704665334,-0.057186978811582,0.886625929904062,0.000242031928409593,-3.21662801475737e-06,0.000340819537650039,0.000589284722089147,0.00210976656446482,0.4968,0.3822,-0.1146,0.769323671497585,11000072,5000,5000,FALSE,FALSE,"parametric_mc20",18
"IPW","Naive",0.511090296100752,0.453159875360754,-0.0579304207399979,0.886653256416792,0.000454002175197734,-3.74384671602272e-05,0.000590611267692101,0.00111949037721029,0.00388156654313338,0.4968,0.3822,-0.1146,0.769323671497585,11000072,5000,5000,FALSE,FALSE,"parametric_mc20",18
"IPW","Proposed",0.504933367148691,0.446926120423726,-0.0580072467249643,0.885119006785934,0.000310332050846839,5.74846709813256e-05,0.00039582337906535,0.000591186087949537,0.00210696524207971,0.4968,0.3822,-0.1146,0.769323671497585,11000072,5000,5000,FALSE,FALSE,"parametric_mc20",18
"AIPW","Naive",0.504192544880068,0.447454236948972,-0.0567383079310961,0.887466983581456,0.000243783599835936,-4.26200995111501e-06,0.000343385345739245,0.00059569296547741,0.00213584540468144,0.4968,0.3822,-0.1146,0.769323671497585,11000072,5000,5000,FALSE,FALSE,"parametric_mc20",18
"AIPW","Proposed",0.504637760651425,0.447343721095175,-0.05729403955625,0.886465017040559,0.000284694170015567,3.45483530857983e-05,0.000373690161313443,0.000589287625157413,0.00210538884663876,0.4968,0.3822,-0.1146,0.769323671497585,11000072,5000,5000,FALSE,FALSE,"parametric_mc20",18
"G-Formula","Naive",0.422373757413906,0.405175439253573,-0.0171983181603327,0.959281754942272,0.0017928576816316,-0.000206697713870666,0.00343616726524449,0.00564242037461742,0.030731887255109,0.494,0.386,-0.108,0.781376518218624,11000073,500,500,TRUE,TRUE,"parametric_mc20",19
"G-Formula","Proposed",0.523385832254572,0.361875393887276,-0.161510438367296,0.691412284372386,0.00191876745015543,-0.000111678103761771,0.00377177159768434,0.00591389525536331,0.0176812439698748,0.494,0.386,-0.108,0.781376518218624,11000073,500,500,TRUE,TRUE,"parametric_mc20",19
"IPW","Naive",0.471663221295289,0.446922661489448,-0.0247405598058407,0.947546133154292,0.00392775463543762,-0.000174411691173899,0.0058732612513696,0.010149839269155,0.0437383180052808,0.494,0.386,-0.108,0.781376518218624,11000073,500,500,TRUE,TRUE,"parametric_mc20",19
"IPW","Proposed",0.519511798169878,0.341347054230696,-0.178164743939182,0.65705351723134,0.00220650284727015,0.000280436987196506,0.00361266884676803,0.00525829771964517,0.0155496518677269,0.494,0.386,-0.108,0.781376518218624,11000073,500,500,TRUE,TRUE,"parametric_mc20",19
"AIPW","Naive",0.421403223267755,0.406434055655313,-0.0149691676124422,0.964477804663276,0.00180117747438099,-0.000204415896630424,0.00342287982224372,0.00563288908988556,0.0309305934062812,0.494,0.386,-0.108,0.781376518218624,11000073,500,500,TRUE,TRUE,"parametric_mc20",19
"AIPW","Proposed",0.521976123735719,0.348980166687643,-0.172995957048076,0.668574961226263,0.00198652595002445,0.000121620345546231,0.00372388164474756,0.00546716690367955,0.0163298623402469,0.494,0.386,-0.108,0.781376518218624,11000073,500,500,TRUE,TRUE,"parametric_mc20",19
"G-Formula","Naive",0.451013004054056,0.434393469252553,-0.0166195348015032,0.963150652748116,0.00239482364619411,-6.17184771508134e-05,0.00351834476354711,0.00603660536404285,0.0288025891559444,0.494,0.386,-0.108,0.781376518218624,11000073,500,500,FALSE,TRUE,"parametric_mc20",19
"G-Formula","Proposed",0.46484961663564,0.417845418921463,-0.0470041977141764,0.898883002089212,0.00238812819574904,-4.24540677292768e-05,0.00336656541826849,0.00583960174947608,0.0248627578278224,0.494,0.386,-0.108,0.781376518218624,11000073,500,500,FALSE,TRUE,"parametric_mc20",19
"IPW","Naive",0.471663221295289,0.446922661489448,-0.0247405598058407,0.947546133154292,0.00392775463543762,-0.000174411691173899,0.0058732612513696,0.010149839269155,0.0437383180052808,0.494,0.386,-0.108,0.781376518218624,11000073,500,500,FALSE,TRUE,"parametric_mc20",19
"IPW","Proposed",0.519511798169878,0.341347054230696,-0.178164743939182,0.65705351723134,0.00220650284727015,0.000280436987196506,0.00361266884676803,0.00525829771964517,0.0155496518677269,0.494,0.386,-0.108,0.781376518218624,11000073,500,500,FALSE,TRUE,"parametric_mc20",19
"AIPW","Naive",0.463331973831975,0.432907889959993,-0.0304240838719818,0.93433631696004,0.00227458758572885,-1.03645451528125e-05,0.00347399305123552,0.00576930972727,0.0255223087141061,0.494,0.386,-0.108,0.781376518218624,11000073,500,500,FALSE,TRUE,"parametric_mc20",19
"AIPW","Proposed",0.517108611839309,0.351321671016688,-0.165786940822621,0.679396287304263,0.00189867601696525,0.000108482127294418,0.00381141399736479,0.0054931257597412,0.0169797176936059,0.494,0.386,-0.108,0.781376518218624,11000073,500,500,FALSE,TRUE,"parametric_mc20",19
"G-Formula","Naive",0.422373757413906,0.405175439253573,-0.0171983181603327,0.959281754942272,0.0017928576816316,-0.000206697713870666,0.00343616726524449,0.00564242037461742,0.030731887255109,0.494,0.386,-0.108,0.781376518218624,11000073,500,500,TRUE,FALSE,"parametric_mc20",19
"G-Formula","Proposed",0.523385832254572,0.361875393887276,-0.161510438367296,0.691412284372386,0.00191876745015543,-0.000111678103761771,0.00377177159768434,0.00591389525536331,0.0176812439698748,0.494,0.386,-0.108,0.781376518218624,11000073,500,500,TRUE,FALSE,"parametric_mc20",19
"IPW","Naive",0.459521854819313,0.450783405803858,-0.00873844901545517,0.980983605189157,0.00403526186013126,-0.000288737687113511,0.00601445877097489,0.0106271960053332,0.0495557154804677,0.494,0.386,-0.108,0.781376518218624,11000073,500,500,TRUE,FALSE,"parametric_mc20",19
"IPW","Proposed",0.465950382431611,0.423241728006541,-0.0427086544250702,0.908340767525094,0.00294066709326685,0.000478915895062252,0.0038812637538557,0.00586409905699805,0.0250450297509789,0.494,0.386,-0.108,0.781376518218624,11000073,500,500,TRUE,FALSE,"parametric_mc20",19
"AIPW","Naive",0.421135864110305,0.406861000877657,-0.0142748632326476,0.96610390031064,0.00179759044834003,-0.000203572627443202,0.00342873728176223,0.00563347298498866,0.0310104714880387,0.494,0.386,-0.108,0.781376518218624,11000073,500,500,TRUE,FALSE,"parametric_mc20",19
"AIPW","Proposed",0.522337758385202,0.364274605737019,-0.158063152648183,0.69739282655569,0.00197495681533242,0.000129435138028281,0.00405908056288115,0.00577516710215701,0.017736174335396,0.494,0.386,-0.108,0.781376518218624,11000073,500,500,TRUE,FALSE,"parametric_mc20",19
"G-Formula","Naive",0.451013004054056,0.434393469252553,-0.0166195348015032,0.963150652748116,0.00239482364619411,-6.17184771508134e-05,0.00351834476354711,0.00603660536404285,0.0288025891559444,0.494,0.386,-0.108,0.781376518218624,11000073,500,500,FALSE,FALSE,"parametric_mc20",19
"G-Formula","Proposed",0.46484961663564,0.417845418921463,-0.0470041977141764,0.898883002089212,0.00238812819574904,-4.24540677292768e-05,0.00336656541826849,0.00583960174947608,0.0248627578278224,0.494,0.386,-0.108,0.781376518218624,11000073,500,500,FALSE,FALSE,"parametric_mc20",19
"IPW","Naive",0.459521854819313,0.450783405803858,-0.00873844901545517,0.980983605189157,0.00403526186013126,-0.000288737687113511,0.00601445877097489,0.0106271960053332,0.0495557154804677,0.494,0.386,-0.108,0.781376518218624,11000073,500,500,FALSE,FALSE,"parametric_mc20",19
"IPW","Proposed",0.465950382431611,0.423241728006541,-0.0427086544250702,0.908340767525094,0.00294066709326685,0.000478915895062252,0.0038812637538557,0.00586409905699805,0.0250450297509789,0.494,0.386,-0.108,0.781376518218624,11000073,500,500,FALSE,FALSE,"parametric_mc20",19
"AIPW","Naive",0.450549318957117,0.435930520548423,-0.0146187984086937,0.967553389177168,0.00240349000842691,-6.01673561674275e-05,0.00351597727505781,0.00603980199581957,0.0289783822382482,0.494,0.386,-0.108,0.781376518218624,11000073,500,500,FALSE,FALSE,"parametric_mc20",19
"AIPW","Proposed",0.464036163454112,0.420512641302339,-0.0435235221517731,0.90620661582106,0.00275489121002061,0.000279129183689505,0.00364968335715012,0.00584631619979172,0.0251063128679546,0.494,0.386,-0.108,0.781376518218624,11000073,500,500,FALSE,FALSE,"parametric_mc20",19
"G-Formula","Naive",0.471338639410678,0.382871496456493,-0.0884671429541852,0.812306618730013,0.000213324651308586,-1.57004114098874e-05,0.000348025358047321,0.000592750832175682,0.00231496563903848,0.509,0.379,-0.13,0.744597249508841,11000074,5000,500,TRUE,TRUE,"parametric_mc20",19
"G-Formula","Proposed",0.510916053197968,0.362369734398892,-0.148546318799076,0.709254939496845,0.000364404121126052,-0.000102847771156086,0.000438018237802028,0.00100811790124025,0.00293914216591573,0.509,0.379,-0.13,0.744597249508841,11000074,5000,500,TRUE,TRUE,"parametric_mc20",19
"IPW","Naive",0.532928682911311,0.421627480871841,-0.111301202039471,0.791151788957111,0.000446340661910423,-2.13597163746211e-05,0.000550508575271195,0.00103956866993086,0.00304098844169392,0.509,0.379,-0.13,0.744597249508841,11000074,5000,500,TRUE,TRUE,"parametric_mc20",19
"IPW","Proposed",0.511808881551363,0.361121447957031,-0.150687433594332,0.705578705204221,0.000730851979423092,0.000350897111417336,0.00090665784406257,0.000935715600650991,0.0029598779562175,0.509,0.379,-0.13,0.744597249508841,11000074,5000,500,TRUE,TRUE,"parametric_mc20",19
"AIPW","Naive",0.471335143419468,0.382861710267482,-0.0884734331519854,0.812291881080363,0.000213324793882761,-1.56985524568479e-05,0.000347990446052438,0.000592712344848895,0.00231480458546174,0.509,0.379,-0.13,0.744597249508841,11000074,5000,500,TRUE,TRUE,"parametric_mc20",19
"AIPW","Proposed",0.511174376519983,0.361074980027366,-0.150099396492617,0.706363614087082,0.000677370838083701,0.000316917518733343,0.000887880462896872,0.000931416263513886,0.00297795096524245,0.509,0.379,-0.13,0.744597249508841,11000074,5000,500,TRUE,TRUE,"parametric_mc20",19
"G-Formula","Naive",0.521066582677351,0.426346233538736,-0.094720349138615,0.818218338524183,0.000243615082318503,-3.17573482543742e-06,0.000344979287275071,0.000594945839244449,0.00189043195753125,0.509,0.379,-0.13,0.744597249508841,11000074,5000,500,FALSE,TRUE,"parametric_mc20",19
"G-Formula","Proposed",0.519610302857596,0.425870952904388,-0.0937393499532079,0.8195968220074,0.000263550214988528,-2.06816933817409e-05,0.000364677661089607,0.000669591262841617,0.00213195129608566,0.509,0.379,-0.13,0.744597249508841,11000074,5000,500,FALSE,TRUE,"parametric_mc20",19
"IPW","Naive",0.532928682911311,0.421627480871841,-0.111301202039471,0.791151788957111,0.000446340661910423,-2.13597163746211e-05,0.000550508575271195,0.00103956866993086,0.00304098844169392,0.509,0.379,-0.13,0.744597249508841,11000074,5000,500,FALSE,TRUE,"parametric_mc20",19
"IPW","Proposed",0.511808881551363,0.361121447957031,-0.150687433594332,0.705578705204221,0.000730851979423092,0.000350897111417336,0.00090665784406257,0.000935715600650991,0.0029598779562175,0.509,0.379,-0.13,0.744597249508841,11000074,5000,500,FALSE,TRUE,"parametric_mc20",19
"AIPW","Naive",0.528118436606376,0.423830427204013,-0.104288009402363,0.802529125715616,0.000231514590565836,1.11424593415434e-06,0.000342510635826235,0.000571796734523762,0.00175623492367894,0.509,0.379,-0.13,0.744597249508841,11000074,5000,500,FALSE,TRUE,"parametric_mc20",19
"AIPW","Proposed",0.51222021211913,0.360942212004456,-0.151278000114674,0.704662181352011,0.000700124101363667,0.000395297654421,0.00104427692440209,0.00095380571692376,0.00318184826874707,0.509,0.379,-0.13,0.744597249508841,11000074,5000,500,FALSE,TRUE,"parametric_mc20",19
"G-Formula","Naive",0.471338639410678,0.382871496456493,-0.0884671429541852,0.812306618730013,0.000213324651308586,-1.57004114098874e-05,0.000348025358047321,0.000592750832175682,0.00231496563903848,0.509,0.379,-0.13,0.744597249508841,11000074,5000,500,TRUE,FALSE,"parametric_mc20",19
"G-Formula","Proposed",0.510916053197968,0.362369734398892,-0.148546318799076,0.709254939496845,0.000364404121126052,-0.000102847771156086,0.000438018237802028,0.00100811790124025,0.00293914216591573,0.509,0.379,-0.13,0.744597249508841,11000074,5000,500,TRUE,FALSE,"parametric_mc20",19
"IPW","Naive",0.525969625427951,0.424239944723363,-0.101729680704588,0.806586396273708,0.000465205324017914,-3.63657193229227e-05,0.000564094926538936,0.00110203168920269,0.00334514028708758,0.509,0.379,-0.13,0.744597249508841,11000074,5000,500,TRUE,FALSE,"parametric_mc20",19
"IPW","Proposed",0.519492686438814,0.425828862640191,-0.0936638237986235,0.819701362033217,0.000979763707490381,0.000567215539143551,0.000849727905940184,0.000695060535143463,0.00214229397574417,0.509,0.379,-0.13,0.744597249508841,11000074,5000,500,TRUE,FALSE,"parametric_mc20",19
"AIPW","Naive",0.471339354862277,0.382870586644088,-0.0884687682181894,0.812303455449759,0.000213323293974348,-1.56989867692634e-05,0.000348022166152182,0.000592743433665057,0.00231492441246707,0.509,0.379,-0.13,0.744597249508841,11000074,5000,500,TRUE,FALSE,"parametric_mc20",19
"AIPW","Proposed",0.511181768585577,0.362204855025179,-0.148976913560398,0.708563718982756,0.000677203191140782,0.000320184288286037,0.000881920958279919,0.000918755572848627,0.00293975270994488,0.509,0.379,-0.13,0.744597249508841,11000074,5000,500,TRUE,FALSE,"parametric_mc20",19
"G-Formula","Naive",0.521066582677351,0.426346233538736,-0.094720349138615,0.818218338524183,0.000243615082318503,-3.17573482543742e-06,0.000344979287275071,0.000594945839244449,0.00189043195753125,0.509,0.379,-0.13,0.744597249508841,11000074,5000,500,FALSE,FALSE,"parametric_mc20",19
"G-Formula","Proposed",0.519610302857596,0.425870952904388,-0.0937393499532079,0.8195968220074,0.000263550214988528,-2.06816933817409e-05,0.000364677661089607,0.000669591262841617,0.00213195129608566,0.509,0.379,-0.13,0.744597249508841,11000074,5000,500,FALSE,FALSE,"parametric_mc20",19
"IPW","Naive",0.525969625427951,0.424239944723363,-0.101729680704588,0.806586396273708,0.000465205324017914,-3.63657193229227e-05,0.000564094926538936,0.00110203168920269,0.00334514028708758,0.509,0.379,-0.13,0.744597249508841,11000074,5000,500,FALSE,FALSE,"parametric_mc20",19
"IPW","Proposed",0.519492686438814,0.425828862640191,-0.0936638237986235,0.819701362033217,0.000979763707490381,0.000567215539143551,0.000849727905940184,0.000695060535143463,0.00214229397574417,0.509,0.379,-0.13,0.744597249508841,11000074,5000,500,FALSE,FALSE,"parametric_mc20",19
"AIPW","Naive",0.521067255711152,0.426344883561517,-0.0947223721496352,0.818214690884081,0.000243615123388824,-3.17569242016762e-06,0.000344977427246101,0.00059494393547526,0.00189041462787271,0.509,0.379,-0.13,0.744597249508841,11000074,5000,500,FALSE,FALSE,"parametric_mc20",19
"AIPW","Proposed",0.519933132289052,0.425612549344654,-0.0943205829443989,0.818590935859109,0.000931675286525323,0.000527028105085899,0.00081627925539149,0.000693898331745016,0.00213718323843279,0.509,0.379,-0.13,0.744597249508841,11000074,5000,500,FALSE,FALSE,"parametric_mc20",19
"G-Formula","Naive",0.447837693145429,0.391060790148593,-0.0567769029968369,0.873219910101673,0.00239628050940684,-7.40739000251031e-05,0.00362482923005684,0.00616925753951389,0.0278292225949294,0.49,0.38,-0.11,0.775510204081633,11000075,500,5000,TRUE,TRUE,"parametric_mc20",19
"G-Formula","Proposed",0.473144330376684,0.382997124263727,-0.090147206112957,0.809472077915024,0.00212982085539648,-8.10678154011705e-06,0.00399450619766282,0.00614054061613954,0.0241358485417295,0.49,0.38,-0.11,0.775510204081633,11000075,500,5000,TRUE,TRUE,"parametric_mc20",19
"IPW","Naive",0.508164276414069,0.434548847002303,-0.0736154294117662,0.855134583778215,0.00458116150412624,-0.000191350409725785,0.0048312610148417,0.00979512333841951,0.0329492661192308,0.49,0.38,-0.11,0.775510204081633,11000075,500,5000,TRUE,TRUE,"parametric_mc20",19
"IPW","Proposed",0.474163295302852,0.410426075108535,-0.0637372201943165,0.865579599210422,0.00223440372009576,4.17128449270452e-05,0.00488860769005903,0.0070395857203007,0.0288682562916638,0.49,0.38,-0.11,0.775510204081633,11000075,500,5000,TRUE,TRUE,"parametric_mc20",19
"AIPW","Naive",0.447838495533801,0.392313344372852,-0.0555251511609484,0.876015233807078,0.00240569386231188,-7.50955268672811e-05,0.00364171401376841,0.00619759892981486,0.0280187410861026,0.49,0.38,-0.11,0.775510204081633,11000075,500,5000,TRUE,TRUE,"parametric_mc20",19
"AIPW","Proposed",0.473157003221969,0.390935479479081,-0.0822215237428876,0.826227820399996,0.00213081302559141,4.42106507455795e-06,0.00399730624665562,0.00611927714209792,0.024319567950525,0.49,0.38,-0.11,0.775510204081633,11000075,500,5000,TRUE,TRUE,"parametric_mc20",19
"G-Formula","Naive",0.479995209952263,0.417717444895726,-0.0622777650565376,0.870253361355978,0.00246320434196009,-7.23080797237751e-05,0.0026941349640192,0.00530195546542684,0.0203366606101397,0.49,0.38,-0.11,0.775510204081633,11000075,500,5000,FALSE,TRUE,"parametric_mc20",19
"G-Formula","Proposed",0.48397579591206,0.417088018589544,-0.0668877773225156,0.861795201562788,0.00235413316230243,-5.44053796440826e-06,0.00252641655300312,0.00489143079123436,0.0182903139119564,0.49,0.38,-0.11,0.775510204081633,11000075,500,5000,FALSE,TRUE,"parametric_mc20",19
"IPW","Naive",0.508164276414069,0.434548847002303,-0.0736154294117662,0.855134583778215,0.00458116150412624,-0.000191350409725785,0.0048312610148417,0.00979512333841951,0.0329492661192308,0.49,0.38,-0.11,0.775510204081633,11000075,500,5000,FALSE,TRUE,"parametric_mc20",19
"IPW","Proposed",0.474163295302852,0.410426075108535,-0.0637372201943165,0.865579599210422,0.00223440372009576,4.17128449270452e-05,0.00488860769005903,0.0070395857203007,0.0288682562916638,0.49,0.38,-0.11,0.775510204081633,11000075,500,5000,FALSE,TRUE,"parametric_mc20",19
"AIPW","Naive",0.494169470490493,0.415080813838513,-0.0790886566519802,0.839956408935016,0.00243229945682957,-5.98595716182275e-05,0.0027405173385759,0.00529253593864193,0.0186611953539221,0.49,0.38,-0.11,0.775510204081633,11000075,500,5000,FALSE,TRUE,"parametric_mc20",19
"AIPW","Proposed",0.474785647221084,0.385837440922607,-0.0889482062984769,0.812656075812127,0.00216367073965561,1.0134521468036e-05,0.00469978214842837,0.00684318384514791,0.0271146380335719,0.49,0.38,-0.11,0.775510204081633,11000075,500,5000,FALSE,TRUE,"parametric_mc20",19
"G-Formula","Naive",0.447837693145429,0.391060790148593,-0.0567769029968369,0.873219910101673,0.00239628050940684,-7.40739000251031e-05,0.00362482923005684,0.00616925753951389,0.0278292225949294,0.49,0.38,-0.11,0.775510204081633,11000075,500,5000,TRUE,FALSE,"parametric_mc20",19
"G-Formula","Proposed",0.473144330376684,0.382997124263727,-0.090147206112957,0.809472077915024,0.00212982085539648,-8.10678154011705e-06,0.00399450619766282,0.00614054061613954,0.0241358485417295,0.49,0.38,-0.11,0.775510204081633,11000075,500,5000,TRUE,FALSE,"parametric_mc20",19
"IPW","Naive",0.493307312660437,0.436484443001783,-0.0568228696586536,0.88481243192564,0.00466104636586493,-0.000281785125184209,0.00481459768323922,0.0100392142994726,0.0368287441552746,0.49,0.38,-0.11,0.775510204081633,11000075,500,5000,TRUE,FALSE,"parametric_mc20",19
"IPW","Proposed",0.483291308010935,0.424681166444373,-0.058610141566562,0.878727093587133,0.00246049265139092,5.00366884771577e-05,0.00264651025531513,0.00500692952975173,0.0190883288160741,0.49,0.38,-0.11,0.775510204081633,11000075,500,5000,TRUE,FALSE,"parametric_mc20",19
"AIPW","Naive",0.447904525874056,0.390862239652792,-0.0570422862212644,0.872646327674519,0.0023977134589146,-7.51316649705304e-05,0.00361878699037082,0.00616676377922648,0.0277930568206893,0.49,0.38,-0.11,0.775510204081633,11000075,500,5000,TRUE,FALSE,"parametric_mc20",19
"AIPW","Proposed",0.47314414080892,0.382258033915474,-0.0908861068934453,0.807910319383729,0.00213073650560916,3.55638420388938e-06,0.00399970958801238,0.00612333332521376,0.024053453634066,0.49,0.38,-0.11,0.775510204081633,11000075,500,5000,TRUE,FALSE,"parametric_mc20",19
"G-Formula","Naive",0.479995209952263,0.417717444895726,-0.0622777650565376,0.870253361355978,0.00246320434196009,-7.23080797237751e-05,0.0026941349640192,0.00530195546542684,0.0203366606101397,0.49,0.38,-0.11,0.775510204081633,11000075,500,5000,FALSE,FALSE,"parametric_mc20",19
"G-Formula","Proposed",0.48397579591206,0.417088018589544,-0.0668877773225156,0.861795201562788,0.00235413316230243,-5.44053796440826e-06,0.00252641655300312,0.00489143079123436,0.0182903139119564,0.49,0.38,-0.11,0.775510204081633,11000075,500,5000,FALSE,FALSE,"parametric_mc20",19
"IPW","Naive",0.493307312660437,0.436484443001783,-0.0568228696586536,0.88481243192564,0.00466104636586493,-0.000281785125184209,0.00481459768323922,0.0100392142994726,0.0368287441552746,0.49,0.38,-0.11,0.775510204081633,11000075,500,5000,FALSE,FALSE,"parametric_mc20",19
"IPW","Proposed",0.483291308010935,0.424681166444373,-0.058610141566562,0.878727093587133,0.00246049265139092,5.00366884771577e-05,0.00264651025531513,0.00500692952975173,0.0190883288160741,0.49,0.38,-0.11,0.775510204081633,11000075,500,5000,FALSE,FALSE,"parametric_mc20",19
"AIPW","Naive",0.479946036205258,0.41754426032266,-0.062401775882598,0.869981682990896,0.00246205185866568,-7.28916674401053e-05,0.00268652817019005,0.00529436336373594,0.0203032002493331,0.49,0.38,-0.11,0.775510204081633,11000075,500,5000,FALSE,FALSE,"parametric_mc20",19
"AIPW","Proposed",0.483975035510069,0.416396085828446,-0.0675789496816221,0.860366868695201,0.00237405460111928,1.1571872842812e-05,0.00251998085639342,0.00487089171182708,0.0181760857102151,0.49,0.38,-0.11,0.775510204081633,11000075,500,5000,FALSE,FALSE,"parametric_mc20",19
"G-Formula","Naive",0.476200900686686,0.426706442017698,-0.0494944586689881,0.896063912105969,0.00022064118854317,-1.25920544536809e-05,0.000387354311087201,0.000633179608537732,0.00258891134375164,0.503,0.3852,-0.1178,0.765805168986083,11000076,5000,5000,TRUE,TRUE,"parametric_mc20",19
"G-Formula","Proposed",0.523553822336569,0.402524304684134,-0.121029517652435,0.768830801172853,0.000206526385783648,-8.7198962786822e-06,0.000477728610467534,0.000701694788808547,0.00223712339290697,0.503,0.3852,-0.1178,0.765805168986083,11000076,5000,5000,TRUE,TRUE,"parametric_mc20",19
"IPW","Naive",0.527044311998506,0.453868798805442,-0.0731755131930641,0.861158708049445,0.00045062460795971,-2.82120588876193e-05,0.000579003023228395,0.00108605174896334,0.00346241147059752,0.503,0.3852,-0.1178,0.765805168986083,11000076,5000,5000,TRUE,TRUE,"parametric_mc20",19
"IPW","Proposed",0.521952855191232,0.40027011053786,-0.121682744653372,0.766870238483914,0.000259251918044825,4.32525881459636e-05,0.00053011965351399,0.000702866395266888,0.00226199038267076,0.503,0.3852,-0.1178,0.765805168986083,11000076,5000,5000,TRUE,TRUE,"parametric_mc20",19
"AIPW","Naive",0.476187985815484,0.426697342020248,-0.0494906437952362,0.896069104493508,0.000220632075987221,-1.25925637171561e-05,0.000387327857025497,0.00063314506044703,0.00258891650025482,0.503,0.3852,-0.1178,0.765805168986083,11000076,5000,5000,TRUE,TRUE,"parametric_mc20",19
"AIPW","Proposed",0.523603112861584,0.401432388638748,-0.122170724222836,0.766673036844354,0.000222918108771408,2.226744894843e-05,0.000517272866429122,0.00069565607730367,0.00224014136496559,0.503,0.3852,-0.1178,0.765805168986083,11000076,5000,5000,TRUE,TRUE,"parametric_mc20",19
"G-Formula","Naive",0.513181308625188,0.465710507076232,-0.0474708015489565,0.907497017621061,0.000247473219348897,-4.02061999677842e-06,0.000343083770569623,0.000598598229912077,0.00210433761262114,0.503,0.3852,-0.1178,0.765805168986083,11000076,5000,5000,FALSE,TRUE,"parametric_mc20",19
"G-Formula","Proposed",0.511745566111183,0.465420350826731,-0.0463252152844519,0.909476078832528,0.000248496764441028,-2.68767613904204e-06,0.000338550218163825,0.000592422334882937,0.00209628407042684,0.503,0.3852,-0.1178,0.765805168986083,11000076,5000,5000,FALSE,TRUE,"parametric_mc20",19
"IPW","Naive",0.527044311998506,0.453868798805442,-0.0731755131930641,0.861158708049445,0.00045062460795971,-2.82120588876193e-05,0.000579003023228395,0.00108605174896334,0.00346241147059752,0.503,0.3852,-0.1178,0.765805168986083,11000076,5000,5000,FALSE,TRUE,"parametric_mc20",19
"IPW","Proposed",0.521952855191232,0.40027011053786,-0.121682744653372,0.766870238483914,0.000259251918044825,4.32525881459636e-05,0.00053011965351399,0.000702866395266888,0.00226199038267076,0.503,0.3852,-0.1178,0.765805168986083,11000076,5000,5000,FALSE,TRUE,"parametric_mc20",19
"AIPW","Naive",0.525033028459426,0.461907623905404,-0.0631254045540228,0.879768698096484,0.000239091095183972,-1.20711787193125e-06,0.000342339146556781,0.000583844477484616,0.00192091182399145,0.503,0.3852,-0.1178,0.765805168986083,11000076,5000,5000,FALSE,TRUE,"parametric_mc20",19
"AIPW","Proposed",0.523496034530808,0.402490200827258,-0.12100583370355,0.768850524699765,0.000230980592853113,2.84559643739402e-05,0.000537933818201782,0.000712002482307014,0.00230148238517995,0.503,0.3852,-0.1178,0.765805168986083,11000076,5000,5000,FALSE,TRUE,"parametric_mc20",19
"G-Formula","Naive",0.476200900686686,0.426706442017698,-0.0494944586689881,0.896063912105969,0.00022064118854317,-1.25920544536809e-05,0.000387354311087201,0.000633179608537732,0.00258891134375164,0.503,0.3852,-0.1178,0.765805168986083,11000076,5000,5000,TRUE,FALSE,"parametric_mc20",19
"G-Formula","Proposed",0.523553822336569,0.402524304684134,-0.121029517652435,0.768830801172853,0.000206526385783648,-8.7198962786822e-06,0.000477728610467534,0.000701694788808547,0.00223712339290697,0.503,0.3852,-0.1178,0.765805168986083,11000076,5000,5000,TRUE,FALSE,"parametric_mc20",19
"IPW","Naive",0.515639017578267,0.457977226014685,-0.057661791563582,0.88817411096159,0.000461795623430122,-4.1212638483275e-05,0.000592355165469873,0.00113657606586654,0.00387331958545494,0.503,0.3852,-0.1178,0.765805168986083,11000076,5000,5000,TRUE,FALSE,"parametric_mc20",19
"IPW","Proposed",0.510496815391862,0.464970167630813,-0.0455266477610489,0.910818938750671,0.00031589728078746,6.05208799514673e-05,0.000395590575369402,0.000590446096253927,0.00210051547426731,0.503,0.3852,-0.1178,0.765805168986083,11000076,5000,5000,TRUE,FALSE,"parametric_mc20",19
"AIPW","Naive",0.476199410876431,0.426705692342436,-0.0494937185339957,0.896065141191788,0.000220639764808792,-1.25913515570374e-05,0.000387359198264363,0.00063318166618723,0.00258894077799744,0.503,0.3852,-0.1178,0.765805168986083,11000076,5000,5000,TRUE,FALSE,"parametric_mc20",19
"AIPW","Proposed",0.523415849394685,0.402582083708831,-0.120833765685854,0.769143854116006,0.000223100887440747,2.26136662465515e-05,0.000516129298392211,0.000694002853339855,0.00223870714287158,0.503,0.3852,-0.1178,0.765805168986083,11000076,5000,5000,TRUE,FALSE,"parametric_mc20",19
"G-Formula","Naive",0.513181308625188,0.465710507076232,-0.0474708015489565,0.907497017621061,0.000247473219348897,-4.02061999677842e-06,0.000343083770569623,0.000598598229912077,0.00210433761262114,0.503,0.3852,-0.1178,0.765805168986083,11000076,5000,5000,FALSE,FALSE,"parametric_mc20",19
"G-Formula","Proposed",0.511745566111183,0.465420350826731,-0.0463252152844519,0.909476078832528,0.000248496764441028,-2.68767613904204e-06,0.000338550218163825,0.000592422334882937,0.00209628407042684,0.503,0.3852,-0.1178,0.765805168986083,11000076,5000,5000,FALSE,FALSE,"parametric_mc20",19
"IPW","Naive",0.515639017578267,0.457977226014685,-0.057661791563582,0.88817411096159,0.000461795623430122,-4.1212638483275e-05,0.000592355165469873,0.00113657606586654,0.00387331958545494,0.503,0.3852,-0.1178,0.765805168986083,11000076,5000,5000,FALSE,FALSE,"parametric_mc20",19
"IPW","Proposed",0.510496815391862,0.464970167630813,-0.0455266477610489,0.910818938750671,0.00031589728078746,6.05208799514673e-05,0.000395590575369402,0.000590446096253927,0.00210051547426731,0.503,0.3852,-0.1178,0.765805168986083,11000076,5000,5000,FALSE,FALSE,"parametric_mc20",19
"AIPW","Naive",0.513179946921668,0.465709918929305,-0.0474700279923627,0.907498279546748,0.00024747583353833,-4.02040249876588e-06,0.000343086987267144,0.000598603625803006,0.0021043698614323,0.503,0.3852,-0.1178,0.765805168986083,11000076,5000,5000,FALSE,FALSE,"parametric_mc20",19
"AIPW","Proposed",0.511668794485538,0.465472539842011,-0.0461962546435268,0.909714535767273,0.000292239577565759,3.71867691540392e-05,0.000375033533310931,0.000592899572568611,0.00209784658324815,0.503,0.3852,-0.1178,0.765805168986083,11000076,5000,5000,FALSE,FALSE,"parametric_mc20",19
"G-Formula","Naive",0.445529675011339,0.404857742502944,-0.0406719325083949,0.908711058343398,0.00190001889031188,-0.000155478277148265,0.00328020582974075,0.00549118127434915,0.0258529603209975,0.49,0.398,-0.092,0.812244897959184,11000077,500,500,TRUE,TRUE,"parametric_mc20",20
"G-Formula","Proposed",0.496635521969738,0.372950856665077,-0.123684665304661,0.750954855556632,0.00166375264951369,-9.95780817966582e-05,0.00339310286065459,0.0052560116737616,0.0181672932263341,0.49,0.398,-0.092,0.812244897959184,11000077,500,500,TRUE,TRUE,"parametric_mc20",20
"IPW","Naive",0.493587990553586,0.414902760976092,-0.0786852295774945,0.840585202469686,0.00395989704400398,-0.000171822276675678,0.00539703819085795,0.00970057978821328,0.034823009269313,0.49,0.398,-0.092,0.812244897959184,11000077,500,500,TRUE,TRUE,"parametric_mc20",20
"IPW","Proposed",0.507135989208604,0.382875281438696,-0.124260707769908,0.75497556786727,0.0021326521887349,0.000272460444748507,0.00421955952092135,0.00580729082015924,0.019533435503714,0.49,0.398,-0.092,0.812244897959184,11000077,500,500,TRUE,TRUE,"parametric_mc20",20
"AIPW","Naive",0.445739691814595,0.40459968199421,-0.0411400098203856,0.907703956870196,0.00189853587980575,-0.000153632380199289,0.00327691967359899,0.00548272031380332,0.0257699782607397,0.49,0.398,-0.092,0.812244897959184,11000077,500,500,TRUE,TRUE,"parametric_mc20",20
"AIPW","Proposed",0.497831381735878,0.375398142684287,-0.12243323905159,0.754066851662343,0.00169140511768625,0.000112325796871232,0.00381245740692693,0.00527921093087071,0.0185800888820496,0.49,0.398,-0.092,0.812244897959184,11000077,500,500,TRUE,TRUE,"parametric_mc20",20
"G-Formula","Naive",0.480267267760532,0.434864794639571,-0.0454024731209612,0.905464152631781,0.00230547903283737,-7.68952832502541e-05,0.0037728803308419,0.00623214993017978,0.0251556352092622,0.49,0.398,-0.092,0.812244897959184,11000077,500,500,FALSE,TRUE,"parametric_mc20",20
"G-Formula","Proposed",0.492393585834751,0.419381409140417,-0.0730121766943338,0.851719886702917,0.00230462061823205,-5.39107195394052e-05,0.00386746249101261,0.00627990454832347,0.0232258037203669,0.49,0.398,-0.092,0.812244897959184,11000077,500,500,FALSE,TRUE,"parametric_mc20",20
"IPW","Naive",0.493587990553586,0.414902760976092,-0.0786852295774945,0.840585202469686,0.00395989704400398,-0.000171822276675678,0.00539703819085795,0.00970057978821328,0.034823009269313,0.49,0.398,-0.092,0.812244897959184,11000077,500,500,FALSE,TRUE,"parametric_mc20",20
"IPW","Proposed",0.507135989208604,0.382875281438696,-0.124260707769908,0.75497556786727,0.0021326521887349,0.000272460444748507,0.00421955952092135,0.00580729082015924,0.019533435503714,0.49,0.398,-0.092,0.812244897959184,11000077,500,500,FALSE,TRUE,"parametric_mc20",20
"AIPW","Naive",0.496374545417886,0.430231340764812,-0.0661432046530742,0.866747388109135,0.00215629272319183,-3.03677701126298e-05,0.00372345187990332,0.00594048014332041,0.0219004910710268,0.49,0.398,-0.092,0.812244897959184,11000077,500,500,FALSE,TRUE,"parametric_mc20",20
"AIPW","Proposed",0.503125959258708,0.374332353574303,-0.128793605684405,0.744013197263434,0.00175908656590668,0.000152039188119132,0.00434621552803417,0.00580122371770258,0.0201225226923379,0.49,0.398,-0.092,0.812244897959184,11000077,500,500,FALSE,TRUE,"parametric_mc20",20
"G-Formula","Naive",0.445529675011339,0.404857742502944,-0.0406719325083949,0.908711058343398,0.00190001889031188,-0.000155478277148265,0.00328020582974075,0.00549118127434915,0.0258529603209975,0.49,0.398,-0.092,0.812244897959184,11000077,500,500,TRUE,FALSE,"parametric_mc20",20
"G-Formula","Proposed",0.496635521969738,0.372950856665077,-0.123684665304661,0.750954855556632,0.00166375264951369,-9.95780817966582e-05,0.00339310286065459,0.0052560116737616,0.0181672932263341,0.49,0.398,-0.092,0.812244897959184,11000077,500,500,TRUE,FALSE,"parametric_mc20",20
"IPW","Naive",0.475407981098089,0.417368890884464,-0.0580390902136251,0.877917299411829,0.00408227137604888,-0.000274782436209791,0.00548608506203489,0.0101179213105034,0.0403292403208106,0.49,0.398,-0.092,0.812244897959184,11000077,500,500,TRUE,FALSE,"parametric_mc20",20
"IPW","Proposed",0.495269636824454,0.414088994893595,-0.0811806419308586,0.836087989460915,0.00302632226241312,0.000495073109494493,0.003884220368165,0.00592039641158914,0.0210846684936541,0.49,0.398,-0.092,0.812244897959184,11000077,500,500,TRUE,FALSE,"parametric_mc20",20
"AIPW","Naive",0.445540688285496,0.404963667668662,-0.0405770206168337,0.908926341221539,0.00189944152706036,-0.000155498965836951,0.00328148281907207,0.00549192227780634,0.0258599844409066,0.49,0.398,-0.092,0.812244897959184,11000077,500,500,TRUE,FALSE,"parametric_mc20",20
"AIPW","Proposed",0.497580601239315,0.375808352004808,-0.121772249234507,0.755271308947313,0.00169145907220357,0.00012512908297449,0.00373575906152971,0.0051769599677843,0.0182223752388777,0.49,0.398,-0.092,0.812244897959184,11000077,500,500,TRUE,FALSE,"parametric_mc20",20
"G-Formula","Naive",0.480267267760532,0.434864794639571,-0.0454024731209612,0.905464152631781,0.00230547903283737,-7.68952832502541e-05,0.0037728803308419,0.00623214993017978,0.0251556352092622,0.49,0.398,-0.092,0.812244897959184,11000077,500,500,FALSE,FALSE,"parametric_mc20",20
"G-Formula","Proposed",0.492393585834751,0.419381409140417,-0.0730121766943338,0.851719886702917,0.00230462061823205,-5.39107195394052e-05,0.00386746249101261,0.00627990454832347,0.0232258037203669,0.49,0.398,-0.092,0.812244897959184,11000077,500,500,FALSE,FALSE,"parametric_mc20",20
"IPW","Naive",0.475407981098089,0.417368890884464,-0.0580390902136251,0.877917299411829,0.00408227137604888,-0.000274782436209791,0.00548608506203489,0.0101179213105034,0.0403292403208106,0.49,0.398,-0.092,0.812244897959184,11000077,500,500,FALSE,FALSE,"parametric_mc20",20
"IPW","Proposed",0.495269636824454,0.414088994893595,-0.0811806419308586,0.836087989460915,0.00302632226241312,0.000495073109494493,0.003884220368165,0.00592039641158914,0.0210846684936541,0.49,0.398,-0.092,0.812244897959184,11000077,500,500,FALSE,FALSE,"parametric_mc20",20
"AIPW","Naive",0.480358116044511,0.434994748634535,-0.0453633674099765,0.905563441326818,0.00230542413401781,-7.66894000717705e-05,0.00377398832046912,0.00623279125463047,0.0251509744419285,0.49,0.398,-0.092,0.812244897959184,11000077,500,500,FALSE,FALSE,"parametric_mc20",20
"AIPW","Proposed",0.492174069722481,0.422778574199559,-0.0693954955229212,0.859002129953634,0.00270316439334718,0.00029044114958234,0.0041691718950604,0.00629145398924291,0.0233855922383487,0.49,0.398,-0.092,0.812244897959184,11000077,500,500,FALSE,FALSE,"parametric_mc20",20
"G-Formula","Naive",0.442068201488339,0.398827670051483,-0.0432405314368565,0.902185836277579,0.000213466293828055,-1.68432024090728e-05,0.000350328348573133,0.000597481047219334,0.00283725392852176,0.5048,0.3866,-0.1182,0.765847860538827,11000078,5000,500,TRUE,TRUE,"parametric_mc20",20
"G-Formula","Proposed",0.520578222582833,0.356213004685887,-0.164365217896946,0.68426413021764,0.000382653543397965,-0.000124569980424847,0.000548867853491887,0.00118066135773955,0.0033155160511819,0.5048,0.3866,-0.1182,0.765847860538827,11000078,5000,500,TRUE,TRUE,"parametric_mc20",20
"IPW","Naive",0.487492575406242,0.44292290672192,-0.044569668684322,0.908573646178753,0.000414204699072365,-2.12551679388218e-05,0.000566614472962426,0.00102332950791243,0.00398556986653664,0.5048,0.3866,-0.1182,0.765847860538827,11000078,5000,500,TRUE,TRUE,"parametric_mc20",20
"IPW","Proposed",0.518696101815475,0.363088443449475,-0.155607658366,0.700002259856279,0.000761419828432305,0.000338812745899123,0.00105873903998858,0.00114253337662264,0.00355886743906337,0.5048,0.3866,-0.1182,0.765847860538827,11000078,5000,500,TRUE,TRUE,"parametric_mc20",20
"AIPW","Naive",0.442074977730954,0.398779685813674,-0.0432952919172805,0.902063464122075,0.000213456724484604,-1.68447441416294e-05,0.000350183914515961,0.000597330127283823,0.00283614002098156,0.5048,0.3866,-0.1182,0.765847860538827,11000078,5000,500,TRUE,TRUE,"parametric_mc20",20
"AIPW","Proposed",0.520588826581168,0.361380012097842,-0.159208814483326,0.694175505976783,0.000712999228754641,0.000303027685209375,0.00102819250893106,0.00113513636726696,0.00350929469269575,0.5048,0.3866,-0.1182,0.765847860538827,11000078,5000,500,TRUE,TRUE,"parametric_mc20",20
"G-Formula","Naive",0.483304975389867,0.451278037162253,-0.0320269382276142,0.933733481221088,0.000242365480575017,-4.39088329497811e-06,0.000338664078638187,0.00058981132580316,0.00238960272043715,0.5048,0.3866,-0.1182,0.765847860538827,11000078,5000,500,FALSE,TRUE,"parametric_mc20",20
"G-Formula","Proposed",0.481330395697679,0.455838585794879,-0.0254918099028005,0.947038852873917,0.000268241844182798,-2.92689469772696e-05,0.00037739755977078,0.000704177297908117,0.00290668038626913,0.5048,0.3866,-0.1182,0.765847860538827,11000078,5000,500,FALSE,TRUE,"parametric_mc20",20
"IPW","Naive",0.487492575406242,0.44292290672192,-0.044569668684322,0.908573646178753,0.000414204699072365,-2.12551679388218e-05,0.000566614472962426,0.00102332950791243,0.00398556986653664,0.5048,0.3866,-0.1182,0.765847860538827,11000078,5000,500,FALSE,TRUE,"parametric_mc20",20
"IPW","Proposed",0.518696101815475,0.363088443449475,-0.155607658366,0.700002259856279,0.000761419828432305,0.000338812745899123,0.00105873903998858,0.00114253337662264,0.00355886743906337,0.5048,0.3866,-0.1182,0.765847860538827,11000078,5000,500,FALSE,TRUE,"parametric_mc20",20
"AIPW","Naive",0.495561674991857,0.44663390140804,-0.0489277735838174,0.90126804381186,0.000231847092718408,-3.53919574400105e-07,0.000335658938447234,0.000568213870314442,0.00213624749828939,0.5048,0.3866,-0.1182,0.765847860538827,11000078,5000,500,FALSE,TRUE,"parametric_mc20",20
"AIPW","Proposed",0.518297223699391,0.36549591820045,-0.15280130549894,0.705185946379747,0.000638485524281079,0.000361373750790993,0.00125856046526656,0.00117429848796565,0.0039697419781751,0.5048,0.3866,-0.1182,0.765847860538827,11000078,5000,500,FALSE,TRUE,"parametric_mc20",20
"G-Formula","Naive",0.442068201488339,0.398827670051483,-0.0432405314368565,0.902185836277579,0.000213466293828055,-1.68432024090728e-05,0.000350328348573133,0.000597481047219334,0.00283725392852176,0.5048,0.3866,-0.1182,0.765847860538827,11000078,5000,500,TRUE,FALSE,"parametric_mc20",20
"G-Formula","Proposed",0.520578222582833,0.356213004685887,-0.164365217896946,0.68426413021764,0.000382653543397965,-0.000124569980424847,0.000548867853491887,0.00118066135773955,0.0033155160511819,0.5048,0.3866,-0.1182,0.765847860538827,11000078,5000,500,TRUE,FALSE,"parametric_mc20",20
"IPW","Naive",0.475311262899028,0.447944381780138,-0.0273668811188899,0.942423242925124,0.000425413470583796,-3.63144036444703e-05,0.000584644267398605,0.00108268654527134,0.00456322416641956,0.5048,0.3866,-0.1182,0.765847860538827,11000078,5000,500,TRUE,FALSE,"parametric_mc20",20
"IPW","Proposed",0.481821486623233,0.455414779784153,-0.0264067068390796,0.945194003231058,0.000884151201338338,0.000551642478984337,0.000930805748056778,0.000711671991426442,0.0029199874683064,0.5048,0.3866,-0.1182,0.765847860538827,11000078,5000,500,TRUE,FALSE,"parametric_mc20",20
"AIPW","Naive",0.442067955683837,0.398825489564977,-0.0432424661188596,0.902181405453902,0.000213464807160149,-1.68433416537144e-05,0.000350324311175933,0.00059747580164351,0.00283722202111479,0.5048,0.3866,-0.1182,0.765847860538827,11000078,5000,500,TRUE,FALSE,"parametric_mc20",20
"AIPW","Proposed",0.520639730954899,0.356120427841352,-0.164519303113548,0.684005477623068,0.000712708147696412,0.000316555400587602,0.000998165220105278,0.00107776256662649,0.00331493062496431,0.5048,0.3866,-0.1182,0.765847860538827,11000078,5000,500,TRUE,FALSE,"parametric_mc20",20
"G-Formula","Naive",0.483304975389867,0.451278037162253,-0.0320269382276142,0.933733481221088,0.000242365480575017,-4.39088329497811e-06,0.000338664078638187,0.00058981132580316,0.00238960272043715,0.5048,0.3866,-0.1182,0.765847860538827,11000078,5000,500,FALSE,FALSE,"parametric_mc20",20
"G-Formula","Proposed",0.481330395697679,0.455838585794879,-0.0254918099028005,0.947038852873917,0.000268241844182798,-2.92689469772696e-05,0.00037739755977078,0.000704177297908117,0.00290668038626913,0.5048,0.3866,-0.1182,0.765847860538827,11000078,5000,500,FALSE,FALSE,"parametric_mc20",20
"IPW","Naive",0.475311262899028,0.447944381780138,-0.0273668811188899,0.942423242925124,0.000425413470583796,-3.63144036444703e-05,0.000584644267398605,0.00108268654527134,0.00456322416641956,0.5048,0.3866,-0.1182,0.765847860538827,11000078,5000,500,FALSE,FALSE,"parametric_mc20",20
"IPW","Proposed",0.481821486623233,0.455414779784153,-0.0264067068390796,0.945194003231058,0.000884151201338338,0.000551642478984337,0.000930805748056778,0.000711671991426442,0.0029199874683064,0.5048,0.3866,-0.1182,0.765847860538827,11000078,5000,500,FALSE,FALSE,"parametric_mc20",20
"AIPW","Naive",0.483304439281889,0.451274193787593,-0.0320302454942962,0.933726564684802,0.000242365565871068,-4.38999657991641e-06,0.000338663957032297,0.000589809516063198,0.00238958706841605,0.5048,0.3866,-0.1182,0.765847860538827,11000078,5000,500,FALSE,FALSE,"parametric_mc20",20
"AIPW","Proposed",0.481379835906845,0.455737736496398,-0.0256420994104468,0.946732086602379,0.000841991664719546,0.000513268355684277,0.000890450548650551,0.000705905502001542,0.00290546693715948,0.5048,0.3866,-0.1182,0.765847860538827,11000078,5000,500,FALSE,FALSE,"parametric_mc20",20
"G-Formula","Naive",0.451011775863337,0.454729933444373,0.00371815758103616,1.00824403658623,0.00219794974056282,-0.000213428418805555,0.0034836809471234,0.00610848752529733,0.0302263746148339,0.494,0.402,-0.092,0.813765182186235,11000079,500,5000,TRUE,TRUE,"parametric_mc20",20
"G-Formula","Proposed",0.507079149956864,0.415293223444024,-0.0917859265128399,0.818990927706951,0.00250529316374691,-1.56989263280728e-05,0.00351151529447354,0.00604820631087659,0.0202919165309429,0.494,0.402,-0.092,0.813765182186235,11000079,500,5000,TRUE,TRUE,"parametric_mc20",20
"IPW","Naive",0.537603879425362,0.506390953210948,-0.0312129262144136,0.941940660384042,0.00469818051386067,-0.000221381954674904,0.00591460203680046,0.0110555464600109,0.0363303769989949,0.494,0.402,-0.092,0.813765182186235,11000079,500,5000,TRUE,TRUE,"parametric_mc20",20
"IPW","Proposed",0.523305926303383,0.438355819257089,-0.0849501070462943,0.837666453261137,0.002127272608519,4.8857838885276e-05,0.00526701738861873,0.00729657431936718,0.0243851080444916,0.494,0.402,-0.092,0.813765182186235,11000079,500,5000,TRUE,TRUE,"parametric_mc20",20
"AIPW","Naive",0.450626778643901,0.454749926926544,0.00412314828264326,1.00914980750823,0.00219959726064651,-0.000214989296177811,0.00347735555204979,0.00610693140505192,0.0302923541556095,0.494,0.402,-0.092,0.813765182186235,11000079,500,5000,TRUE,TRUE,"parametric_mc20",20
"AIPW","Proposed",0.504020218819799,0.437832414936682,-0.0661878038831166,0.868680260410782,0.00243450290360511,-3.27114992385431e-06,0.00415244877971513,0.00659349398316795,0.0235998519114695,0.494,0.402,-0.092,0.813765182186235,11000079,500,5000,TRUE,TRUE,"parametric_mc20",20
"G-Formula","Naive",0.493027131949835,0.510758420748013,0.0177312887981788,1.03596412377561,0.0031687511593243,-1.78332357949861e-05,0.00330565627373464,0.00651007390464892,0.0277418779023865,0.494,0.402,-0.092,0.813765182186235,11000079,500,5000,FALSE,TRUE,"parametric_mc20",20
"G-Formula","Proposed",0.481195546883111,0.51250008584918,0.0313045389660697,1.06505575367196,0.00371214470662058,-7.67884159081887e-07,0.00305980139796682,0.00677348187290556,0.0314070905416081,0.494,0.402,-0.092,0.813765182186235,11000079,500,5000,FALSE,TRUE,"parametric_mc20",20
"IPW","Naive",0.537603879425362,0.506390953210948,-0.0312129262144136,0.941940660384042,0.00469818051386067,-0.000221381954674904,0.00591460203680046,0.0110555464600109,0.0363303769989949,0.494,0.402,-0.092,0.813765182186235,11000079,500,5000,FALSE,TRUE,"parametric_mc20",20
"IPW","Proposed",0.523305926303383,0.438355819257089,-0.0849501070462943,0.837666453261137,0.002127272608519,4.8857838885276e-05,0.00526701738861873,0.00729657431936718,0.0243851080444916,0.494,0.402,-0.092,0.813765182186235,11000079,500,5000,FALSE,TRUE,"parametric_mc20",20
"AIPW","Naive",0.506285161300742,0.504434297499819,-0.00185086380092303,0.99634422664854,0.00303202234067575,2.79372863472735e-05,0.00330584985489659,0.00628199762287779,0.0244224395947899,0.494,0.402,-0.092,0.813765182186235,11000079,500,5000,FALSE,TRUE,"parametric_mc20",20
"AIPW","Proposed",0.49840201705107,0.438506284801476,-0.059895732249594,0.87982445856864,0.0028717374671522,5.89553602402354e-06,0.00412455901912565,0.0069845054142298,0.0255114923272325,0.494,0.402,-0.092,0.813765182186235,11000079,500,5000,FALSE,TRUE,"parametric_mc20",20
"G-Formula","Naive",0.451011775863337,0.454729933444373,0.00371815758103616,1.00824403658623,0.00219794974056282,-0.000213428418805555,0.0034836809471234,0.00610848752529733,0.0302263746148339,0.494,0.402,-0.092,0.813765182186235,11000079,500,5000,TRUE,FALSE,"parametric_mc20",20
"G-Formula","Proposed",0.507079149956864,0.415293223444024,-0.0917859265128399,0.818990927706951,0.00250529316374691,-1.56989263280728e-05,0.00351151529447354,0.00604820631087659,0.0202919165309429,0.494,0.402,-0.092,0.813765182186235,11000079,500,5000,TRUE,FALSE,"parametric_mc20",20
"IPW","Naive",0.524205207259334,0.513332205844174,-0.0108730014151596,0.979258120170141,0.00481293026749523,-0.000368678896498967,0.00609798937404503,0.0116482774345382,0.0416148684561781,0.494,0.402,-0.092,0.813765182186235,11000079,500,5000,TRUE,FALSE,"parametric_mc20",20
"IPW","Proposed",0.500248570497408,0.513386257069837,0.0131376865724293,1.02626231707042,0.00282543126059974,7.0101029883856e-05,0.00342868280006373,0.00611391200089576,0.0250174531714919,0.494,0.402,-0.092,0.813765182186235,11000079,500,5000,TRUE,FALSE,"parametric_mc20",20
"AIPW","Naive",0.450635198782234,0.454656482067788,0.0040212832855549,1.00892358896159,0.00219734112337296,-0.000213446588831386,0.00348460701691411,0.00610884131794984,0.0302948685918695,0.494,0.402,-0.092,0.813765182186235,11000079,500,5000,TRUE,FALSE,"parametric_mc20",20
"AIPW","Proposed",0.503143424880421,0.414756965362524,-0.0883864595178974,0.824331482541179,0.00242087052762962,-1.61261343819343e-06,0.00358944613474825,0.00601354188925425,0.0206876244592015,0.494,0.402,-0.092,0.813765182186235,11000079,500,5000,TRUE,FALSE,"parametric_mc20",20
"G-Formula","Naive",0.493027131949835,0.510758420748013,0.0177312887981788,1.03596412377561,0.0031687511593243,-1.78332357949861e-05,0.00330565627373464,0.00651007390464892,0.0277418779023865,0.494,0.402,-0.092,0.813765182186235,11000079,500,5000,FALSE,FALSE,"parametric_mc20",20
"G-Formula","Proposed",0.481195546883111,0.51250008584918,0.0313045389660697,1.06505575367196,0.00371214470662058,-7.67884159081887e-07,0.00305980139796682,0.00677348187290556,0.0314070905416081,0.494,0.402,-0.092,0.813765182186235,11000079,500,5000,FALSE,FALSE,"parametric_mc20",20
"IPW","Naive",0.524205207259334,0.513332205844174,-0.0108730014151596,0.979258120170141,0.00481293026749523,-0.000368678896498967,0.00609798937404503,0.0116482774345382,0.0416148684561781,0.494,0.402,-0.092,0.813765182186235,11000079,500,5000,FALSE,FALSE,"parametric_mc20",20
"IPW","Proposed",0.500248570497408,0.513386257069837,0.0131376865724293,1.02626231707042,0.00282543126059974,7.0101029883856e-05,0.00342868280006373,0.00611391200089576,0.0250174531714919,0.494,0.402,-0.092,0.813765182186235,11000079,500,5000,FALSE,FALSE,"parametric_mc20",20
"AIPW","Naive",0.492649042494719,0.510639824204738,0.0179907817100189,1.03651845463642,0.00316534600249946,-1.7958734500909e-05,0.00330542306800122,0.0065066865395025,0.0277845942547864,0.494,0.402,-0.092,0.813765182186235,11000079,500,5000,FALSE,FALSE,"parametric_mc20",20
"AIPW","Proposed",0.475414603870256,0.512669235210587,0.0372546313403314,1.07836240417742,0.00369881973522961,2.02066887379462e-05,0.00308982719226006,0.00674823355001377,0.0325082192703323,0.494,0.402,-0.092,0.813765182186235,11000079,500,5000,FALSE,FALSE,"parametric_mc20",20
"G-Formula","Naive",0.469370591715207,0.421936280353293,-0.047434311361914,0.898940597900315,0.000221267218299539,-1.30831001307634e-05,0.000411623708053943,0.000659057126615009,0.00278677227574119,0.5034,0.3932,-0.1102,0.78108859753675,11000080,5000,5000,TRUE,TRUE,"parametric_mc20",20
"G-Formula","Proposed",0.522979135203989,0.395330827561141,-0.127648307642848,0.755920840717558,0.000217255495423721,-9.41457820801979e-06,0.000517966325426237,0.000754050977265998,0.00239972867348096,0.5034,0.3932,-0.1102,0.78108859753675,11000080,5000,5000,TRUE,TRUE,"parametric_mc20",20
"IPW","Naive",0.535727781942248,0.463711082811195,-0.0720166991310529,0.865572214922361,0.000455623948052188,-2.62407703650094e-05,0.000592237399870142,0.00110034288865235,0.00341118417597523,0.5034,0.3932,-0.1102,0.78108859753675,11000080,5000,5000,TRUE,TRUE,"parametric_mc20",20
"IPW","Proposed",0.525469194879467,0.400182217540483,-0.125286977338984,0.761571223280325,0.000260024919061198,4.19611109829501e-05,0.000622408294564094,0.000798510991659391,0.00256885791279128,0.5034,0.3932,-0.1102,0.78108859753675,11000080,5000,5000,TRUE,TRUE,"parametric_mc20",20
"AIPW","Naive",0.469382658080501,0.422086552379796,-0.0472961057007046,0.899237637167683,0.000221348262180014,-1.30638987674987e-05,0.000411825598454797,0.000659301658169808,0.00278825776282643,0.5034,0.3932,-0.1102,0.78108859753675,11000080,5000,5000,TRUE,TRUE,"parametric_mc20",20
"AIPW","Proposed",0.523576352809205,0.405276443568122,-0.118299909241083,0.774054140133804,0.00023066971309557,2.02165023341132e-05,0.00059631484830414,0.000786551556731484,0.00256527887884507,0.5034,0.3932,-0.1102,0.78108859753675,11000080,5000,5000,TRUE,TRUE,"parametric_mc20",20
"G-Formula","Naive",0.508459325610076,0.462910956570192,-0.0455483690398844,0.910418854083888,0.00025751772736085,-4.68892074522473e-06,0.000360256039836758,0.000627151608688057,0.00225211230149642,0.5034,0.3932,-0.1102,0.78108859753675,11000080,5000,5000,FALSE,TRUE,"parametric_mc20",20
"G-Formula","Proposed",0.509191573996658,0.461421506829297,-0.047770067167361,0.906184490068419,0.000259899667512557,-2.93152963767367e-06,0.000358329419336625,0.000624092146124529,0.00222567533086438,0.5034,0.3932,-0.1102,0.78108859753675,11000080,5000,5000,FALSE,TRUE,"parametric_mc20",20
"IPW","Naive",0.535727781942248,0.463711082811195,-0.0720166991310529,0.865572214922361,0.000455623948052188,-2.62407703650094e-05,0.000592237399870142,0.00110034288865235,0.00341118417597523,0.5034,0.3932,-0.1102,0.78108859753675,11000080,5000,5000,FALSE,TRUE,"parametric_mc20",20
"IPW","Proposed",0.525469194879467,0.400182217540483,-0.125286977338984,0.761571223280325,0.000260024919061198,4.19611109829501e-05,0.000622408294564094,0.000798510991659391,0.00256885791279128,0.5034,0.3932,-0.1102,0.78108859753675,11000080,5000,5000,FALSE,TRUE,"parametric_mc20",20
"AIPW","Naive",0.524266202965832,0.458518917996973,-0.0657472849688597,0.87459179211454,0.000246299068996831,-1.75961195824676e-06,0.000359934593593288,0.000609752886506612,0.00200618214362366,0.5034,0.3932,-0.1102,0.78108859753675,11000080,5000,5000,FALSE,TRUE,"parametric_mc20",20
"AIPW","Proposed",0.524074544851885,0.405356077724198,-0.118718467127687,0.77347026621711,0.000230540332066344,2.54911862206055e-05,0.00059624379448245,0.000775801754107583,0.00252948187634893,0.5034,0.3932,-0.1102,0.78108859753675,11000080,5000,5000,FALSE,TRUE,"parametric_mc20",20
"G-Formula","Naive",0.469370591715207,0.421936280353293,-0.047434311361914,0.898940597900315,0.000221267218299539,-1.30831001307634e-05,0.000411623708053943,0.000659057126615009,0.00278677227574119,0.5034,0.3932,-0.1102,0.78108859753675,11000080,5000,5000,TRUE,FALSE,"parametric_mc20",20
"G-Formula","Proposed",0.522979135203989,0.395330827561141,-0.127648307642848,0.755920840717558,0.000217255495423721,-9.41457820801979e-06,0.000517966325426237,0.000754050977265998,0.00239972867348096,0.5034,0.3932,-0.1102,0.78108859753675,11000080,5000,5000,TRUE,FALSE,"parametric_mc20",20
"IPW","Naive",0.520430165114592,0.467977232575737,-0.0524529325388555,0.899212351522118,0.000467358030958979,-3.90091544752974e-05,0.000603796173021989,0.00114917251293156,0.00388354579513012,0.5034,0.3932,-0.1102,0.78108859753675,11000080,5000,5000,TRUE,FALSE,"parametric_mc20",20
"IPW","Proposed",0.511313789451923,0.459071655561976,-0.0522421338899465,0.897827645239248,0.000327833874895012,5.97202448869363e-05,0.00041635603662312,0.000624749421744259,0.00219316176354208,0.5034,0.3932,-0.1102,0.78108859753675,11000080,5000,5000,TRUE,FALSE,"parametric_mc20",20
"AIPW","Naive",0.46942236046962,0.421937269006455,-0.047485091463165,0.898843567196799,0.000221309802089378,-1.31019109411066e-05,0.000411660788562024,0.000659174412533615,0.00278644883012742,0.5034,0.3932,-0.1102,0.78108859753675,11000080,5000,5000,TRUE,FALSE,"parametric_mc20",20
"AIPW","Proposed",0.52354060710953,0.395874070841308,-0.127666536268222,0.756147785798183,0.000230866814125722,2.03681111119561e-05,0.000557980448809754,0.000748111040711564,0.00240492782582279,0.5034,0.3932,-0.1102,0.78108859753675,11000080,5000,5000,TRUE,FALSE,"parametric_mc20",20
"G-Formula","Naive",0.508459325610076,0.462910956570192,-0.0455483690398844,0.910418854083888,0.00025751772736085,-4.68892074522473e-06,0.000360256039836758,0.000627151608688057,0.00225211230149642,0.5034,0.3932,-0.1102,0.78108859753675,11000080,5000,5000,FALSE,FALSE,"parametric_mc20",20
"G-Formula","Proposed",0.509191573996658,0.461421506829297,-0.047770067167361,0.906184490068419,0.000259899667512557,-2.93152963767367e-06,0.000358329419336625,0.000624092146124529,0.00222567533086438,0.5034,0.3932,-0.1102,0.78108859753675,11000080,5000,5000,FALSE,FALSE,"parametric_mc20",20
"IPW","Naive",0.520430165114592,0.467977232575737,-0.0524529325388555,0.899212351522118,0.000467358030958979,-3.90091544752974e-05,0.000603796173021989,0.00114917251293156,0.00388354579513012,0.5034,0.3932,-0.1102,0.78108859753675,11000080,5000,5000,FALSE,FALSE,"parametric_mc20",20
"IPW","Proposed",0.511313789451923,0.459071655561976,-0.0522421338899465,0.897827645239248,0.000327833874895012,5.97202448869363e-05,0.00041635603662312,0.000624749421744259,0.00219316176354208,0.5034,0.3932,-0.1102,0.78108859753675,11000080,5000,5000,FALSE,FALSE,"parametric_mc20",20
"AIPW","Naive",0.508511790909776,0.462921551841155,-0.0455902390686212,0.910345758183786,0.000257529811651131,-4.69688139953616e-06,0.000360240194933593,0.000627163769383796,0.00225154591724177,0.5034,0.3932,-0.1102,0.78108859753675,11000080,5000,5000,FALSE,FALSE,"parametric_mc20",20
"AIPW","Proposed",0.509845918806862,0.462237851881585,-0.0476080669252771,0.906622637998772,0.000302936905169184,3.61945558443222e-05,0.000394311820983109,0.000624859614463649,0.00222235619763884,0.5034,0.3932,-0.1102,0.78108859753675,11000080,5000,5000,FALSE,FALSE,"parametric_mc20",20
